unique_id,termék neve,leírás,termék típusa
20260915_101614-069,Koaxiális antenna csatlakozó,Televíziós vagy rádiós koaxiális kábel csatlakoztatásához használható szerelvény. Antennakábelek javításához és kiépítéséhez alkalmas.,Antenna csatlakozó
20260915_101614-006,Kanlux SUZI HR-60 csíptetős asztali lámpa,"Rugalmas nyakú, csíptetős lámpa íróasztalhoz, polchoz vagy éjjeliszekrényhez. E27-es, legfeljebb 60 W-os cserélhető fényforrással használható.",Asztali lámpa
20260915_101112-019,"Antracit ágmintás, áttört kaspó – kisebb bal hátsó változat, részben takarásban",,Dekoratív kaspó
20260915_101109-009,"Antracit ágmintás, áttört kaspó – nagy méret",,Dekoratív kaspó
20260915_101117-025,"Fehér magas, kúpos kaspó",,Dekoratív kaspó
20260915_101109-001,"Fehér ágmintás, áttört kaspó – kis méret",,Dekoratív kaspó
20260915_101112-012,"Fehér ágmintás, áttört kaspó – közepes méret, a bal-középső rakásban",,Dekoratív kaspó
20260915_101112-013,"Fehér ágmintás, áttört kaspó – nagy méret",,Dekoratív kaspó
20260915_101112-018,"Krém ágmintás, áttört kaspó – bal hátsó rakás, a méret bizonytalan",,Dekoratív kaspó
20260915_101109-002,"Krém ágmintás, áttört kaspó – kis méret",,Dekoratív kaspó
20260915_101109-006,"Krém ágmintás, áttört kaspó – nagy méret",,Dekoratív kaspó
20260915_101109-003,"Szürkés olívazöld ágmintás, áttört kaspó – kis méret",,Dekoratív kaspó
20260915_101109-007,"Szürkés olívazöld ágmintás, áttört kaspó – nagy méret",,Dekoratív kaspó
20260915_101109-004,"Szürkésbarna ágmintás, áttört kaspó – kis méret",,Dekoratív kaspó
20260915_101109-008,"Szürkésbarna ágmintás, áttört kaspó – nagy méret",,Dekoratív kaspó
20260915_101117-026,"Áttetsző sötétzöld magas, kúpos kaspó",,Dekoratív kaspó
20260915_101614-037,Süllyesztett földelt dugaljbetét,Falba süllyesztett kivitelű hálózati csatlakozóaljzat védőérintkezővel. Lakások és irodák szabványos villanyszerelvénye.,Dugaljbetét
20260915_101614-052,Fehér földelt dugvilla,Hálózati vezeték végére szerelhető védőérintkezős csatlakozódugó. Háztartási készülékek és hosszabbítók javításához vagy elkészítéséhez használható.,Dugvilla
20260915_101614-053,Fekete földelt dugvilla,"Földelt elektromos csatlakozódugó fekete kivitelben. Kábelek, gépek és hosszabbítók szereléséhez alkalmas.",Dugvilla
20260915_101614-033,Felületre szerelhető dupla dugalj,"Két készülék csatlakoztatását lehetővé tevő falon kívüli aljzat. Praktikus megoldás műhelyekben, tárolókban és mellékhelyiségekben.",Dupla dugalj
20260915_101614-036,Süllyesztett dupla kapcsolóbetét,Két külön világítási kör működtetésére alkalmas süllyesztett kapcsolómechanizmus. A megfelelő szerelvénykerettel és fedlappal építhető be.,Dupla kapcsolóbetét
20260915_101614-031,Felületre szerelhető dupla kapcsoló,"Két külön világítási kör vezérlésére alkalmas falon kívüli kapcsoló. Műhelyben, pincében és melléképületben is praktikus megoldás lehet.",Dupla villanykapcsoló
20260915_101614-025,E14 LED gyertyaizzó 5 W,"Keskeny, gyertya formájú LED fényforrás kis menetes foglalathoz. Csillárokhoz és kisebb búrájú lámpákhoz alkalmas.",E14 LED gyertyaizzó
20260915_101614-027,XQ-lite E14 LED izzó,"Kis menetes foglalathoz használható kompakt LED fényforrás. Éjjeli lámpákhoz, falikarokhoz és kisebb lámpatestekhez praktikus.",E14 LED izzó
20260915_101614-058,Fehér E14 műanyag lámpafoglalat,"Kis menetes E14 fényforrásokhoz használható kompakt foglalat. Kisebb asztali, fali és dekorlámpák szereléséhez alkalmas.",E14 lámpafoglalat
20260915_101614-015,"Commel E27 LED izzó 10,5 W",Közepes-nagy fényerejű LED izzó mindennapi otthoni világításhoz. A szabványos E27 foglalatba egyszerűen behelyezhető.,E27 LED izzó
20260915_101614-014,"Commel E27 LED izzó 12,5 W","Energiatakarékos LED fényforrás szabványos E27 foglalathoz. Jó választás mennyezeti, függesztett és állólámpákba.",E27 LED izzó
20260915_101614-013,"Commel E27 LED izzó 15,2 W","Nagy fényerejű, hagyományos E27 foglalatba csavarható LED fényforrás. Általános beltéri világításhoz és nagyobb fényigényű helyiségekhez ajánlható.",E27 LED izzó
20260915_101614-016,"Commel E27 LED izzó 7,5 W","Általános célú, alacsony fogyasztású LED fényforrás. Szobák, előterek és kisebb helyiségek lámpatesteiben használható.",E27 LED izzó
20260915_101614-026,XQ-lite E27 LED izzó,Szabványos nagy menetes foglalathoz készült LED fényforrás. Általános lakásvilágításhoz használható alacsony energiafogyasztással.,E27 LED izzó
20260915_101614-056,Fehér E27 műanyag lámpafoglalat,Nagy menetes E27 fényforrások fogadására szolgáló műanyag foglalat. Lámpák javításához vagy egyedi világítás kialakításához használható.,E27 lámpafoglalat
20260915_101614-057,Fekete E27 műanyag lámpafoglalat,"E27-es izzókhoz való fekete műanyag foglalat. Függesztékekhez, műhelylámpákhoz és javítási munkákhoz praktikus.",E27 lámpafoglalat
20260915_101047-006,Bézs texturált futószőnyeg – jobb felső tekercs,,Futószőnyeg / szőnyeg
20260915_101047-007,Geometriai mintás futószőnyeg – jobb felül részben látható,,Futószőnyeg / szőnyeg
20260915_101047-001,Piros-bézs csíkos futószőnyeg,,Futószőnyeg / szőnyeg
20260915_101047-002,Szürke melírozott futószőnyeg,,Futószőnyeg / szőnyeg
20260915_101047-004,Sötétszürke texturált futószőnyeg,,Futószőnyeg / szőnyeg
20260915_101047-005,Többszínű csíkos szövött futószőnyeg,,Futószőnyeg / szőnyeg
20260915_101047-003,Világosszürke finom mintás futószőnyeg,,Futószőnyeg / szőnyeg
20260915_101614-040,Forgógombos fényerő-szabályozó,A kompatibilis fényforrások fényerejének fokozatmentes beállítására szolgáló szerelvény. A forgógombbal a kívánt fényerő kényelmesen szabályozható.,Fényerő-szabályozó
20260915_101614-032,Felületre szerelhető földelt dugalj,"Falra szerelhető hálózati csatlakozóaljzat földelt készülékekhez. Olyan helyeken használható, ahol falon kívüli szerelés szükséges.",Földelt dugalj
20260915_101614-079,Agro-Largo Gyors Kelés fűmagkeverék 1 kg,Gyors kezdeti fejlődésre összeállított fűmagkeverék új gyep telepítéséhez vagy ritkult területek felülvetéséhez. A doboz jelölése szerint 1 kg körülbelül 35 négyzetméterre elegendő.,Fűmagkeverék
20260915_101614-078,Agro-Largo Happy Kids Selymes fűmagkeverék 1 kg,"Finom szálú, selymes tapintású gyep kialakításához összeállított fűmagkeverék. Egy kilogramm körülbelül 30–35 négyzetméter bevetésére elegendő.",Fűmagkeverék
20260915_101614-024,G9 halogén kapszulaizzó,"Kompakt, tüskés csatlakozású halogén fényforrás kisebb lámpatestekhez. Erős, közvetlen fényt ad kis méret mellett.",G9 halogén izzó
20260915_101614-022,Commel GU5.3 LED spotizzó,"Kéttüskés GU5.3 foglalathoz készült, irányított fényű LED spot. Mennyezeti és bútorvilágító lámpatestekben használható.",GU5.3 LED spotizzó
20260915_101106-001,Dunlop olívazöld magas gumicsizma,,Gumicsizma
20260915_101106-002,Fekete magas gumicsizma – bal oldalon részben takarásban,,Gumicsizma
20260915_101109-035,Olívazöld magas gumicsizma – bal oldalon részben látható,,Gumicsizma
20260915_101614-063,Karos gyorscsatlakozó,Több elektromos vezeték gyors és rendezett összekapcsolására alkalmas karos csatlakozó. Szereléskor a kötés könnyen nyitható és ellenőrizhető.,Gyorscsatlakozó
20260915_101051-009,Fehér gyümölcsszedő fej gyűjtőzsákkal,,Gyümölcsszedő
20260915_101614-023,E14 28 W halogén gyertyaizzó,"Átlátszó, gyertya formájú halogén fényforrás kis menetes E14 foglalathoz. Csillárokban és dekoratív lámpákban használható.",Halogén gyertyaizzó
20260915_101614-074,Fehér hálózati hosszabbító,"Feltekert, fehér kábelű hosszabbító a csatlakozási távolság megnöveléséhez. Háztartási és irodai készülékekhez használható a névleges terhelés betartásával.",Hosszabbító kábel
20260915_101614-075,Fekete hálózati hosszabbító,Fekete kábelű hosszabbító elektromos készülékek távolabbi aljzatról történő működtetéséhez. Műhelyben és háztartásban is használható.,Hosszabbító kábel
20260915_101614-072,Háromaljzatos kapcsolós elosztó,Három hálózati készülék csatlakoztatására alkalmas fehér elosztó közös főkapcsolóval. Otthoni és irodai használatra praktikus.,Hálózati elosztó
20260915_101614-073,Ötaljzatos kapcsolós elosztó,Több elektromos készülék egyidejű csatlakoztatását biztosító elosztó. A világító főkapcsolóval az összes aljzat egyszerre áramtalanítható.,Hálózati elosztó
20260915_101100-012,Sötét keskeny háromszög alakú kapa fa nyéllel,,Kapa
20260915_101100-013,Sötét lekerekített pengéjű kapa fa nyéllel,,Kapa
20260915_101100-011,Sötét széles háromszög alakú kapa fa nyéllel,,Kapa
20260915_101100-014,Sötét téglalap alakú pengéjű kapa fa nyéllel,,Kapa
20260915_101100-015,Zöld hegyes háromszög alakú kapa fa nyéllel,,Kapa
20260915_101100-017,Zöld kengyelkapa fa nyéllel,,Kapa
20260915_101100-018,Zöld kis ívelt pengéjű kapa fa nyéllel,,Kapa
20260915_101100-016,Zöld téglalap alakú pengéjű kapa fa nyéllel,,Kapa
20260915_101614-051,Energiatakarékos kapcsolóaljzat,A csatlakoztatott készülék áramellátásának egyszerű megszakítására használható adapter. Segíthet csökkenteni a készenléti fogyasztást.,Kapcsolható aljzatadapter
20260915_101614-035,Süllyesztett egypólusú kapcsolóbetét,Falba süllyesztett szerelvénydobozba építhető kapcsolómechanizmus. Egy világítási kör kézi kapcsolására szolgál.,Kapcsolóbetét
20260915_101051-012,"Kis természetes sörtéjű, fa hátlapos kefe",,Kefe / seprűfej
20260915_101051-008,Fekete fém kerti gereblye egyenes fogakkal,,Kerti gereblye
20260915_101051-007,Fekete keskeny drótfogú gereblye – jobb oldalon,,Kerti gereblye
20260915_101051-006,"Fekete széles, legyező alakú lombseprű",,Kerti gereblye
20260915_101051-001,Limezöld műanyag lombseprű,,Kerti gereblye
20260915_101051-004,Narancssárga műanyag lombseprű ívelt fogakkal,,Kerti gereblye
20260915_101051-002,"Narancssárga, hosszúkás műanyag legyezőgereblye",,Kerti gereblye
20260915_101100-020,Piros műanyag egyenes fogú gereblyefej – bal alsó részen,,Kerti gereblye
20260915_101100-021,Piros műanyag legyezőgereblye-fej – bal alsó részen,,Kerti gereblye
20260915_101051-003,Piros műanyag lombseprű ívelt fogakkal,,Kerti gereblye
20260915_101051-005,Sárga műanyag lombseprű,,Kerti gereblye
20260915_101038-005,Egyszínű szürke kerti locsolótömlő (a márka és a méret nem olvasható),,Kerti locsolótömlő
20260915_101038-002,RIVER Standard zöld erősített kerti locsolótömlő – 50 m (az átmérő nem olvasható),,Kerti locsolótömlő
20260915_101038-004,Szürke kerti locsolótömlő narancssárga csíkkal (a márka és a méret nem olvasható),,Kerti locsolótömlő
20260915_101038-003,Sárga kerti locsolótömlő – kis csomagolt tekercs (a márka és a méret nem olvasható),,Kerti locsolótömlő
20260915_101038-001,TRIFLEX sárga kerti locsolótömlő – 50 m (az átmérő nem olvasható),,Kerti locsolótömlő
20260915_101100-008,Fekete fém kerti villa – részben takarásban a kék villa mögött,,Kerti villa
20260915_101100-007,"Kék fém vasvilla hosszú, ívelt fogakkal",,Kerti villa
20260915_101614-059,Kerámia lámpafoglalat,"Hőálló kerámiából készült foglalat olyan lámpatestekhez, ahol magasabb hőterhelés fordulhat elő. A megfelelő foglalattípusú fényforrással használható.",Kerámia lámpafoglalat
20260915_101614-070,F típusú koaxiális csatlakozó,"Menetes csatlakozó koaxiális kábelekhez, például műholdas vagy kábeltelevíziós rendszerekben. A megfelelő kábelmérethez választva stabil kapcsolatot ad.",Koaxiális csatlakozó
20260915_101614-034,Kombinált kapcsoló és dugalj,Egy készülékházban egyesíti a világításkapcsolót és a hálózati aljzatot. Helytakarékos választás kisebb kiszolgálóhelyiségekbe.,Kombinált villanyszerelvény
20260915_101614-076,Fekete kábeldob,Hosszabbító kábel rendezett tárolását és gyors le- vagy felcsévélését segítő dob. Nagyobb távolságok áthidalásánál praktikus.,Kábeldob
20260915_101614-077,Sárga-fekete kábeldob,"Jól látható színű, felcsévélhető hosszabbító kültéri vagy műhelymunkákhoz. Használat előtt a terhelésnek megfelelően célszerű letekerni.",Kábeldob
20260915_101614-066,Műanyag kábelkötegelő,"Vezetékek és kisebb tárgyak gyors összefogására használható önzáró pánt. Villanyszerelésnél, műhelyben és háztartásban is praktikus.",Kábelrögzítő
20260915_101614-068,Szöges kábelrögzítő bilincs,"Kábelek falon, fa felületen vagy szegély mellett történő rögzítésére szolgáló apró bilincs. Segít rendezetten vezetni a vezetéket.",Kábelrögzítő
20260915_101614-064,Szigetelt kábelsaru,Vezetékvégek biztonságos és rendezett csatlakoztatásához használható krimpelhető saru. A szigetelés csökkenti a véletlen érintkezés kockázatát.,Kábelsaru
20260915_101614-071,Műanyag kábelátvezető,Kábelek dobozba vagy készülékházba történő rendezett bevezetésére szolgáló szerelvény. Védi a vezetéket a nyílás peremétől.,Kábelátvezető
20260915_101614-046,Kerek kötődoboz,Elektromos vezetékek kötési pontjainak elhelyezésére használható kerek szerelvénydoboz. Falon kívüli vagy süllyesztett kivitelben alkalmazható.,Kötődoboz
20260915_101614-045,Négyzetes kötődoboz,Vezetékek elágazásainak és kötéseinek rendezett elhelyezésére szolgáló műanyag doboz. A fedél védi a csatlakozásokat a közvetlen érintéstől.,Kötődoboz
20260915_101051-021,Kék sörtéjű seprűfej – részben takarásban a zöld seprűk mögött,,Kültéri seprű
20260915_101051-010,Széles fa hátlapos seprű hosszú zöld sörtékkel,,Kültéri seprű
20260915_101051-013,Természetes vesszőseprű – részben takarásban,,Kültéri seprű
20260915_101051-011,Téglalap alakú fa hátlapos seprű rövid zöld sörtékkel,,Kültéri seprű
20260915_101100-003,Fekete szögletes lapát fa nyéllel,,Lapát
20260915_101100-004,Fekete szögletes lapát kék nyéllel,,Lapát
20260915_101100-010,"Zöld széles, merítőkanál jellegű lapát megemelt oldalfalakkal",,Lapát
20260915_101100-009,Zöld szögletes lapát fa nyéllel,,Lapát
20260915_101614-020,Commel gyertya alakú LED izzó,"Karcsú, gyertya formájú LED izzó csillárokhoz, falikarokhoz és dekoratív lámpákhoz. Klasszikus megjelenést kínál korszerű, takarékos technológiával.",LED gyertyaizzó
20260915_101614-028,XQ-lite LED gyertyaizzó,Dekoratív gyertya formájú LED fényforrás csillárokhoz és falikarokhoz. Keskeny kialakítása kisebb burákban is jól használható.,LED gyertyaizzó
20260915_101614-018,Commel LED izzó 4 W,"Kompakt, energiatakarékos fényforrás kisebb lámpatestekhez. Dekorációs és tájékozódó világításhoz is használható.",LED izzó
20260915_101614-017,"Commel LED izzó 5,1 W","Kisebb teljesítményű LED fényforrás hangulat- vagy kiegészítő világításhoz. Olyan lámpatestekhez praktikus, ahol mérsékeltebb fényerő szükséges.",LED izzó
20260915_101614-002,Commel LED reflektor,"Kültéri és műhelyvilágításhoz használható, nagy felületet megvilágító LED-es fényvető. A dönthető konzol segíti a megfelelő világítási irány beállítását.",LED reflektor
20260915_101614-003,Optonica LED reflektor,"Energiatakarékos LED fényvető udvarok, bejáratok, garázsok és munkaterületek megvilágításához. Kompakt háza falra vagy tartószerkezetre szerelhető.",LED reflektor
20260915_101614-021,Commel reflektor LED izzó,"Irányított fényt adó LED fényforrás spot- és kiemelő világításhoz. Polcok, munkafelületek vagy kisebb területek célzott megvilágítására alkalmas.",LED reflektorizzó
20260915_101614-029,XQ-lite LED spotizzó,Irányított fényt biztosító kompakt LED fényforrás spotlámpákhoz. Kiemelő és munkafelület-világításhoz is alkalmazható.,LED spotizzó
20260915_101614-054,Fehér lengő dugalj,Vezeték végére szerelhető hordozható csatlakozóaljzat. Egyedi hosszabbító vagy javított hálózati kábel kialakításához használható.,Lengő dugalj
20260915_101614-055,Fekete lengő dugalj,Kábelvégre szerelhető fekete csatlakozóaljzat. Műhely- és háztartási hosszabbítókhoz egyaránt használható.,Lengő dugalj
20260915_101047-009,"Fekete téglalap alakú, sörtés lábtörlő – részben látható",,Lábtörlő
20260915_101614-019,Commel mini gömb LED izzó,"Kis méretű, gömb formájú LED fényforrás dekoratív lámpákhoz és kisebb burákhoz. Kompakt kialakítása szűkebb lámpatestekben is előnyös.",Mini gömb LED izzó
20260915_101614-049,Fali mozgásérzékelő,"A közelben történő mozgás alapján kapcsolhat világítást vagy más fogyasztót. Bejáratok, közlekedők és udvari lámpák automatizálására használható.",Mozgásérzékelő
20260915_101614-050,Mennyezeti mozgásérzékelő,Mennyezetre szerelhető érzékelő automatikus világításvezérléshez. Nagyobb belátási területe miatt közlekedőkben és helyiségekben is praktikus.,Mozgásérzékelő
20260915_101614-048,Mozgásérzékelős éjszakai fény,"Mozgás észlelésekor automatikusan felkapcsolódó tájékozódó lámpa. Sötét közlekedőkben, lépcsőknél és előszobákban segíti a biztonságos mozgást.",Mozgásérzékelős lámpa
20260915_101100-024,Fehér műanyag hálótekercs – a pontos felhasználás bizonytalan,,Műanyag háló
20260915_101106-021,10 kg-os műtrágyás zsák 1991–2021 magyar termék emblémával (a márka és az összetétel nem olvasható),,Műtrágya
20260915_101106-019,Green Max kerti nitrogénműtrágya – 5 kg,,Műtrágya
20260915_101106-020,"Green Max kerti nitrogénműtrágya – nagyobb zsák, a tömeg nem olvasható",,Műtrágya
20260915_101117-027,"Kerti műtrágya – 10 kg, virág- és zöldségmintával, valamint „MAGYAR 1931 ÓTA MŰTRÁGYA” emblémával (a termékcsalád és az összetétel részben takarásban)",,Műtrágya
20260915_101614-039,Nyomógombos csengőkapcsoló,Pillanatnyi érintkezésű nyomógomb csengő vagy más rövid vezérlőjel működtetéséhez. Elengedés után automatikusan visszaáll alaphelyzetbe.,Nyomógombos kapcsoló
20260915_101100-022,Zöld műanyag létra alakú növénytámaszok,,Növénytámasz / futtatórács
20260915_101117-039,"Csomagolt, vékony zöld növénytámasztó rudak – a vödörben (a felhasználás bizonytalan)",,Növénytámasz – bizonytalan azonosítás
20260915_101047-008,"Sötétzöld, feltekert, hálós textúrájú szőnyeg (a pontos anyag bizonytalan)",,Padlószőnyeg – bizonytalan azonosítás
20260915_101614-038,Redőnykapcsoló,Motoros redőny fel- és lemozgatásának vezérlésére szolgáló kapcsoló. A két irány külön kezelhető a szerelvényről.,Redőnyvezérlő kapcsoló
20260915_101614-041,Egyes szerelvénykeret,Egy kapcsoló- vagy dugaljbetét esztétikus körbefogására szolgáló keret. A kiválasztott szerelvénycsalád elemeivel használható.,Szerelvénykeret
20260915_101614-043,Hármas szerelvénykeret,Három süllyesztett szerelvény egységes sorolására szolgáló keret. Vízszintes vagy a típustól függően függőleges elrendezéshez használható.,Szerelvénykeret
20260915_101614-042,Kettes szerelvénykeret,"Két egymás mellé épített kapcsoló vagy dugalj közös kerete. Egységes, rendezett megjelenést ad a szerelvényeknek.",Szerelvénykeret
20260915_101614-005,Hordozható szerelőlámpa védőráccsal,Kézben tartható vagy felakasztható munkalámpa szereléshez és műhelymunkához. A védőrács óvja a fényforrást a véletlen ütődésektől.,Szerelőlámpa
20260915_101100-023,Natúr fa csere szerszámnyelek,,Szerszámnyél
20260915_101047-011,Zöld bevonatú csere szerszámrudak (a méretek nem olvashatók),,Szerszámnyél
20260915_101614-067,PVC villanyszerelő szalag,"Elektromos vezetékek szigeteléséhez, jelöléséhez és ideiglenes rögzítéséhez használható rugalmas szalag. Szerelési és javítási munkák alapvető kelléke.",Szigetelőszalag
20260915_101614-007,Napelemes dekorlámpa rácsmintás burával,"A mintás burán át hangulatos fényrajzot vetítő kültéri szolárlámpa. Kertben, teraszon vagy kerti út mellett dekorációként használható.",Szolár dekorlámpa
20260915_101614-010,Napelemes virágmintás dekorlámpa,Virágos díszítésű szolárlámpa kertek és teraszok esti hangulatvilágításához. Kábelezés nélkül telepíthető napos helyre.,Szolár dekorlámpa
20260915_101614-012,Napelemes fali lámpa,"Falra szerelhető, napenergiával működő kültéri lámpa bejáratok és melléképületek környékére. Hálózati bekötés nélkül biztosít tájékozódó fényt.",Szolár fali lámpa
20260915_101614-009,Napelemes lánghatású fáklya,Lobogó lángot idéző fénye dekoratív hangulatot teremt nyílt láng használata nélkül. Leszúrható kivitele miatt könnyen elhelyezhető a kertben.,Szolár fáklya
20260915_101614-011,Leszúrható napelemes kerti lámpa,"Kerti utak, ágyások és bejárók jelzőfényeként használható. A leszúrható szár gyors, vezeték nélküli elhelyezést tesz lehetővé.",Szolár kerti lámpa
20260915_101614-008,Napelemes hengeres kerti lámpa,"Hengeres kialakítású kültéri fény, amely napközben feltöltődik, majd este hangulatvilágítást ad. Terasz, járda vagy növényágyás közelében használható.",Szolár kerti lámpa
20260915_101614-004,Napelemes házszám-megvilágító lámpa,"Nappal napenergiával töltődik, sötétedés után pedig megvilágítja a házszámot. Olyan helyen is használható, ahol nincs kiépített hálózati vezeték.",Szolár kültéri lámpa
20260915_101051-016,Ezüstszínű teleszkópos szerszámnyél fekete rögzítőgyűrűkkel,,Teleszkópos szerszámnyél
20260915_101112-001,"Fekete, szellőzőnyílásos téglalap alakú műanyag rekesz – bal oldali rakás, széles tömör sarokpanelekkel",,Tároló- / rekeszláda
20260915_101112-003,"Fekete, szellőzőnyílásos téglalap alakú műanyag rekesz – jobb oldali rakás, megerősített bordázott oldalfalakkal",,Tároló- / rekeszláda
20260915_101112-002,"Fekete, szellőzőnyílásos téglalap alakú műanyag rekesz – középső rakás, keskeny rácsnyílásokkal",,Tároló- / rekeszláda
20260915_101614-044,Villanyszerelvény vakfedél,Használaton kívüli szerelvényhely vagy kötődoboz kulturált lezárására alkalmas fedél. Segít eltakarni és védeni a mögötte lévő részt.,Vakfedél
20260915_101614-062,Csavaros sorkapocs,"Vezetékek oldható, csavaros összekötésére szolgáló villanyszerelési segédanyag. A sor igény szerint rövidebb egységekre vágható.",Vezeték-összekötő
20260915_101614-030,Felületre szerelhető egypólusú kapcsoló,"Falra szerelhető villanykapcsoló olyan helyekre, ahol a vezeték és a szerelvény nincs a falba süllyesztve. Egy világítási kör egyszerű vezérlésére használható.",Villanykapcsoló
20260915_101109-021,Antracit függőlegesen bordázott kerek virágcserép – kis méret,,Virágcserép
20260915_101109-011,Antracit függőlegesen bordázott kerek virágcserép – nagy méret,,Virágcserép
20260915_101109-023,Antracit sima kerek virágcserép visszahajtott peremmel,,Virágcserép
20260915_101106-018,Barna sima kerek virágcserép – jobb felül részben látható,,Virágcserép
20260915_101109-022,Fehér függőlegesen bordázott kerek virágcserép – kis méret,,Virágcserép
20260915_101109-014,Fehér függőlegesen bordázott kerek virágcserép – közepes méret,,Virágcserép
20260915_101109-013,Fehér függőlegesen bordázott kerek virágcserép – nagy méret,,Virágcserép
20260915_101106-014,Fehér függőlegesen bordázott virágcserép – kisebb látható méret a felső polcon,,Virágcserép
20260915_101106-013,Fehér függőlegesen bordázott virágcserép – nagyobb látható méret a felső polcon,,Virágcserép
20260915_101106-007,Fehér kerek virágcserép – kis méret,,Virágcserép
20260915_101106-006,Fehér kerek virágcserép – közepes méret,,Virágcserép
20260915_101106-005,Fehér áttetsző kerek virágcserép – nagy méret,,Virágcserép
20260915_101109-016,Kék függőlegesen bordázott kerek virágcserép – kis méret,,Virágcserép
20260915_101109-015,Kék függőlegesen bordázott kerek virágcserép – közepes méret,,Virágcserép
20260915_101109-012,Kék függőlegesen bordázott kerek virágcserép – nagy méret,,Virágcserép
20260915_101106-012,Kék függőlegesen bordázott virágcserép – a felső polcon részben kilóg a képből,,Virágcserép
20260915_101106-003,"Nagy fehér, vízszintesen texturált kerek kaspó fekete belsővel",,Virágcserép
20260915_101106-004,"Nagy szürke, vízszintesen texturált kerek kaspó fekete belsővel",,Virágcserép
20260915_101109-024,Szürkésbarna sima kerek virágcserép visszahajtott peremmel,,Virágcserép
20260915_101106-015,Sötét antracit függőlegesen bordázott virágcserép – a felső polcon részben kilóg a képből,,Virágcserép
20260915_101106-017,Sötét antracit sima kerek virágcserép – jobb felül részben kilóg a képből,,Virágcserép
20260915_101109-025,Sötétbarna sima kerek virágcserép – jobb hátul,,Virágcserép
20260915_101109-020,Világosszürke függőlegesen bordázott kerek virágcserép – kis méret,,Virágcserép
20260915_101109-019,Világosszürke függőlegesen bordázott kerek virágcserép – közepes méret,,Virágcserép
20260915_101109-018,Zöld függőlegesen bordázott kerek virágcserép – kis méret,,Virágcserép
20260915_101109-017,Zöld függőlegesen bordázott kerek virágcserép – közepes méret,,Virágcserép
20260915_101106-016,Zöld függőlegesen bordázott virágcserép – a felső polcon részben kilóg a képből,,Virágcserép
20260915_101109-010,"Fekete sima, hengeres virágcserép-betét – bal felül",,Virágcserép / betét
20260915_101112-021,"Fekete sima, kerek, kúpos virágcserép / betét – elöl balra",,Virágcserép / betét
20260915_101117-003,Antracit kerek virágcserép-alátét – kis méret,,Virágcserép-alátét
20260915_101117-002,Antracit kerek virágcserép-alátét – közepes méret,,Virágcserép-alátét
20260915_101117-001,Antracit kerek virágcserép-alátét – nagy méret,,Virágcserép-alátét
20260915_101117-018,Antracit négyzetes virágcserép-alátét lekerekített sarkokkal – kis méret,,Virágcserép-alátét
20260915_101117-015,Antracit négyzetes virágcserép-alátét lekerekített sarkokkal – közepes méret,,Virágcserép-alátét
20260915_101117-012,Antracit négyzetes virágcserép-alátét lekerekített sarkokkal – nagy méret,,Virágcserép-alátét
20260915_101117-008,Fehér kerek virágcserép-alátét – kis méret,,Virágcserép-alátét
20260915_101117-007,Fehér kerek virágcserép-alátét – nagy méret,,Virágcserép-alátét
20260915_101117-006,Szürkésbarna kerek virágcserép-alátét – kis méret,,Virágcserép-alátét
20260915_101117-005,Szürkésbarna kerek virágcserép-alátét – közepes méret,,Virágcserép-alátét
20260915_101117-004,Szürkésbarna kerek virágcserép-alátét – nagy méret,,Virágcserép-alátét
20260915_101117-020,Szürkésbarna négyzetes virágcserép-alátét lekerekített sarkokkal – kis méret,,Virágcserép-alátét
20260915_101117-017,Szürkésbarna négyzetes virágcserép-alátét lekerekített sarkokkal – közepes méret,,Virágcserép-alátét
20260915_101117-014,Szürkésbarna négyzetes virágcserép-alátét lekerekített sarkokkal – nagy méret,,Virágcserép-alátét
20260915_101117-011,Sötétbarna kerek virágcserép-alátét – kis méret,,Virágcserép-alátét
20260915_101117-010,Sötétbarna kerek virágcserép-alátét – közepes méret,,Virágcserép-alátét
20260915_101117-009,Sötétbarna kerek virágcserép-alátét – nagy méret,,Virágcserép-alátét
20260915_101117-019,Terrakotta színű négyzetes virágcserép-alátét lekerekített sarkokkal – kis méret,,Virágcserép-alátét
20260915_101117-016,Terrakotta színű négyzetes virágcserép-alátét lekerekített sarkokkal – közepes méret,,Virágcserép-alátét
20260915_101117-013,Terrakotta színű négyzetes virágcserép-alátét lekerekített sarkokkal – nagy méret,,Virágcserép-alátét
20260915_101106-029,"Horganyzott vödör drótfüllel – kis méret, előtérben",,Vödör
20260915_101106-028,Horganyzott vödör drótfüllel – közepes méret,,Vödör
20260915_101106-027,Horganyzott vödör drótfüllel – nagy méret,,Vödör
20260915_101117-036,Narancssárga műanyag vödör drótfüllel,,Vödör
20260915_101614-060,Fehér zsinórkapcsoló,Lámpakábelbe iktatható kézi kapcsoló fehér kivitelben. Asztali és állólámpák egyszerű ki- és bekapcsolására szolgál.,Zsinórkapcsoló
20260915_101614-061,Fekete zsinórkapcsoló,"Fekete színű, lámpavezetékbe szerelhető kapcsoló. Javításhoz vagy egyedi lámpakábel összeállításához használható.",Zsinórkapcsoló
20260915_101117-029,"Fekete, virág- és zöldségmintás kertészeti termékzsák – „5” jelöléssel (a mértékegység és a pontos tartalom nem olvasható)",,Zsákos kertészeti termék – bizonytalan azonosítás
20260915_101117-031,Kék-fehér kertészeti termékzsák levélgrafikával (a pontos tartalom nem olvasható),,Zsákos kertészeti termék – bizonytalan azonosítás
20260915_101117-030,"Zöld, gyepmintás kertészeti termékzsák világosbarna hátoldallal (a pontos tartalom nem olvasható)",,Zsákos kertészeti termék – bizonytalan azonosítás
20260915_101100-001,Ezüstszínű hegyes ásó fa nyéllel,,Ásó
20260915_101100-002,Fekete hegyes ásó fa nyéllel,,Ásó
20260915_101100-005,"Fekete keskeny, lekerekített ásó narancssárga D-markolattal",,Ásó
20260915_101100-006,"Klasszikus hosszú, keskeny, lekerekített ásó – a címke látható",,Ásó
20260915_101106-011,"Átlátszó műanyag virágcserép – keskeny, legkisebb látható méret",,Átlátszó virágcserép
20260915_101106-010,Átlátszó műanyag virágcserép – kis méret,,Átlátszó virágcserép
20260915_101106-009,Átlátszó műanyag virágcserép – közepes méret,,Átlátszó virágcserép
20260915_101106-008,Átlátszó műanyag virágcserép – nagy méret,,Átlátszó virágcserép
20260915_101614-047,Dugaszolható LED éjszakai fény,"Közvetlenül a fali aljzatba csatlakoztatható kis fogyasztású tájékozódó fény. Folyosón, gyerekszobában vagy hálóban lehet hasznos.",Éjszakai fény
20260915_101614-065,Érvéghüvely készlet,"Sodrott vezetékek végének megerősítésére szolgáló, krimpelhető hüvelyek. Segítségükkel rendezettebb és megbízhatóbb csavaros bekötés készíthető.",Érvéghüvely
20260915_101117-032,Horganyzott fém öntözőkanna felső és hátsó fogantyúval – bal oldalon részben látható,,Öntözőkanna
20260915_101106-024,Horganyzott nyitott tetejű öntözőkanna – kis méret,,Öntözőkanna
20260915_101106-023,Horganyzott nyitott tetejű öntözőkanna – közepes méret,,Öntözőkanna
20260915_101106-022,Horganyzott nyitott tetejű öntözőkanna – nagy méret,,Öntözőkanna
20260915_101106-025,Horganyzott öntözőkanna fedett vállrésszel és felső fogantyúval,,Öntözőkanna
20260915_101112-006,Limezöld műanyag öntözőkanna hozzáillő szórófejjel,,Öntözőkanna
20260915_101106-026,"Matt horganyzott, hengeres öntözőkanna nyitott felső résszel",,Öntözőkanna
20260915_101112-007,Narancssárga műanyag öntözőkanna hozzáillő szórófejjel,,Öntözőkanna
20260915_101112-005,Piros műanyag öntözőkanna hozzáillő szórófejjel,,Öntözőkanna
20260915_101112-010,Szürke bordázott műanyag öntözőkanna – jobb oldalon részben látható,,Öntözőkanna
20260915_101112-004,Sárga műanyag öntözőkanna hozzáillő szórófejjel,,Öntözőkanna
20260915_101112-008,Sötétzöld bordázott műanyag öntözőkanna fekete szórófejjel,,Öntözőkanna
20260915_101117-038,Zöld bordázott műanyag öntözőkanna lépcsőzetes kialakítású kiöntőcsővel – jobb oldali változat,,Öntözőkanna
20260915_101855-001,Jar kézi mosogatószer – zöld változat,"Fehér flakonos Jar mosogatószer, zöldes címkével; a pontos illatváltozat a fotó alapján nem teljesen olvasható.",mosogatószer
20260915_101855-002,Jar kézi mosogatószer – piros változat,"Fehér flakonos Jar mosogatószer, pirosas címkével; a pontos illatváltozat a fotó alapján nem teljesen olvasható.",mosogatószer
20260915_101855-003,Floren tisztítószer – piros változat,Floren márkájú piros folyékony tisztítószer/flakonos háztartási szer.,háztartási tisztítószer
20260915_101855-004,Floren tisztítószer – narancs változat,Floren márkájú narancsszínű folyékony tisztítószer/flakonos háztartási szer.,háztartási tisztítószer
20260915_101855-005,HG tisztítószer,HG márkájú fehér flakonos tisztítószer; a pontos típus nem olvasható ki biztosan.,háztartási tisztítószer
20260915_101855-006,Cif tisztítószer spray,Cif márkájú szórófejes felülettisztító spray.,felülettisztító
20260915_101855-007,Well Done kerámialap tisztító,"Fekete flakonos Well Done tisztítószer, a címkén a „kerámialap tisztító” felirat látható.",konyhai tisztítószer
20260915_101855-008,Power Foam tisztítóhab,"Rózsaszín flakonos, szórófejes tisztítóhab; a „Power Foam” felirat részben olvasható.",tisztítóhab
20260915_101855-009,Lila fürdőszobai tisztítószer spray,"Lila flakonos, szórófejes fürdőszobai/általános tisztítószer; a márka nem olvasható ki egyértelműen.",fürdőszobai tisztítószer
20260915_101855-010,Narancs címkés felülettisztító spray,"Fehér flakonos, szórófejes tisztítószer narancs címkével; pontos márka és típus nem egyértelmű.",felülettisztító
20260915_101855-011,Zöld címkés felülettisztító spray,"Fehér flakonos, szórófejes tisztítószer zöld címkével; pontos márka és típus nem egyértelmű.",felülettisztító
20260915_101855-012,Piros szórófejes általános tisztítószer,"Fehér flakonos, piros szórófejű tisztítószer; a címke nem olvasható teljesen.",általános tisztítószer
20260915_101855-013,Kék palackos tisztítószer,Világoskék flakonos háztartási tisztítószer a polc jobb oldalán; pontos típus nem biztos.,háztartási tisztítószer
20260915_101855-014,Window Plus ablaktisztító,"Kék flakonos, szórófejes Window Plus ablak- és üvegtisztító.",ablaktisztító
20260915_101855-015,Clin ablaktisztító,"Kék flakonos, szórófejes Clin ablak- és üvegtisztító.",ablaktisztító
20260915_101855-016,Din narancs szórófejes tisztítószer,Narancsszínű Din márkájú szórófejes tisztítószer; valószínűleg zsíroldó vagy általános tisztító.,zsíroldó
20260915_101855-017,Din fehér-kék tisztítószer,Fehér flakonos Din tisztítószer kékes címkével; pontos típusa nem olvasható biztosan.,háztartási tisztítószer
20260915_101855-018,Cif súrolókrém – citrom,"Sárga flakonos Cif súrolókrém, citromos változatnak tűnik.",súrolókrém
20260915_101855-019,Sanytol fertőtlenítő felülettisztító – nagy flakon,"Türkiz színű Sanytol flakon, fertőtlenítő felület- vagy padlótisztító.",fertőtlenítő tisztítószer
20260915_101855-020,Sanytol fertőtlenítő spray,"Türkiz színű, szórófejes Sanytol tisztítószer.",fertőtlenítő spray
20260915_101855-021,Sanytol fehér-zöld spray,Fehér/zöld Sanytol vagy hasonló fertőtlenítő/fürdőszobai tisztító spray.,fertőtlenítő tisztítószer
20260915_101855-022,Piros flakonos WC-/fürdőszobai tisztítószer,"Karcsú, piros flakonos tisztítószer a középső polc jobb oldalán.",WC-/fürdőszobai tisztítószer
20260915_101855-023,Világos kék flakonos tisztítószer,"Világoskék flakonos, kupakos háztartási tisztítószer; a márka nem egyértelmű.",háztartási tisztítószer
20260915_101855-024,Desztillált víz,Áttetsző műanyag palackban árult desztillált víz.,desztillált víz
20260915_101855-025,Fresh lila spray,Lila szórófejes Fresh márkájú vagy hasonló általános tisztítószer.,általános tisztítószer
20260915_101855-026,Fresh piros spray,Piros szórófejes Fresh márkájú vagy hasonló általános tisztítószer.,általános tisztítószer
20260915_101855-027,Fresh barna/borostyán spray,Borostyánszínű folyadékot tartalmazó szórófejes tisztítószer.,általános tisztítószer
20260915_101855-028,Fresh kék spray,"Kék folyadékos, szórófejes tisztítószer/ablaktisztító.",ablaktisztító
20260915_101855-029,Vit tisztítószer,"A dobozban álló, sárga címkés Vit márkájú tisztítószer flakon.",háztartási tisztítószer
20260915_101855-030,OXI tisztítószeres vödör,Lila-fehér OXI feliratú műanyag vödrös tisztító- vagy folttisztító termék.,folttisztító
20260915_101855-031,Nedves törlőkendő / takarítókendő csomag,A polc jobb alsó részén több csomagolt takarító- vagy törlőkendő látható.,törlőkendő
20260915_101855-032,"Hypo / fehérítő – fehér flakon, kék kupak","Fehér flakonos, kék kupakos tisztítószer vagy fehérítő; a márka nem olvasható.",fehérítő
20260915_101855-033,Fekete kanna lefolyótisztító,"Sötét, kannás kiszerelésű vegyszer; valószínűleg lefolyótisztító vagy erős tisztítószer.",lefolyótisztító
20260915_101855-034,Zöld flakonos fertőtlenítő tisztítószer,"Zöld színű, keresztet ábrázoló címkés tisztítószer.",fertőtlenítő tisztítószer
20260915_101855-035,Zöld kézi mosogatószer,Zöld flakonos kézi mosogatószer a legalsó polcon.,mosogatószer
20260915_101855-036,Narancs flakonos padló-/általános tisztítószer,"Nagyobb, narancsszínű flakonos tisztítószer az alsó polcon.",padlótisztító
20260915_101855-037,Szivacs vagy súrolóeszköz csomag,Csomagolt súroló- vagy tisztítószivacs a jobb alsó polcon.,tisztítóeszköz
20260915_101855-038,Folyékony szappan / kézfertőtlenítő pumpás kiszerelés,Pumpás flakonok a felső polc bal hátsó részén; pontos terméknevek nem olvashatók.,folyékony szappan
20260915_101119-001,Fehér áttört dekoratív kaspó,,Dekoratív kaspó
20260915_101119-002,Krém áttört dekoratív kaspó,,Dekoratív kaspó
20260915_101119-003,Fekete áttört dekoratív kaspó – részben látható,,Dekoratív kaspó
20260915_101119-004,Fekete kéregmintás kerek virágcserép – nagy,,Virágcserép
20260915_101119-005,Fekete kéregmintás kerek virágcserép – közepes,,Virágcserép
20260915_101119-006,Fekete kéregmintás kerek virágcserép – kicsi,,Virágcserép
20260915_101119-007,Szürke kéregmintás kerek virágcserép – nagy,,Virágcserép
20260915_101119-008,Szürke kéregmintás kerek virágcserép – kicsi,,Virágcserép
20260915_101119-009,Fehér lekerekített tál alakú virágcserép,,Virágcserép
20260915_101119-010,Bézs lekerekített virágcserép – nagy csomagolt kivitel,,Virágcserép
20260915_101119-011,Bézs lekerekített virágcserép – kicsi csomagolt kivitel,,Virágcserép
20260915_101119-012,Krém lekerekített virágcserép széles peremmel,,Virágcserép
20260915_101119-013,Terrakotta színű fali virágcserép lapos hátú – nagy,,Fali virágtartó
20260915_101119-014,Terrakotta színű fali virágcserép lapos hátú – kicsi,,Fali virágtartó
20260915_101119-015,Szürkésbarna bordázott akasztófüles fali virágcserép,,Fali virágtartó
20260915_101119-016,Terrakotta színű bordázott kerek virágcserép – nagy,,Virágcserép
20260915_101119-017,Terrakotta színű bordázott kerek virágcserép – kicsi,,Virágcserép
20260915_101119-018,Szürkésbarna bordázott kerek virágcserép – kicsi,,Virágcserép
20260915_101119-019,Antracit sima kerek virágcserép – nagy,,Virágcserép
20260915_101119-020,Szürkésbarna sima kerek virágcserép – nagy,,Virágcserép
20260915_101119-021,Antracit sima kerek virágcserép – közepes,,Virágcserép
20260915_101119-022,Szürkésbarna sima kerek virágcserép – közepes,,Virágcserép
20260915_101119-023,Antracit sima kerek virágcserép – kicsi,,Virágcserép
20260915_101119-024,Szürkésbarna sima kerek virágcserép – kicsi,,Virágcserép
20260915_101119-025,Fehér sima kerek virágcserép – nagy,,Virágcserép
20260915_101119-026,Fehér sima kerek virágcserép – kicsi,,Virágcserép
20260915_101119-027,Világosszürke sima kerek virágcserép – részben takarásban,,Virágcserép
20260915_101119-028,Sötétbarna bordázott kerek virágcserép – nagy,,Virágcserép
20260915_101119-029,Sötétbarna bordázott kerek virágcserép – közepes,,Virágcserép
20260915_101119-030,Sötétbarna bordázott magas keskeny virágcserép,,Virágcserép
20260915_101119-031,Fekete magas kerek virágcserép – hátsó jobb,,Virágcserép
20260915_101119-032,Átlátszó kerek műanyag virágcserepek – az alsó szélen a méretek nem láthatók,,Átlátszó virágcserép
20260915_101119-033,Fehér keskeny kúpos virágcserép – alsó szél,,Virágcserép
20260915_101119-034,Áttetsző sötétzöld magas kúpos virágcserép kaspó,,Dekoratív kaspó
20260915_101119-035,Antracit lekerekített sarkú négyzetes cserépalátét,,Cserépalátét
20260915_101119-036,Terrakotta színű lekerekített sarkú négyzetes cserépalátét,,Cserépalátét
20260915_101121-001,Fekete szellőzőnyílásos műanyag rekesz – részben látható a bal felső részen,,Tároló-/zöldséges rekesz
20260915_101121-002,Ezüstszürke hengeres locsolókanna hosszú csőrrel és formázott fogantyúval,,Locsolókanna
20260915_101121-003,Zöld bordázott műanyag locsolókanna fekete szórófejjel,,Locsolókanna
20260915_101121-004,Zöld bordázott műanyag locsolókanna lépcsős kialakítású csőrrel – alsó polc,,Locsolókanna
20260915_101121-005,Horganyzott fém locsolókanna ívelt fém fogantyúval,,Locsolókanna
20260915_101121-006,Fehér nyeregalakú korládláda – kisebb látható méret,,Korládláda
20260915_101121-007,Fehér nyeregalakú korládláda – nagyobb látható méret,,Korládláda
20260915_101121-008,Szürkésbarna nyeregalakú korládláda,,Korládláda
20260915_101121-009,Terrakotta színű nyeregalakú korládláda – részben takarásban,,Korládláda
20260915_101121-010,Fehér áttört kaspó – alsó szél,,Dekoratív kaspó
20260915_101121-011,Fekete kéregmintás kerek virágcserép – nagy,,Virágcserép
20260915_101121-012,Fekete kéregmintás kerek virágcserép – kicsi,,Virágcserép
20260915_101121-013,Szürke kéregmintás kerek virágcserép – részben látható az alsó szélen,,Virágcserép
20260915_101121-014,Fehér kicsi sima kerek virágcserép,,Virágcserép
20260915_101121-015,Antracit sima kerek virágcserép – alsó szél,,Virágcserép
20260915_101121-016,Bézs lekerekített virágcserép – részben látható az alsó szélen,,Virágcserép
20260915_101121-017,Terrakotta színű lapos hátú fali virágcserép,,Fali virágtartó
20260915_101121-018,Szürkésbarna bordázott akasztófüles fali virágcserép,,Fali virágtartó
20260915_101121-019,Terrakotta színű bordázott kerek virágcserép,,Virágcserép
20260915_101121-020,Fehér lekerekített virágcserép – részben látható a jobb alsó részen,,Virágcserép
20260915_101125-001,Sötétbarna kerek műanyag virágcserép – nagy,,Virágcserép
20260915_101125-002,Sötétbarna kerek műanyag virágcserép – közepes,,Virágcserép
20260915_101125-003,Sötétbarna kerek műanyag virágcserép – kicsi,,Virágcserép
20260915_101125-004,Sötétbarna magas keskeny műanyag virágcserép,,Virágcserép
20260915_101125-005,Fehér kerek műanyag virágcserép – extra nagy,,Virágcserép
20260915_101125-006,Fehér kerek műanyag virágcserép – nagy,,Virágcserép
20260915_101125-007,Fehér kerek műanyag virágcserép – közepes,,Virágcserép
20260915_101125-008,Fehér kerek műanyag virágcserép – kicsi,,Virágcserép
20260915_101125-009,Fehér kerek műanyag virágcserép – legkisebb látható méret,,Virágcserép
20260915_101125-010,Terrakotta színű kerek virágcserép – részben látható a jobb szélen,,Virágcserép
20260915_101125-011,Antracit kerek virágcserép – hátsó felső polc,,Virágcserép
20260915_101125-012,Világosszürke kerek virágcserép – részben takarásban hátsó felső polc,,Virágcserép
20260915_101125-013,Antracit lekerekített sarkú négyzetes cserépalátét – extra nagy,,Cserépalátét
20260915_101125-014,Terrakotta színű lekerekített sarkú négyzetes cserépalátét – extra nagy,,Cserépalátét
20260915_101125-015,Szürkésbarna lekerekített sarkú négyzetes cserépalátét – extra nagy,,Cserépalátét
20260915_101125-016,Antracit lekerekített sarkú négyzetes cserépalátét – nagy,,Cserépalátét
20260915_101125-017,Terrakotta színű lekerekített sarkú négyzetes cserépalátét – nagy,,Cserépalátét
20260915_101125-018,Szürkésbarna lekerekített sarkú négyzetes cserépalátét – nagy,,Cserépalátét
20260915_101125-019,Antracit lekerekített sarkú négyzetes cserépalátét – közepes,,Cserépalátét
20260915_101125-020,Terrakotta színű lekerekített sarkú négyzetes cserépalátét – közepes,,Cserépalátét
20260915_101125-021,Szürkésbarna lekerekített sarkú négyzetes cserépalátét – közepes,,Cserépalátét
20260915_101125-022,Antracit lekerekített sarkú négyzetes cserépalátét – kicsi,,Cserépalátét
20260915_101125-023,Terrakotta színű lekerekített sarkú négyzetes cserépalátét – kicsi,,Cserépalátét
20260915_101125-024,Szürkésbarna lekerekített sarkú négyzetes cserépalátét – kicsi,,Cserépalátét
20260915_101125-025,Sötétbarna kerek cserépalátét – nagy,,Cserépalátét
20260915_101125-026,Sötétbarna kerek cserépalátét – közepes,,Cserépalátét
20260915_101125-027,Sötétbarna kerek cserépalátét – kicsi,,Cserépalátét
20260915_101125-028,Sötétbarna kerek cserépalátét – legkisebb látható méret,,Cserépalátét
20260915_101125-029,Fehér kerek cserépalátét – nagy,,Cserépalátét
20260915_101125-030,Fehér kerek cserépalátét – közepes,,Cserépalátét
20260915_101125-031,Fehér kerek cserépalátét – kicsi,,Cserépalátét
20260915_101125-032,Fehér kerek cserépalátét – legkisebb látható méret,,Cserépalátét
20260915_101125-033,Zöld bordázott műanyag locsolókanna – hosszú csőrű kivitel,,Locsolókanna
20260915_101125-034,Zöld bordázott műanyag locsolókanna – lépcsős csőrű kivitel,,Locsolókanna
20260915_101125-035,Horganyzott fém locsolókanna felső és hátsó fogantyúval,,Locsolókanna
20260915_101125-036,Bige kerti műtrágya – 5 kg (az összetétel nem olvasható),,Műtrágya
20260915_101125-037,Virág- és zöldségmintás kertészeti termékzsák – 5 kg (a tartalom nem olvasható),,Zsákos kertészeti termék – bizonytalan azonosítás
20260915_101127-001,Szürkésbarna fényes akasztófüles lapos hátú virágcserép,,Fali virágtartó
20260915_101127-002,Terrakotta színű fényes akasztófüles lapos hátú virágcserép,,Fali virágtartó
20260915_101127-003,Fehér fényes akasztófüles lapos hátú virágcserép,,Fali virágtartó
20260915_101127-004,Antracit fényes akasztófüles lapos hátú virágcserép,,Fali virágtartó
20260915_101127-005,Szürkésbarna sekély kerek tál alakú virágtartó,,Tál alakú virágtartó
20260915_101127-006,Terrakotta színű sekély kerek tál alakú virágtartó,,Tál alakú virágtartó
20260915_101127-007,Fehér sekély kerek tál alakú virágtartó,,Tál alakú virágtartó
20260915_101127-008,Antracit sekély kerek tál alakú virágtartó,,Tál alakú virágtartó
20260915_101127-009,Terrakotta színű magas kúpos virágcserép – közepes,,Virágcserép
20260915_101127-010,Terrakotta színű magas kúpos virágcserép – nagy,,Virágcserép
20260915_101127-011,Terrakotta színű flat-backed virágcserép – bal oldalon részben levágva,,Fali virágtartó
20260915_101127-012,Antracit kúpos virágcserép – jobb oldalon részben levágva,,Virágcserép
20260915_101127-013,Sötétbarna kerek virágcserép – legnagyobb bal hátsó kivitel,,Virágcserép
20260915_101127-014,Sötétbarna kerek virágcserép – nagy széles kivitel,,Virágcserép
20260915_101127-015,Sötétbarna kerek virágcserép – medium-wide kivitel,,Virágcserép
20260915_101127-016,Sötétbarna kerek virágcserép – medium-narrow kivitel,,Virágcserép
20260915_101127-017,Sötétbarna kerek virágcserép – kicsi kivitel,,Virágcserép
20260915_101127-018,Sötétbarna magas keskeny virágcserép,,Virágcserép
20260915_101127-019,Fekete kerek virágcserép – részben takarásban hátsó bal,,Virágcserép
20260915_101127-020,Fehér kerek virágcserép – legnagyobb széles kivitel,,Virágcserép
20260915_101127-021,Fehér kerek virágcserép – nagy kivitel at jobb,,Virágcserép
20260915_101127-022,Fehér kerek virágcserép – közepes kivitel,,Virágcserép
20260915_101127-023,Fehér kerek virágcserép – kicsi kivitel,,Virágcserép
20260915_101127-024,Fehér kerek virágcserép – keskeny kicsi kivitel,,Virágcserép
20260915_101127-025,Világosszürke kerek virágcserép – nagy hátsó kivitel,,Virágcserép
20260915_101127-026,Világosszürke kerek virágcserép – kicsi hátsó kivitel,,Virágcserép
20260915_101127-027,Terrakotta színű kerek virágcserép – nagy jobb hátsó kivitel,,Virágcserép
20260915_101127-028,Terrakotta színű kerek virágcserép – közepes jobb hátsó kivitel,,Virágcserép
20260915_101127-029,Terrakotta színű kerek virágcserép – kicsi jobb elülső kivitel,,Virágcserép
20260915_101127-030,Fehér kerek cserépalátétek – részben látható az alsó szélen,,Cserépalátét
20260915_101127-031,Sötétbarna kerek cserépalátétek – részben látható az alsó szélen,,Cserépalátét
20260915_101129-001,"Zöld műanyag locsolókanna magas, megerősített csőrrel és fekete szórófejjel",,Locsolókanna
20260915_101129-002,Zöld bordázott műanyag locsolókanna szögletes csőrrel – jobb szél,,Locsolókanna
20260915_101129-003,Ezüstszürke hengeres locsolókanna – részben látható a bal szélen,,Locsolókanna
20260915_101129-004,Fehér nyeregalakú korládláda – nagy látható méret,,Korládláda
20260915_101129-005,Szürkésbarna nyeregalakú korládláda – kisebb látható méret,,Korládláda
20260915_101129-006,Terrakotta színű nyeregalakú korládláda – kisebb látható méret,,Korládláda
20260915_101129-007,Terrakotta színű nyeregalakú korládláda – nagyobb látható méret,,Korládláda
20260915_101129-008,Szürkésbarna bordázott kerek korládkaspó oldalsó rögzítőmélyedéssel,,Korládláda
20260915_101129-009,Terrakotta színű bordázott kerek korládkaspó oldalsó rögzítőmélyedéssel,,Korládláda
20260915_101134-001,Fehér kúpos kerek virágcserép – részben látható a bal felső részen,,Virágcserép
20260915_101134-002,Terrakotta színű kúpos kerek virágcserép – legkisebb keskeny méret,,Virágcserép
20260915_101134-003,Terrakotta színű kúpos kerek virágcserép – kicsi méret,,Virágcserép
20260915_101134-004,Terrakotta színű kúpos kerek virágcserép – közepes méret,,Virágcserép
20260915_101134-005,Terrakotta színű kúpos kerek virágcserép – nagy méret,,Virágcserép
20260915_101134-006,Terrakotta színű magas keskeny virágcserép – jobb középső halom,,Virágcserép
20260915_101134-007,Barna kúpos kerek virágcserép – nagy jobb oldali halom,,Virágcserép
20260915_101134-008,Barna kúpos kerek virágcserép – közepes jobb szélső halom,,Virágcserép
20260915_101134-009,Fekete kerek cserépalátét – kicsi látható méret,,Cserépalátét
20260915_101134-010,Fekete kerek cserépalátét – közepes látható méret,,Cserépalátét
20260915_101134-011,Fekete kerek cserépalátét – nagy látható méret,,Cserépalátét
20260915_101134-012,Fehér kerek cserépalátét – legkisebb látható méret,,Cserépalátét
20260915_101134-013,Fehér kerek cserépalátét – kicsi látható méret,,Cserépalátét
20260915_101134-014,Fehér kerek cserépalátét – közepes látható méret,,Cserépalátét
20260915_101134-015,Fehér kerek cserépalátét – nagy látható méret,,Cserépalátét
20260915_101134-016,Fehér kerek cserépalátét – extra nagy látható méret,,Cserépalátét
20260915_101134-017,Fehér kerek cserépalátét – legszélesebb alsó halom,,Cserépalátét
20260915_101134-018,Terrakotta színű kerek cserépalátét – legkisebb látható méret,,Cserépalátét
20260915_101134-019,Terrakotta színű kerek cserépalátét – kicsi látható méret,,Cserépalátét
20260915_101134-020,Terrakotta színű kerek cserépalátét – közepes látható méret,,Cserépalátét
20260915_101134-021,Terrakotta színű kerek cserépalátét – nagy látható méret,,Cserépalátét
20260915_101134-022,Terrakotta színű kerek cserépalátét – extra nagy hátsó halom,,Cserépalátét
20260915_101134-023,Terrakotta színű kerek cserépalátét – keskeny jobb szélső halom,,Cserépalátét
20260915_101134-024,Horganyzott fém locsolókanna,,Locsolókanna
20260915_101134-025,Zöld műanyag locsoló kanna – részben takarásban at padlószint,,Locsolókanna
20260915_101134-026,Kerti ásványi műtrágya – 5 kg MAGYAR 1931 ÓTA MŰTRÁGYA embléma (az összetétel nem olvasható),,Műtrágya
20260915_101134-027,Vasgálic (vas-szulfát) – 5 kg,,Vasgálic / kerti kezelőszer
20260915_101138-001,Terrakotta színű függőlegesen bordázott kerek virágcserép – kicsi felső polci kivitel,,Virágcserép
20260915_101138-002,Terrakotta színű függőlegesen bordázott kerek virágcserép – nagy felső polci kivitel,,Virágcserép
20260915_101138-003,Szürke függőlegesen bordázott kerek virágcserép,,Virágcserép
20260915_101138-004,Terrakotta színű karéjos korládláda – felül részben levágva,,Korládláda
20260915_101138-005,Szürke karéjos korládláda – felül részben levágva,,Korládláda
20260915_101138-006,Terrakotta színű kúpos négyzetes virágcserép – nagy,,Virágcserép
20260915_101138-007,Antracit kúpos négyzetes virágcserép – nagy,,Virágcserép
20260915_101138-008,Terrakotta színű kúpos négyzetes virágcserép – közepes,,Virágcserép
20260915_101138-009,Antracit kúpos négyzetes virágcserép – közepes,,Virágcserép
20260915_101138-010,Terrakotta színű kúpos négyzetes virágcserép – kicsi,,Virágcserép
20260915_101138-011,Antracit kúpos négyzetes virágcserép – kicsi,,Virágcserép
20260915_101138-012,Szürkésbarna kúpos négyzetes virágcserép – kicsi,,Virágcserép
20260915_101138-013,Antracit lekerekített függő virágcserép – nagy,,Függő virágtartó
20260915_101138-014,Terrakotta színű akasztós függő virágcserép – nagy,,Függő virágtartó
20260915_101138-015,Szürkésbarna akasztós függő virágcserép – nagy,,Függő virágtartó
20260915_101138-016,Antracit lekerekített akasztós függő virágcserép – kisebb jobb oldali kivitel,,Függő virágtartó
20260915_101138-017,Fehér akasztós függő virágcserép – kisebb jobb oldali kivitel,,Függő virágtartó
20260915_101138-018,Terrakotta színű hengeres virágcserép – részben levágva bal középső szél,,Virágcserép
20260915_101138-019,Fehér kúpos kerek virágcserép – legkisebb látható méret,,Virágcserép
20260915_101138-020,Fehér kúpos kerek virágcserép – kicsi látható méret,,Virágcserép
20260915_101138-021,Fehér kúpos kerek virágcserép – közepes látható méret,,Virágcserép
20260915_101138-022,Fehér kúpos kerek virágcserép – nagy látható méret,,Virágcserép
20260915_101138-023,Fehér kúpos kerek virágcserép – legnagyobb hátsó kivitel,,Virágcserép
20260915_101138-024,Terrakotta színű kúpos kerek virágcserép – legkisebb látható méret,,Virágcserép
20260915_101138-025,Terrakotta színű kúpos kerek virágcserép – kicsi látható méret,,Virágcserép
20260915_101138-026,Terrakotta színű kúpos kerek virágcserép – közepes látható méret,,Virágcserép
20260915_101138-027,Terrakotta színű kúpos kerek virágcserép – legnagyobb széles kivitel,,Virágcserép
20260915_101138-028,Terrakotta színű kúpos kerek virágcserép – magas keskeny kivitel,,Virágcserép
20260915_101138-029,Barna kúpos kerek virágcserép – nagy széles kivitel,,Virágcserép
20260915_101138-030,Barna kúpos kerek virágcserép – közepes széles kivitel,,Virágcserép
20260915_101138-031,Terrakotta színű kúpos kerek virágcserép – keskeny right-front kivitel,,Virágcserép
20260915_101138-032,Fekete kúpos kerek virágcserép – nagy jobb hátsó kivitel,,Virágcserép
20260915_101138-033,Fekete kúpos kerek virágcserép – kisebb jobb hátsó kivitel,,Virágcserép
20260915_101140-001,Élénkzöld bordázott locsoló kanna fekete szórófejjel,,Locsolókanna
20260915_101140-002,Élénkzöld bordázott locsoló kanna lépcsős kialakítású csőrrel,,Locsolókanna
20260915_101140-003,Sötétzöld hosszú csőrű locsolókanna – lekerekített oldalsó fogantyús kivitel,,Locsolókanna
20260915_101140-004,"Ezüstszínű hengeres, hosszú csőrű locsolókanna",,Locsolókanna
20260915_101140-005,Zöld téglalap alakú láda virágtartó – top-jobb szél,,Balkonláda
20260915_101140-006,Terrakotta színű függőlegesen bordázott kerek virágcserép – kicsi,,Virágcserép
20260915_101140-007,Szürke függőlegesen bordázott kerek virágcserép – kicsi,,Virágcserép
20260915_101140-008,Terrakotta színű függőlegesen bordázott kerek virágcserép – közepes,,Virágcserép
20260915_101140-009,Szürke függőlegesen bordázott kerek virágcserép – közepes,,Virágcserép
20260915_101140-010,Terrakotta színű függőlegesen bordázott kerek virágcserép – nagy,,Virágcserép
20260915_101140-011,Szürke függőlegesen bordázott kerek virágcserép – nagy,,Virágcserép
20260915_101140-012,Terrakotta színű karéjos korládláda,,Korládláda
20260915_101140-013,Szürke karéjos korládláda,,Korládláda
20260915_101140-014,Terrakotta színű lekerekített sarkú kúpos négyzetes virágcserép – nagy jobb oldali halom,,Virágcserép
20260915_101140-015,Terrakotta színű kúpos négyzetes virágcserép – nagy alsó polci kivitel,,Virágcserép
20260915_101140-016,Antracit kúpos négyzetes virágcserép – nagy alsó polci kivitel,,Virágcserép
20260915_101140-017,Terrakotta színű kúpos négyzetes virágcserép – közepes alsó polci kivitel,,Virágcserép
20260915_101140-018,Antracit kúpos négyzetes virágcserép – közepes alsó polci kivitel,,Virágcserép
20260915_101140-019,Terrakotta színű kúpos négyzetes virágcserép – kicsi alsó polci kivitel,,Virágcserép
20260915_101140-020,Szürkésbarna kúpos négyzetes virágcserép – kicsi alsó polci kivitel,,Virágcserép
20260915_101140-021,Antracit lekerekített függő virágcserép – nagy,,Függő virágtartó
20260915_101140-022,Terrakotta színű akasztós függő virágcserép – alsó szél,,Függő virágtartó
20260915_101140-023,Antracit lekerekített függő virágcserép – kisebb jobb oldali kivitel,,Függő virágtartó
20260915_101140-024,Barna magas kerek virágcserép – alsó jobb szél,,Virágcserép
20260915_101144-001,Terrakotta színű kúpos kerek virágcserép – legkisebb keskeny kivitel,,Virágcserép
20260915_101144-002,Terrakotta színű kúpos kerek virágcserép – kicsi keskeny kivitel,,Virágcserép
20260915_101144-003,Terrakotta színű kúpos kerek virágcserép – közepes kivitel,,Virágcserép
20260915_101144-004,Antracit kúpos kerek virágcserép – közepes kivitel,,Virágcserép
20260915_101144-005,Terrakotta színű kúpos kerek virágcserép – nagy bal középső kivitel,,Virágcserép
20260915_101144-006,Terrakotta színű kúpos kerek virágcserép – nagy jobb középső kivitel,,Virágcserép
20260915_101144-007,Terrakotta színű kúpos kerek virágcserép – legnagyobb jobb oldali kivitel,,Virágcserép
20260915_101144-008,Antracit kúpos kerek virágcserép – kicsi bal hátsó kivitel,,Virágcserép
20260915_101144-009,Antracit kúpos kerek virágcserép – nagy hátsó középső kivitel,,Virágcserép
20260915_101144-010,Antracit kúpos kerek virágcserép – legnagyobb jobb hátsó kivitel,,Virágcserép
20260915_101144-011,Terrakotta színű sekély kerek tál – felső jobb,,Tál alakú virágtartó
20260915_101144-012,Antracit sekély kerek tál – felső jobb,,Tál alakú virágtartó
20260915_101144-013,Terrakotta színű kerek cserépalátét – legkisebb látható méret,,Cserépalátét
20260915_101144-014,Terrakotta színű kerek cserépalátét – kicsi látható méret,,Cserépalátét
20260915_101144-015,Terrakotta színű kerek cserépalátét – közepes látható méret,,Cserépalátét
20260915_101144-016,Terrakotta színű kerek cserépalátét – nagy látható méret,,Cserépalátét
20260915_101144-017,Terrakotta színű kerek cserépalátét – extra nagy látható méret,,Cserépalátét
20260915_101144-018,Terrakotta színű mély kerek tál – nagy,,Tál alakú virágtartó
20260915_101144-019,Terrakotta színű kis hengeres virágcserép – elülső bal,,Virágcserép
20260915_101144-020,Terrakotta színű miniatűr hengeres virágcserép – bal szélső rész,,Virágcserép
20260915_101144-021,Fehér mély kerek tál – elülső középső,,Tál alakú virágtartó
20260915_101144-022,Fehér kerek cserépalátét – kicsi látható méret,,Cserépalátét
20260915_101144-023,Fehér kerek cserépalátét – közepes látható méret,,Cserépalátét
20260915_101144-024,Fehér kerek cserépalátét – nagy látható méret,,Cserépalátét
20260915_101144-025,Fehér kerek cserépalátét – extra nagy látható méret,,Cserépalátét
20260915_101144-026,Fehér kis hengeres virágcserép – hátsó középső,,Virágcserép
20260915_101144-027,Szürkésbarna kis hengeres virágcserép – elülső jobb,,Virágcserép
20260915_101144-028,Szürkésbarna kerek cserépalátét – kicsi látható méret,,Cserépalátét
20260915_101144-029,Szürkésbarna kerek cserépalátét – közepes látható méret,,Cserépalátét
20260915_101144-030,Szürkésbarna kerek cserépalátét – nagy látható méret,,Cserépalátét
20260915_101144-031,Szürkésbarna kerek cserépalátét – extra nagy látható méret,,Cserépalátét
20260915_101144-032,Zöld hosszú csőrű műanyag locsolókanna – lekerekített test,,Locsolókanna
20260915_101144-033,Fekete ovális bordázott locsolókanna – kisebb látható méret,,Locsolókanna
20260915_101144-034,Fekete ovális bordázott locsolókanna – nagyobb látható méret,,Locsolókanna
20260915_101144-035,Sötétzöld ovális locsolókanna nyitott töltőnyílással és ívelt fogantyúval,,Locsolókanna
20260915_101144-036,Vasgálic (vas-szulfát) – részben látható zsákok at bal,,Vasgálic / kerti kezelőszer
20260915_101147-001,Fehér kúpos négyzetes virágcserép – nagy bal oldali kivitel,,Virágcserép
20260915_101147-002,Antracit kúpos négyzetes virágcserép – nagy bal oldali kivitel,,Virágcserép
20260915_101147-003,Fehér kúpos négyzetes virágcserép – kisebb középső kivitel,,Virágcserép
20260915_101147-004,Terrakotta színű kúpos négyzetes virágcserép – jobb oldali kivitel,,Virágcserép
20260915_101147-005,Antracit kúpos négyzetes virágcserép – jobb oldali kivitel,,Virágcserép
20260915_101147-006,Antracit akasztós függő virágcserép – nagy bal oldali kivitel,,Függő virágtartó
20260915_101147-007,Fehér akasztós függő virágcserép – nagy bal oldali kivitel,,Függő virágtartó
20260915_101147-008,Terrakotta színű akasztós függő virágcserép – kisebb bal középső kivitel,,Függő virágtartó
20260915_101147-009,Szürkésbarna akasztós függő virágcserép – kisebb bal középső kivitel,,Függő virágtartó
20260915_101147-010,Szürkésbarna akasztós függő virágcserép – közepes középső kivitel,,Függő virágtartó
20260915_101147-011,Fehér akasztós függő virágcserép – közepes középső kivitel,,Függő virágtartó
20260915_101147-012,Antracit akasztós függő virágcserép – közepes középső kivitel,,Függő virágtartó
20260915_101147-013,"Terrakotta színű magas, kúpos kerek virágcserép széles peremmel",,Virágcserép
20260915_101147-014,"Fehér magas, kúpos kerek virágcserép széles peremmel",,Virágcserép
20260915_101147-015,Terrakotta színű lekerekített tál alakú virágtartó,,Tál alakú virágtartó
20260915_101147-016,Szürkésbarna lekerekített tál alakú virágtartó – részben látható at jobb,,Tál alakú virágtartó
20260915_101147-017,Terrakotta színű kúpos kerek virágcserép – kicsi bal alsó kivitel,,Virágcserép
20260915_101147-018,Terrakotta színű kúpos kerek virágcserép – közepes bal alsó kivitel,,Virágcserép
20260915_101147-019,Terrakotta színű kúpos kerek virágcserép – keskeny alsó középső kivitel,,Virágcserép
20260915_101147-020,Terrakotta színű kúpos kerek virágcserép – nagy alsó középső kivitel,,Virágcserép
20260915_101147-021,Terrakotta színű kúpos kerek virágcserép – nagy jobb alsó kivitel,,Virágcserép
20260915_101147-022,Terrakotta színű kúpos kerek virágcserép – legnagyobb jobb alsó kivitel,,Virágcserép
20260915_101147-023,Antracit kúpos kerek virágcserép – részben takarásban bal alsó kivitel,,Virágcserép
20260915_101147-024,Antracit kúpos kerek virágcserép – részben takarásban jobb alsó kivitel,,Virágcserép
20260915_101149-001,Sötétzöld hosszú csőrű locsolókanna ívelt fogantyúval,,Locsolókanna
20260915_101149-002,Zöld téglalap alakú műanyag kád széles peremmel,,Műanyag kád / tálca
20260915_101149-003,Fehér nagy formázott műanyag lavór – fejjel lefelé fordítva (pontos rendeltetése bizonytalan),,Műanyag lavór – bizonytalan azonosítás
20260915_101149-004,Terrakotta színű kúpos négyzetes virágcserép – nagy bal halom,,Virágcserép
20260915_101149-005,Szürkésbarna kúpos négyzetes virágcserép – bal halom,,Virágcserép
20260915_101149-006,Fehér kúpos négyzetes virágcserép – bal halom,,Virágcserép
20260915_101149-007,Antracit kúpos négyzetes virágcserép – nagy bal középső halom,,Virágcserép
20260915_101149-008,"Terrakotta színű kúpos négyzetes virágcserép – kicsi különálló, fejjel lefelé fordított virágcserép",,Virágcserép
20260915_101149-009,Fehér kúpos négyzetes virágcserép – kisebb középső halom,,Virágcserép
20260915_101149-010,Terrakotta színű kúpos négyzetes virágcserép – jobb halom,,Virágcserép
20260915_101149-011,Szürkésbarna kúpos négyzetes virágcserép – jobb halom,,Virágcserép
20260915_101149-012,Antracit kúpos négyzetes virágcserép – jobb halom,,Virágcserép
20260915_101149-013,Antracit lekerekített függőcserép-test – bal alsó szél,,Függő virágtartó
20260915_101149-014,Terrakotta színű lekerekített függőcserép-test – alsó szél,,Függő virágtartó
20260915_101149-015,Szürkésbarna lekerekített függőcserép-test – alsó szél,,Függő virágtartó
20260915_101149-016,Terrakotta színű magas kerek virágcserép széles peremmel – alsó szél,,Virágcserép
20260915_101149-017,Fehér magas kerek virágcserép széles peremmel – alsó szél,,Virágcserép
20260915_101149-018,Terrakotta színű tál alakú virágtartó – alsó jobb,,Tál alakú virágtartó
20260915_101153-001,Terrakotta színű kúpos virágcserép – kicsi bal kivitel,,Virágcserép
20260915_101153-002,Terrakotta színű kúpos virágcserép – nagy bal kivitel,,Virágcserép
20260915_101153-003,Antracit keskeny kúpos virágcserép,,Virágcserép
20260915_101153-004,Antracit lekerekített tál alakú virágcserép – kicsi,,Tál alakú virágtartó
20260915_101153-005,Terrakotta színű lekerekített tál alakú virágcserép – kicsi,,Tál alakú virágtartó
20260915_101153-006,Antracit lekerekített tál alakú virágcserép – közepes,,Tál alakú virágtartó
20260915_101153-007,Terrakotta színű lekerekített tál alakú virágcserép – közepes,,Tál alakú virágtartó
20260915_101153-008,Antracit lekerekített tál alakú virágcserép – nagy,,Tál alakú virágtartó
20260915_101153-009,Terrakotta színű lekerekített tál alakú virágcserép – nagy,,Tál alakú virágtartó
20260915_101153-010,Szürkésbarna lekerekített tál alakú virágcserép – közepes,,Tál alakú virágtartó
20260915_101153-011,Szürkésbarna lekerekített tál alakú virágcserép – nagy,,Tál alakú virágtartó
20260915_101153-012,Antracit miniatűr tál alakú virágcserép vízelvezető nyílásokkal,,Tál alakú virágtartó
20260915_101153-013,Terrakotta színű miniatűr tál alakú virágcserép,,Tál alakú virágtartó
20260915_101153-014,Fehér lapos hátú fali tálkaspó – kicsi,,Fali virágtartó
20260915_101153-015,Fehér lapos hátú fali tálkaspó – közepes,,Fali virágtartó
20260915_101153-016,Fehér lapos hátú fali tálkaspó – nagy,,Fali virágtartó
20260915_101153-017,Szürkésbarna lapos hátú fali tálkaspó – kicsi,,Fali virágtartó
20260915_101153-018,Szürkésbarna lapos hátú fali tálkaspó – közepes,,Fali virágtartó
20260915_101153-019,Szürkésbarna lapos hátú fali tálkaspó – nagy,,Fali virágtartó
20260915_101153-020,Antracit lapos hátú fali tálkaspó – kicsi,,Fali virágtartó
20260915_101153-021,Antracit lapos hátú fali tálkaspó – közepes,,Fali virágtartó
20260915_101153-022,Antracit lapos hátú fali tálkaspó – nagy,,Fali virágtartó
20260915_101153-023,Terrakotta színű akasztófüles fali virágcserép – kicsi,,Fali virágtartó
20260915_101153-024,Terrakotta színű akasztófüles fali virágcserép – nagy,,Fali virágtartó
20260915_101153-025,Fehér kis hengeres virágcserép,,Virágcserép
20260915_101153-026,Szürkésbarna kis hengeres virágcserép,,Virágcserép
20260915_101153-027,Antracit kis hengeres virágcserép,,Virágcserép
20260915_101153-028,Fekete ovális locsolókanna nyitott töltőnyílással – kisebb kivitel,,Locsolókanna
20260915_101153-029,Fekete ovális locsolókanna nyitott töltőnyílással – nagyobb kivitel,,Locsolókanna
20260915_101153-030,Zöld ovális locsolókanna nyitott töltőnyílással,,Locsolókanna
20260915_101153-031,Zöld keskeny locsolókanna szórófejjel,,Locsolókanna
20260915_101153-032,Sárga kis locsolókanna szórófejjel,,Locsolókanna
20260915_101153-033,Világoskék keskeny csőrű locsolókancsó,,Locsolókancsó
20260915_101153-034,Halvány rózsaszín keskeny csőrű locsolókancsó,,Locsolókancsó
20260915_101153-035,Fehér kerek cserépalátétek – felső szél (méretek részben levágva),,Cserépalátét
20260915_101153-036,Terrakotta színű kerek cserépalátétek – felső szél (méretek részben levágva),,Cserépalátét
20260915_101153-037,Szürkésbarna kerek cserépalátétek – felső szél (méretek részben levágva),,Cserépalátét
20260915_101153-038,Antracit kerek cserépalátétek – felső szél (méretek részben levágva),,Cserépalátét
20260915_101155-001,Szürkésbarna kúpos négyzetes virágcserép – nagy,,Virágcserép
20260915_101155-002,Antracit kúpos négyzetes virágcserép – nagy,,Virágcserép
20260915_101155-003,Sötétbarna kúpos négyzetes virágcserép – nagy,,Virágcserép
20260915_101155-004,Szürkésbarna kúpos négyzetes virágcserép – kicsi jobb oldali kivitel,,Virágcserép
20260915_101155-005,Antracit kúpos négyzetes virágcserép – kicsi jobb oldali kivitel,,Virágcserép
20260915_101155-006,Fehér kúpos négyzetes virágcserép – kicsi,,Virágcserép
20260915_101155-007,Terrakotta színű kúpos négyzetes virágcserép – kicsi,,Virágcserép
20260915_101155-008,Antracit sekély lekerekített sarkú négyzetes virágcserép – középső halom,,Virágcserép
20260915_101155-009,Szürkésbarna sekély lekerekített sarkú négyzetes virágcserép – középső halom,,Virágcserép
20260915_101155-010,Fehér sekély lekerekített sarkú négyzetes virágcserép – középső halom,,Virágcserép
20260915_101155-011,Terrakotta színű sekély lekerekített sarkú négyzetes virágcserép – középső halom,,Virágcserép
20260915_101155-012,Fehér sekély téglalap alakú tálca – felső polc szél,,Virágláda alátét
20260915_101155-013,"Terrakotta színű magas, kúpos kerek virágcserép széles peremmel",,Virágcserép
20260915_101155-014,"Fehér magas, kúpos kerek virágcserép széles peremmel",,Virágcserép
20260915_101155-015,Terrakotta színű lekerekített tál alakú virágcserép – nagy bal középső kivitel,,Tál alakú virágtartó
20260915_101155-016,Terrakotta színű lekerekített tál alakú virágcserép – kisebb hátsó kivitel,,Tál alakú virágtartó
20260915_101155-017,Szürkésbarna lekerekített tál alakú virágcserép – bal középső kivitel,,Tál alakú virágtartó
20260915_101155-018,Antracit lekerekített tál alakú virágcserép – bal középső kivitel,,Tál alakú virágtartó
20260915_101155-019,Fehér függőlegesen bordázott tál alakú virágcserép – nagy,,Tál alakú virágtartó
20260915_101155-020,Terrakotta színű függőlegesen bordázott tál alakú virágcserép – nagy,,Tál alakú virágtartó
20260915_101155-021,Antracit függőlegesen bordázott tál alakú virágcserép – nagy,,Tál alakú virágtartó
20260915_101155-022,Szürkésbarna függőlegesen bordázott tál alakú virágcserép – nagy,,Tál alakú virágtartó
20260915_101155-023,Szürke függőlegesen bordázott tál alakú virágcserép – közepes,,Tál alakú virágtartó
20260915_101155-024,Antracit függőlegesen bordázott tál alakú virágcserép – közepes,,Tál alakú virágtartó
20260915_101155-025,Szürkésbarna függőlegesen bordázott tál alakú virágcserép – közepes,,Tál alakú virágtartó
20260915_101155-026,Fehér függőlegesen bordázott tál alakú virágcserép – közepes,,Tál alakú virágtartó
20260915_101155-027,Terrakotta színű függőlegesen bordázott tál alakú virágcserép – közepes,,Tál alakú virágtartó
20260915_101155-028,Fehér függőlegesen bordázott tál alakú virágcserép – kicsi,,Tál alakú virágtartó
20260915_101155-029,Fehér sima tál alakú virágcserép – jobb szél,,Tál alakú virágtartó
20260915_101155-030,Terrakotta színű kúpos virágcserép – kicsi bal alsó kivitel,,Virágcserép
20260915_101155-031,Terrakotta színű kúpos virágcserép – nagy bal alsó kivitel,,Virágcserép
20260915_101155-032,Antracit keskeny kúpos virágcserép – alsó polc,,Virágcserép
20260915_101155-033,Antracit lekerekített tál alakú virágcserép – kicsi alsó polci kivitel,,Tál alakú virágtartó
20260915_101155-034,Terrakotta színű lekerekített tál alakú virágcserép – kicsi alsó polci kivitel,,Tál alakú virágtartó
20260915_101155-035,Antracit lekerekített tál alakú virágcserép – közepes alsó polci kivitel,,Tál alakú virágtartó
20260915_101155-036,Terrakotta színű lekerekített tál alakú virágcserép – közepes alsó polci kivitel,,Tál alakú virágtartó
20260915_101155-037,Antracit lekerekített tál alakú virágcserép – nagy alsó polci kivitel,,Tál alakú virágtartó
20260915_101155-038,Terrakotta színű lekerekített tál alakú virágcserép – nagy alsó polci kivitel,,Tál alakú virágtartó
20260915_101155-039,Szürkésbarna lekerekített tál alakú virágcserép – nagy jobb alsó kivitel,,Tál alakú virágtartó
20260915_101155-040,Szürkésbarna lekerekített tál alakú virágcserép – közepes jobb alsó kivitel,,Tál alakú virágtartó
20260915_101155-041,Antracit miniatűr tál alakú virágcserép vízelvezető nyílásokkal,,Tál alakú virágtartó
20260915_101155-042,Terrakotta színű miniatűr tál alakú virágcserép,,Tál alakú virágtartó
20260915_101157-001,Fehér nagy formázott téglalap alakú műanyag lavór – fejjel lefelé fordítva (pontos rendeltetése bizonytalan),,Műanyag lavór – bizonytalan azonosítás
20260915_101157-002,Fehér téglalap alakú virágláda hozzáillő alátéttel,,Téglalap alakú virágláda
20260915_101157-003,Fekete téglalap alakú virágláda hozzáillő alátéttel,,Téglalap alakú virágláda
20260915_101157-004,Zöld téglalap alakú műanyag kád – a bal felső szélen részben levágva,,Műanyag kád / tálca
20260915_101157-005,Szürkésbarna kúpos négyzetes virágcserép – nagy,,Virágcserép
20260915_101157-006,Antracit kúpos négyzetes virágcserép – nagy,,Virágcserép
20260915_101157-007,Sötétbarna kúpos négyzetes virágcserép – nagy,,Virágcserép
20260915_101157-008,Terrakotta színű kúpos négyzetes virágcserép – nagy bal szélső kivitel,,Virágcserép
20260915_101157-009,Antracit sekély lekerekített sarkú négyzetes virágcserép – középső halom,,Virágcserép
20260915_101157-010,Szürkésbarna sekély lekerekített sarkú négyzetes virágcserép – középső halom,,Virágcserép
20260915_101157-011,Fehér sekély lekerekített sarkú négyzetes virágcserép – középső halom,,Virágcserép
20260915_101157-012,Terrakotta színű sekély lekerekített sarkú négyzetes virágcserép – középső halom,,Virágcserép
20260915_101157-013,Terrakotta színű kúpos négyzetes virágcserép – kicsi,,Virágcserép
20260915_101157-014,Fehér kúpos négyzetes virágcserép – kicsi,,Virágcserép
20260915_101157-015,Antracit kúpos négyzetes virágcserép – kicsi,,Virágcserép
20260915_101157-016,Szürkésbarna kúpos négyzetes virágcserép – kicsi,,Virágcserép
20260915_101157-017,Fehér kúpos négyzetes virágcserép – miniatűr jobb oldali kivitel,,Virágcserép
20260915_101157-018,Fehér négyzetes cserépalátét – beneath miniatűr virágcserepek,,Cserépalátét
20260915_101157-019,Terrakotta színű téglalap alakú virágtartó – jobb szél,,Téglalap alakú virágláda
20260915_101157-020,"Terrakotta színű magas, kúpos kerek virágcserép széles peremmel – alsó bal",,Virágcserép
20260915_101157-021,"Fehér magas, kúpos kerek virágcserép széles peremmel – alsó bal",,Virágcserép
20260915_101157-022,Terrakotta színű lekerekített tál alakú virágcserép – alsó bal,,Tál alakú virágtartó
20260915_101157-023,Szürkésbarna lekerekített tál alakú virágcserép – alsó bal,,Tál alakú virágtartó
20260915_101157-024,Fehér függőlegesen bordázott tál alakú virágcserép – nagy,,Tál alakú virágtartó
20260915_101157-025,Antracit függőlegesen bordázott tál alakú virágcserép – nagy,,Tál alakú virágtartó
20260915_101157-026,Szürkésbarna függőlegesen bordázott tál alakú virágcserép – nagy (részben levágva),,Tál alakú virágtartó
20260915_101157-027,Szürke függőlegesen bordázott tál alakú virágcserép – közepes,,Tál alakú virágtartó
20260915_101157-028,Fehér függőlegesen bordázott tál alakú virágcserép – közepes,,Tál alakú virágtartó
20260915_101157-029,Terrakotta színű függőlegesen bordázott tál alakú virágcserép – közepes,,Tál alakú virágtartó
20260915_101157-030,Fehér függőlegesen bordázott tál alakú virágcserép – kicsi,,Tál alakú virágtartó
20260915_101157-031,Fehér sima tál alakú virágcserép – alsó jobb szél,,Tál alakú virágtartó
20260915_101202-001,Fehér kályhacső – polc címke 105/80 (mértékegység nem látható),,Kályha-/füstcső
20260915_101202-002,Fehér kályhacső – polc címke 105/40 (mértékegység nem látható),,Kályha-/füstcső
20260915_101202-003,Fekete kályhacső – hosszú csomagolt kivitel,,Kályha-/füstcső
20260915_101202-004,Fekete kályhacső – rövidebb csomagolt kivitel,,Kályha-/füstcső
20260915_101202-005,Fényes barna kályhacső,,Kályha-/füstcső
20260915_101202-006,Matt szürke egyenes kályhacső,,Kályha-/füstcső
20260915_101202-007,Fekete kályhacső könyök – polc címke 120as (részben levágva),,Kályhacső könyök
20260915_101202-008,Fekete téglalap alakú virágláda hozzáillő alátéttel – felső bal,,Téglalap alakú virágláda
20260915_101202-009,Terrakotta színű kúpos téglalap alakú virágláda – bal halom,,Téglalap alakú virágláda
20260915_101202-010,Szürke kúpos téglalap alakú virágláda – bal halom,,Téglalap alakú virágláda
20260915_101202-011,Fehér kúpos téglalap alakú virágláda – bal halom,,Téglalap alakú virágláda
20260915_101202-012,Fehér kúpos négyzetes virágcserép – középső halom,,Virágcserép
20260915_101202-013,Fekete kúpos négyzetes virágcserép – középső halom,,Virágcserép
20260915_101202-014,Fehér sekély négyzetes cserépalátét – középső,,Cserépalátét
20260915_101202-015,Szürkésbarna sekély négyzetes cserépalátét – középső halom,,Cserépalátét
20260915_101202-016,Antracit sekély négyzetes cserépalátét – jobb középső halom,,Cserépalátét
20260915_101202-017,Terrakotta színű sekély négyzetes cserépalátét – jobb középső halom,,Cserépalátét
20260915_101202-018,Szürke hosszú téglalap alakú virágláda – jobb szél,,Téglalap alakú virágláda
20260915_101202-019,Terrakotta színű hosszú téglalap alakú virágláda – részben takarásban jobb szél,,Téglalap alakú virágláda
20260915_101202-020,Rózsaszín téglalap alakú virágtartó – jobb alsó szél,,Téglalap alakú virágláda
20260915_101202-021,Terrakotta színű lekerekített tál alakú virágcserép – alsó bal,,Tál alakú virágtartó
20260915_101202-022,Fehér lekerekített tál alakú virágcserép – bal alsó szél,,Tál alakú virágtartó
20260915_101202-023,Szürke sekély tál alakú virágcserép – alsó középső halom,,Tál alakú virágtartó
20260915_101202-024,Szürkésbarna sekély tál alakú virágcserép – alsó középső halom,,Tál alakú virágtartó
20260915_101202-025,Antracit sekély tál alakú virágcserép – alsó középső halom,,Tál alakú virágtartó
20260915_101202-026,Lilásszürke sekély tál alakú virágcserép – jobb alsó halom,,Tál alakú virágtartó
20260915_101202-027,Krém kifelé szélesedő tál alakú virágcserép – alsó jobb,,Tál alakú virágtartó
20260915_101202-028,Fehér kifelé szélesedő tál alakú virágcserép – alsó jobb,,Tál alakú virágtartó
20260915_101202-029,Fehér magas keskeny kúpos virágcserép – alsó szél,,Virágcserép
20260915_101202-030,Szürkésbarna magas keskeny kúpos virágcserép – alsó szél,,Virágcserép
20260915_101202-031,Lila keskeny kúpos virágcserép – alsó szél,,Virágcserép
20260915_101202-032,Fehér függő virágtartó tartópántjai – kötegelve,,Függő virágtartó kiegészítő
20260915_101202-033,Barna függő virágtartó tartópántjai – kötegelve,,Függő virágtartó kiegészítő
20260915_101512-001,Metaltex sütikiszúró készlet,"Metaltex márkájú, többféle formájú műanyag sütikiszúró készlet kartonlapon.",Sütikiszúró
20260915_101512-002,Muffinpapír / cupcake kapszli készlet,Több darabos muffin- vagy cupcake-papír kapszli készlet.,Sütési kellék
20260915_101512-003,Fém habverő,"Kézi, fém fejű habverő konyhai használatra.",Konyhai eszköz
20260915_101512-004,Fokhagymanyomó,Fém kézi fokhagymanyomó.,Konyhai eszköz
20260915_101512-005,Pizzavágó / tésztavágó kerék,"Piros színű, kerek pengés pizzaszeletelő vagy tésztavágó eszköz.",Konyhai eszköz
20260915_101512-006,Zöldséghámozó,Kézi hámozó zöldségek és gyümölcsök tisztításához.,Konyhai eszköz
20260915_101512-007,Reszelő,Kis méretű fém konyhai reszelő.,Konyhai eszköz
20260915_101512-008,Fagylaltos / adagoló kanál,"Kanál formájú, adagoló jellegű konyhai eszköz.",Konyhai eszköz
20260915_101512-009,Konyhai olló,Konyhai feladatokra használható olló csomagolásban.,Konyhai eszköz
20260915_101512-010,Mérőkanál vagy kis konyhai kanál készlet,"Kisebb méretű, akasztós kiszerelésű konyhai segédeszközök.",Konyhai eszköz
20260915_101512-011,Szilikon spatula / kenőlapát,Szilikon fejű spatula vagy kenőlapát.,Konyhai eszköz
20260915_101512-012,Fém húscsipesz,Fém csipesz tálaláshoz vagy sütéshez.,Konyhai eszköz
20260915_101512-013,Diótörő,Fém diótörő eszköz.,Konyhai eszköz
20260915_101512-014,Műanyag spatula készlet,Piros színű műanyag sütő- vagy tálaló spatulák szettben.,Konyhai eszköz
20260915_101512-015,Kések / hámozók vegyes csomagban,Több kis kézi vágó- vagy hámozóeszköz vegyesen a pegboardon.,Konyhai eszköz
20260915_101512-016,Fakanál csomag,Fa nyelű vagy teljesen fa konyhai keverőeszközök csomagban.,Fakanál
20260915_101512-017,Bambusznyárs csomag,"Hosszú bambusz pálcikák, nyársak csomagolva.",Grillezési kellék
20260915_101512-018,Habzsák / díszítőzsák,"Átlátszó, tölcsérszerű habzsákok vagy díszítőzsákok sütéshez.",Sütési kellék
20260915_101512-019,Kis fehér műanyag vödör,"Kis méretű, fehér műanyag vödör vagy tárolóedény.",Műanyag tároló
20260915_101512-020,Kéztörlő / konyharuha mintás,"Összehajtott, mintás textil konyharuha vagy törlőkendő.",Konyhai textil
20260915_101512-021,Kéztörlő / konyharuha fehér,Egyszínű vagy egyszerű mintás fehér konyharuhák.,Konyhai textil
20260915_101512-022,Mikroszálas törlőkendő csomag,Több darabos háztartási törlőkendő vagy konyhai kendő.,Takarítókendő
20260915_101512-023,"Műanyag tányér / tálca – nagy, lapos","Nagy méretű, lapos műanyag tálca vagy tányér többféle színben.",Műanyag tálca
20260915_101512-024,Műanyag lavór / mosdótál,"Nagy, mély műanyag lavórok egymásba rakva.",Műanyag lavór
20260915_101512-025,Műanyag fedeles doboz vagy tárolóedény,"Felső polcon látható nagyobb, szögletes műanyag tárolóedények.",Műanyag tároló
20260915_101512-026,Műanyag szemetes vagy papírkosár,"Felső polcon látható magasabb, hengeres vagy szögletes műanyag edény.",Háztartási műanyag áru
20260915_101512-027,Levendulaszín szegélyű műanyag kosár / vödör,"Fehér színű, lila peremű és fogantyús műanyag tárolóedény.",Műanyag tároló
20260915_101512-028,Tölcsér készlet,Több darabos műanyag tölcsérek a középső polcon.,Konyhai eszköz
20260915_101512-029,Műanyag csipeszek vegyesen,Kisebb háztartási csipeszek vagy rögzítőelemek vegyes csomagolásban.,Háztartási kiegészítő
20260915_101512-030,Sütőrács vagy hűtőrács,Fémrács jellegű konyhai kiegészítő a pegboard jobb oldalán.,Sütési kellék
20260915_101512-031,Szeletelő / mandolin jellegű eszköz,Hosszúkás csomagolásban lévő kézi szeletelő vagy aprító eszköz.,Konyhai eszköz
20260915_101512-032,Ecset vagy konyhai kenőecset,Kisebb ecsetszerű eszközök sütéshez vagy háztartási használatra.,Konyhai eszköz
20260915_101512-033,Műanyag tál készlet,Kerek műanyag tálak egymásba rakva a jobb oldali polcon.,Műanyag tál
20260915_101512-034,Ovális műanyag tálalóedény,Ovális formájú műanyag tál vagy kínálóedény a jobb oldali polcon.,Műanyag tál
20260915_101512-035,Tapadásmentes sütőforma / tortaforma,"Sötét színű, lapos, kerek vagy ovális sütőformák egymásra rakva.",Sütőforma
20260915_101512-036,Kis háztartási kosár,Kisebb műanyag kosár vagy rendszerező a bal alsó polcon.,Műanyag tároló
20260915_101512-037,Partvis- vagy felmosónyél,Hosszabb nyelek vagy rudak a középső alsó részen kötegelve.,Háztartási nyél
20260915_101512-038,Színes karikák / peremes tálak,"Alsó jobb részen színes, egymásba rakott kerek műanyag termékek.",Műanyag háztartási áru
20260915_102139-001,Vetőmag tasakok,Különböző zöldség- és virágmagokat tartalmazó vetőmagcsomagok a felső polcon.,Vetőmag
20260915_102139-002,Mini digitális mérleg,"Kis méretű digitális mérleg kijelzővel, magok vagy kisebb tárgyak méréséhez.",Mérleg
20260915_102139-003,Zöld műanyag csavar- és kötőelem tároló rekesz,Egymásra helyezhető zöld műanyag tárolórekeszek aprócikkekhez.,Tárolórekesz
20260915_102139-004,Csavarok / kötőelemek vegyesen,"A zöld rekeszekben tárolt kisebb csavarok, anyák és egyéb szerelvények.",Kötőelem
20260915_102139-005,Színes alkoholos filctoll készlet,Több színű vastag alkoholos filcek vagy markerek a bal alsó tálcában.,Íróeszköz
20260915_102139-006,Fehér címke- vagy jelölőtekercs,Fehér öntapadós vagy jelölőszalag tekercsek.,Jelölőcímke
20260915_102139-007,Neonsárga jelölőszalag tekercs,Élénk sárga címke- vagy jelölőszalag tekercs.,Jelölőcímke
20260915_102139-008,Narancssárga jelölőszalag tekercs,Élénk narancssárga jelölőszalag vagy címketekercs.,Jelölőcímke
20260915_102139-009,Aero Largo cigarettahüvely,Aero Largo feliratú dobozos cigarettahüvely vagy töltőhüvely.,Dohányzási kellék
20260915_102139-010,Kis díszdoboz / apró ajándékdoboz,"Mintás, kisméretű kartondobozok a pulton.",Díszdoboz
20260915_102139-011,Fűfej figura,"Vicces, fűhajjal növeszthető kis dekorfigura cserépben.",Ajándéktárgy
20260915_102139-012,Buborékfújó henger,Gyerekeknek való buborékfújó szett hengeres műanyag csomagolásban.,Játék
20260915_102139-013,Napraforgó formájú kerti dísz / lámpa,"Napraforgó alakú dekoráció, valószínűleg kerti dísz vagy szolárlámpa.",Kerti dekoráció
20260915_102139-014,Katicás kerek díszdoboz,"Kis méretű, katicás mintás kerek dobozka.",Ajándéktárgy
20260915_102139-015,Nivea Soft testápoló / krém csomag,"Nivea Soft feliratú, dobozos kozmetikai termék.",Kozmetikum
20260915_102139-016,Zöld műanyag iránytű,Campinghez vagy túrázáshoz használható zöld színű műanyag iránytű.,Iránytű
20260915_102139-017,Kézi nagyító,Zöld keretes kézi nagyító csomagolásban.,Nagyító
20260915_102139-018,Mágneses kapocs / magnetic clip,"Zöld csomagolású, mágneses kapocs vagy rögzítőeszköz.",Irodai / háztartási kiegészítő
20260915_102139-019,Karabiner üvegtartóval,Túrázáshoz használható karabiner palacktartó pánttal.,Túrakellék
20260915_102139-020,3 darabos karabiner készlet,"Set of 3 Carabiners feliratú, háromrészes karabiner szett.",Túrakellék
20260915_102139-021,Zöld csomagolású outdoor kiegészítő,Kempingezéshez vagy kiránduláshoz való kisebb zöld csomagolású eszköz.,Túrakellék
20260915_102139-022,Fa kerti növényjelölő szettek,"Fa pálcára szerelt növényjelölők, táblácskák vagy kerti díszek üvegben.",Kertészeti kellék
20260915_102139-023,Filctollak pohárban,Több színű tollak vagy filcek műanyag pohárban.,Íróeszköz
20260915_102139-024,Technik LED zseblámpa – nagy dobozos,Technik márkájú dobozos LED zseblámpa vagy lámpaszett.,Zseblámpa
20260915_102139-025,Technik LED zseblámpa – kisebb dobozos,Sárga-fekete csomagolású Technik LED zseblámpa.,Zseblámpa
20260915_102139-026,Hengeres fekete-piros termoszbögre / utazóbögre,"Fedeles, hőszigetelt utazóbögre fekete-piros színben.",Utazóbögre
20260915_102139-027,Zsákvászon ajándéktasak / dekorzsák,"Natúr színű, zsákvászon jellegű dísz- vagy ajándéktasakok.",Dekorációs kellék
20260915_102139-028,Növénytáp zöld flakonban – piros virágos,"Zöld műanyag flakonos folyékony növénytáp, piros virágokhoz.",Növénytáp
20260915_102139-029,Növénytáp zöld flakonban – fehér virágos,Zöld flakonos folyékony tápoldat fehér virágos növényekhez.,Növénytáp
20260915_102139-030,Növénytáp zöld flakonban – rózsaszín virágos,"Zöld flakonos tápoldat dísznövényekhez, rózsaszín virágos címkével.",Növénytáp
20260915_102139-031,Növénytáp zöld flakonban – általános,Általános felhasználású folyékony növénytáp zöld flakonban.,Növénytáp
20260915_102139-032,Kis fehér fiolák / tubusok,Kis fehér műanyag fiolák vagy tubusok a pult mögött.,Háztartási / kertészeti kiegészítő
20260915_102139-033,Műanyag dokumentumtartó / prospektustartó,Átlátszó műanyag álló tartók prospektusokhoz vagy vetőmagokhoz.,Tárolóeszköz
20260915_102139-034,Lámpa vagy reflektor üvegbúrás kivitelben,Fém- és üvegfelületű lámpatest vagy világítási kiegészítő a jobb oldalon.,Világítástechnikai eszköz
20260915_101206-001,Black curved stovepipe elbows,,Stovepipe fitting
20260915_101206-002,"White curved stovepipe elbows, larger apparent group",,Stovepipe fitting
20260915_101206-003,"White curved stovepipe elbows, smaller apparent group",,Stovepipe fitting
20260915_101206-004,Large pale gray square tapered planters with recessed handle detail,,Plant pot
20260915_101206-005,Stacked white rectangular trays or planter saucers (uncertain),,Planter accessory
20260915_101206-006,White square tapered planters,,Plant pot
20260915_101206-007,Terracotta-colored square tapered planters,,Plant pot
20260915_101206-008,Dark green square tapered planters,,Plant pot
20260915_101206-009,"Terracotta-colored rectangular planters, partly obscured",,Planter
20260915_101206-010,"Black rectangular planters, partly obscured (uncertain)",,Planter
20260915_101206-011,"Long dark rectangular planter trays, partly obscured (uncertain)",,Planter accessory
20260915_101206-012,Black cylindrical straight pipe sections,,Stovepipe
20260915_101206-013,White cylindrical straight pipe sections,,Stovepipe
20260915_101206-014,Large round dark wire chimney-cleaning brushes,,Cleaning brush
20260915_101206-015,Small gold-colored cylindrical wire cleaning brushes,,Cleaning brush
20260915_101206-016,Tall gold-colored cylindrical wire cleaning brushes,,Cleaning brush
20260915_101206-017,Dark round funnel-shaped pieces (uncertain),,Funnel or planter accessory
20260915_101206-018,White round funnel-shaped pieces (uncertain),,Funnel or planter accessory
20260915_101206-019,"Slim dark metal rods, partly obscured (uncertain purpose)",,Metal rod
20260915_101210-001,Black curved stovepipe elbows,,Stovepipe fitting
20260915_101210-002,"White curved stovepipe elbows, larger apparent group",,Stovepipe fitting
20260915_101210-003,"White curved stovepipe elbows, smaller apparent group",,Stovepipe fitting
20260915_101210-004,Stacked white rectangular trays or planter saucers (uncertain),,Planter accessory
20260915_101210-005,White square tapered planters,,Plant pot
20260915_101210-006,Terracotta-colored square tapered planters,,Plant pot
20260915_101210-007,Dark green square tapered planters,,Plant pot
20260915_101210-008,Terracotta-colored rectangular planters,,Planter
20260915_101210-009,Large round dark wire chimney-cleaning brushes,,Cleaning brush
20260915_101210-010,Small gold-colored cylindrical wire cleaning brushes,,Cleaning brush
20260915_101210-011,Tall gold-colored cylindrical wire cleaning brushes,,Cleaning brush
20260915_101210-012,Nested black round perforated baskets or strainers (uncertain),,Basket or strainer
20260915_101210-013,White urn-shaped pedestal flower vases,,Flower vase
20260915_101210-014,Gold-colored urn-shaped pedestal flower vases,,Flower vase
20260915_101210-015,White slender flared pedestal flower vases,,Flower vase
20260915_101210-016,"White tapered flower-vase inserts, shorter apparent group",,Flower vase insert
20260915_101210-017,"White tapered flower-vase inserts, taller apparent group",,Flower vase insert
20260915_101210-018,Black fluted pedestal flower vases,,Flower vase
20260915_101210-019,Stacked white circular planter saucers,,Plant saucer
20260915_101210-020,Clear flexible tubing coil,,Flexible tubing
20260915_101210-021,"Long narrow transparent tubes with fittings, partly visible (uncertain purpose)",,Tube assembly
20260915_101210-022,Large dark green protective-cased demijohns with blue caps,,Demijohn
20260915_101210-023,White curved elongated flower vases lying sideways (uncertain design),,Flower vase
20260915_101210-024,Black wire rectangular planter holders,,Planter holder
20260915_101212-001,White square tapered planters,,Plant pot
20260915_101212-002,Terracotta-colored square tapered planters,,Plant pot
20260915_101212-003,Dark green square tapered planters,,Plant pot
20260915_101212-004,Terracotta-colored rectangular planters,,Planter
20260915_101212-005,White urn-shaped pedestal flower vases,,Flower vase
20260915_101212-006,Gold-colored urn-shaped pedestal flower vases,,Flower vase
20260915_101212-007,White slender flared pedestal flower vases,,Flower vase
20260915_101212-008,"White tapered flower-vase inserts, shorter apparent group",,Flower vase insert
20260915_101212-009,"White tapered flower-vase inserts, taller apparent group",,Flower vase insert
20260915_101212-010,White curved elongated flower vases lying sideways (uncertain design),,Flower vase
20260915_101212-011,Gold-colored curved elongated flower vases lying sideways (uncertain design),,Flower vase
20260915_101212-012,Black fluted pedestal flower vases,,Flower vase
20260915_101212-013,Stacked white circular planter saucers,,Plant saucer
20260915_101212-014,Clear flexible tubing coil,,Flexible tubing
20260915_101212-015,Long narrow transparent tubes with fittings (uncertain purpose),,Tube assembly
20260915_101212-016,Nested black round perforated baskets or strainers,,Basket or strainer (uncertain)
20260915_101212-017,Tall gold-colored cylindrical wire cleaning brushes,,Cleaning brush
20260915_101212-018,Large dark green protective-cased demijohns with blue caps,,Demijohn
20260915_101212-019,Smaller dark green protective-cased demijohn with pale cap,,Demijohn
20260915_101212-020,"Dark cylindrical open containers, partly obscured (uncertain)",,Container
20260915_101212-021,Black wire rectangular planter holders,,Planter holder
20260915_101212-022,Long slender black rods or stakes (uncertain purpose),,Rod or stake
20260915_101214-001,White pedestal flower vase with flared rim,,Flower vase
20260915_101214-002,Gold-colored pedestal flower vase,,Flower vase
20260915_101214-003,White tapered ground-spike flower vase,,Grave flower vase
20260915_101214-004,Black ribbed pedestal flower vase,,Flower vase
20260915_101214-005,"Clear flexible tubing, coiled",,Hose / tubing
20260915_101214-006,Clear rigid tubes with end fittings (exact use uncertain),,Tube / dispensing accessory
20260915_101214-007,Rectangular wire planter holders,,Planter support
20260915_101214-008,Long dark metal stake with bent end (use uncertain),,Metal garden support
20260915_101214-009,"Terracotta-colored round flowerpots, larger visible group",,Flowerpot
20260915_101214-010,"Terracotta-colored round flowerpots, smaller visible group",,Flowerpot
20260915_101214-011,Terracotta-colored rectangular planter trays (partly obscured),,Planter tray
20260915_101214-012,Dark rectangular planter trays (partly obscured),,Planter tray
20260915_101214-013,Black round nursery pot,,Flowerpot
20260915_101214-014,"Yellow watering can, partly visible",,Watering can
20260915_101214-015,"Dark basket-covered demijohn, large apparent size",,Demijohn
20260915_101214-016,"Dark basket-covered demijohn, medium apparent size",,Demijohn
20260915_101214-017,"Dark basket-covered demijohn, small apparent size",,Demijohn
20260915_101214-018,"Dark perforated demijohn basket covers, stacked",,Demijohn accessory
20260915_101214-019,Long-wire cleaning brush with broad gold-colored bristle head,,Chimney / flue cleaning brush (probable)
20260915_101214-020,Long-wire cleaning brush with elongated gold-colored bristle head,,Chimney / flue cleaning brush (probable)
20260915_101214-021,Coiled-wire cylindrical cleaning head (exact use uncertain),,Cleaning brush / head
20260915_101214-022,"White-bristled long-wire cleaning brush, partly visible",,Cleaning brush
20260915_101217-001,Black adjustable metal window-box brackets,,Planter bracket
20260915_101217-002,White adjustable metal window-box brackets,,Planter bracket
20260915_101217-003,Brown rectangular window box,,Window-box planter
20260915_101217-004,White smooth tapered ground-spike flower vase,,Grave flower vase
20260915_101217-005,White fluted flower vase with wide flared rim,,Flower vase
20260915_101217-006,White rounded fluted flower container (exact form uncertain),,Flower container
20260915_101217-007,Bronze-colored tapered ground-spike flower vase,,Grave flower vase
20260915_101217-008,Bronze-colored short wide-rimmed flower container,,Flower container
20260915_101217-009,"Dark green tapered flower vase, partly obscured",,Flower vase
20260915_101217-010,Black ribbed pedestal flower vase,,Flower vase
20260915_101217-011,Rectangular wire planter holders,,Planter support
20260915_101217-012,Long dark metal stake with bent end (use uncertain),,Metal garden support
20260915_101217-013,"Black round nursery pot, partly visible",,Flowerpot
20260915_101219-001,Terracotta-colored rectangular window box,,Window-box planter
20260915_101219-002,White rectangular window box,,Window-box planter
20260915_101219-003,Taupe rectangular window box,,Window-box planter
20260915_101219-004,"Dark rectangular window box, partly visible",,Window-box planter
20260915_101219-005,White tall smooth tapered flower vase,,Flower vase
20260915_101219-006,White shallow round flower-container base / bowl (exact use uncertain),,Flower container accessory
20260915_101219-007,Gray smooth tapered flower vase,,Flower vase
20260915_101219-008,Bronze-colored smooth tapered flower vase,,Flower vase
20260915_101219-009,"Black ribbed pedestal flower vase, partly visible",,Flower vase
20260915_101219-010,"Bronze-colored ribbed pedestal flower vase, partly visible",,Flower vase
20260915_101219-011,White fluted ground-spike flower vase,,Grave flower vase
20260915_101219-012,White smooth ground-spike flower vase,,Grave flower vase
20260915_101219-013,Bronze-colored ground-spike flower vase,,Grave flower vase
20260915_101219-014,Bronze-colored short wide-rimmed flower container,,Flower container
20260915_101219-015,Black adjustable metal window-box brackets,,Planter bracket
20260915_101219-016,White adjustable metal window-box brackets,,Planter bracket
20260915_101219-017,Brown adjustable metal window-box brackets,,Planter bracket
20260915_101219-018,Wooden hanging bird feeder with pitched roof,,Bird feeder
20260915_101219-019,Broad round looped-wire cleaning heads,,Chimney / flue cleaning head (probable)
20260915_101219-020,Narrow cylindrical looped-wire cleaning heads,,Chimney / flue cleaning head (probable)
20260915_101219-021,Gold-colored round bristle cleaning heads,,Chimney / flue cleaning head (probable)
20260915_101219-022,Dark round bristle cleaning heads,,Chimney / flue cleaning head (probable)
20260915_101219-023,Coiled metal wire or cleaning rods at right (identification uncertain),,Wire / cleaning accessory
20260915_101223-001,"DRABEST folding aluminum household stepladder, shorter version",,Stepladder
20260915_101223-002,"DRABEST folding aluminum household stepladder, medium-height version",,Stepladder
20260915_101223-003,"DRABEST folding aluminum household stepladder, taller version",,Stepladder
20260915_101223-004,"Terracotta-colored rectangular planter saucer, smaller apparent size",,Planter saucer
20260915_101223-005,"Dark gray rectangular planter saucer, smaller apparent size",,Planter saucer
20260915_101223-006,"Taupe rectangular planter saucer, smaller apparent size",,Planter saucer
20260915_101223-007,"Terracotta-colored rectangular planter saucer, larger apparent size",,Planter saucer
20260915_101223-008,"Dark gray rectangular planter saucer, larger apparent size",,Planter saucer
20260915_101223-009,"Taupe rectangular planter saucer, larger apparent size",,Planter saucer
20260915_101223-010,Dark gray deep rectangular planter,,Planter
20260915_101223-011,Terracotta-colored deep rectangular planter,,Planter
20260915_101223-012,Taupe deep rectangular planter,,Planter
20260915_101223-013,Natural-colored cane plant-support hoops,,Plant support
20260915_101223-014,Glass demijohn with dark green protective basket and blue cap,,Demijohn
20260915_101223-015,"Long black wrapped rolls, contents uncertain",,Unidentified rolled garden material
20260915_101227-001,"Terracotta-colored rectangular planter saucer, smaller apparent size",,Planter saucer
20260915_101227-002,"Dark gray rectangular planter saucer, smaller apparent size",,Planter saucer
20260915_101227-003,"Taupe rectangular planter saucer, smaller apparent size",,Planter saucer
20260915_101227-004,"Terracotta-colored rectangular planter saucer, larger apparent size",,Planter saucer
20260915_101227-005,"Dark gray rectangular planter saucer, larger apparent size",,Planter saucer
20260915_101227-006,"Taupe rectangular planter saucer, larger apparent size",,Planter saucer
20260915_101227-007,"Terracotta-colored deep rectangular planter, smaller apparent size",,Planter
20260915_101227-008,"Dark gray deep rectangular planter, smaller apparent size",,Planter
20260915_101227-009,"Taupe deep rectangular planter, smaller apparent size",,Planter
20260915_101227-010,"Terracotta-colored deep rectangular planter, larger apparent size",,Planter
20260915_101227-011,"Dark gray deep rectangular planter, larger apparent size",,Planter
20260915_101227-012,"Taupe deep rectangular planter, larger apparent size",,Planter
20260915_101227-013,White round tapered flowerpot,,Flowerpot
20260915_101227-014,Terracotta-colored round tapered flowerpot,,Flowerpot
20260915_101227-015,Black round tapered flowerpot,,Flowerpot
20260915_101227-016,Natural-colored cane plant-support hoops,,Plant support
20260915_101227-017,DRABEST folding aluminum household stepladder,,Stepladder
20260915_101227-018,"Tall straight aluminum ladder, partly visible",,Ladder
20260915_101227-019,"Dark blue and gray vertically ribbed round planter, partly obscured",,Planter
20260915_101227-020,"Yellow poles with dark tips, intended use uncertain",,Unidentified garden poles
20260915_101233-001,Terracotta-colored square planter saucer,,Planter saucer
20260915_101233-002,Dark gray square planter saucer,,Planter saucer
20260915_101233-003,Taupe square planter saucer,,Planter saucer
20260915_101233-004,Terracotta-colored round planter saucer,,Planter saucer
20260915_101233-005,Dark gray round planter saucer,,Planter saucer
20260915_101233-006,Taupe round planter saucer,,Planter saucer
20260915_101233-007,Terracotta-colored tapered square planter,,Planter
20260915_101233-008,Dark gray tapered square planter,,Planter
20260915_101233-009,Taupe tapered square planter,,Planter
20260915_101233-010,White deep round flowerpot,,Flowerpot
20260915_101233-011,Terracotta-colored deep round flowerpot,,Flowerpot
20260915_101233-012,Dark gray deep round flowerpot,,Flowerpot
20260915_101233-013,Taupe deep round flowerpot,,Flowerpot
20260915_101233-014,White vertically ribbed round flowerpot,,Flowerpot
20260915_101233-015,Dark blue vertically ribbed round flowerpot,,Flowerpot
20260915_101233-016,Dark green vertically ribbed round flowerpot,,Flowerpot
20260915_101233-017,Light gray vertically ribbed round flowerpot,,Flowerpot
20260915_101233-018,White rectangular planter,,Planter
20260915_101233-019,White tapered square planter,,Planter
20260915_101233-020,White small round tapered flowerpot,,Flowerpot
20260915_101233-021,Terracotta-colored small round tapered flowerpot,,Flowerpot
20260915_101233-022,Dark gray small round tapered flowerpot,,Flowerpot
20260915_101233-023,"White and dark plastic elbow/connector fittings, exact application uncertain",,Pipe fitting
20260915_101233-024,"White plastic scoops, exact application uncertain",,Scoop
20260915_101233-025,Metal wire plant-pot holder basket,,Plant-pot holder
20260915_101233-026,Glass demijohn in dark green protective basket,,Demijohn
20260915_101233-027,Silver-colored square-grid wire mesh roll,,Wire mesh
20260915_101233-028,Silver-colored hexagonal wire netting roll,,Wire netting
20260915_101233-029,"Dark green domed fittings, possibly watering-can roses (uncertain)",,Unidentified garden fitting
20260915_101233-030,"Black domed fittings, possibly watering-can roses (uncertain)",,Unidentified garden fitting
20260915_101236-001,"Terracotta-colored round planter saucer, smaller apparent diameter",,Planter saucer
20260915_101236-002,"Dark gray round planter saucer, smaller apparent diameter",,Planter saucer
20260915_101236-003,"Taupe round planter saucer, smaller apparent diameter",,Planter saucer
20260915_101236-004,"Terracotta-colored round planter saucer, medium apparent diameter",,Planter saucer
20260915_101236-005,"Dark gray round planter saucer, medium apparent diameter",,Planter saucer
20260915_101236-006,"Taupe round planter saucer, medium apparent diameter",,Planter saucer
20260915_101236-007,"Terracotta-colored round planter saucer, larger apparent diameter",,Planter saucer
20260915_101236-008,"Dark gray round planter saucer, larger apparent diameter",,Planter saucer
20260915_101236-009,"Taupe round planter saucer, larger apparent diameter",,Planter saucer
20260915_101236-010,"White round tapered flowerpot, smaller apparent size",,Flowerpot
20260915_101236-011,"White round tapered flowerpot, larger apparent size",,Flowerpot
20260915_101236-012,"White vertically ribbed round flowerpot, partly visible",,Flowerpot
20260915_101236-013,"Dark blue vertically ribbed round flowerpot, partly visible",,Flowerpot
20260915_101236-014,"Dark green vertically ribbed round flowerpot, partly visible",,Flowerpot
20260915_101236-015,"Light gray vertically ribbed round flowerpot, partly visible",,Flowerpot
20260915_101236-016,"Silver-colored square-grid wire mesh roll, taller version",,Wire mesh
20260915_101236-017,Silver-colored hexagonal wire netting roll,,Wire netting
20260915_101236-018,"Silver-colored fine square-grid wire mesh roll, shorter version",,Wire mesh
20260915_101236-019,Green coated square-grid garden mesh roll,,Garden mesh
20260915_101236-020,"Dark green domed fittings, possibly watering-can roses (uncertain)",,Unidentified garden fitting
20260915_101236-021,"Black domed fittings, possibly watering-can roses (uncertain)",,Unidentified garden fitting
20260915_101236-022,"Dark metal plant-pot support frames, partly visible",,Plant-pot holder
20260915_101236-023,"Dark gray square planter saucers, partly visible",,Planter saucer
20260915_101236-024,"Taupe square planter saucers, partly visible",,Planter saucer
20260915_101240-001,Black watering-can rose attachment,,Watering-can accessory
20260915_101240-002,Dark green watering-can rose attachment,,Watering-can accessory
20260915_101240-003,Silver-colored rectangular-grid wire mesh roll,,Wire fencing mesh
20260915_101240-004,Silver-colored hexagonal wire netting roll,,Wire netting
20260915_101240-005,Silver-colored fine square-grid mesh roll,,Wire mesh
20260915_101240-006,"White round plant saucer, partly visible",,Plant saucer
20260915_101240-007,"Terracotta-colored round plant saucer, partly visible",,Plant saucer
20260915_101240-008,"Charcoal round plant saucer, partly visible",,Plant saucer
20260915_101244-001,Green large square-grid fencing mesh roll,,Fencing mesh
20260915_101244-002,Silver-colored hexagonal wire netting roll,,Wire netting
20260915_101244-003,"White round plant saucer, smaller visible diameter",,Plant saucer
20260915_101244-004,"White round plant saucer, larger visible diameter",,Plant saucer
20260915_101244-005,"Terracotta-colored round plant saucer, smaller visible diameter",,Plant saucer
20260915_101244-006,"Terracotta-colored round plant saucer, larger visible diameter",,Plant saucer
20260915_101244-007,"Charcoal round plant saucer, smaller visible diameter",,Plant saucer
20260915_101244-008,"Charcoal round plant saucer, larger visible diameter",,Plant saucer
20260915_101244-009,"Taupe-gray round plant saucer, smaller visible diameter",,Plant saucer
20260915_101244-010,"Taupe-gray round plant saucer, larger visible diameter",,Plant saucer
20260915_101244-011,Terracotta-colored square plant saucer,,Plant saucer
20260915_101244-012,Charcoal square plant saucer,,Plant saucer
20260915_101244-013,Taupe-gray square plant saucer,,Plant saucer
20260915_101244-014,White square plant saucer,,Plant saucer
20260915_101244-015,Black square tapered plant pot,,Plant pot
20260915_101244-016,Terracotta-colored round vertically ribbed plant pot,,Plant pot
20260915_101244-017,Terracotta-colored round tapered plant pot,,Plant pot
20260915_101244-018,Taupe-gray round tapered plant pot,,Plant pot
20260915_101244-019,White round tapered plant pot,,Plant pot
20260915_101244-020,"Dark blue ribbed round plant pot with pale rim, partly visible",,Plant pot
20260915_101244-021,Black or dark gray oval-bodied watering can,,Watering can
20260915_101244-022,Green oval-bodied watering can,,Watering can
20260915_101244-023,"Yellow watering can, partly obscured",,Watering can
20260915_101244-024,White tall narrow pedestal-style flower vase,,Flower vase
20260915_101244-025,Pink tall narrow pedestal-style flower vase,,Flower vase
20260915_101244-026,Dark gray tall narrow flower vase,,Flower vase
20260915_101244-027,"Dark gray large conical funnel, partly obscured",,Funnel
20260915_101246-001,Green large rectangular-grid wire fencing roll with wavy horizontal strands,,Wire fencing mesh
20260915_101246-002,Green smaller square-grid wire fencing roll,,Wire fencing mesh
20260915_101246-003,Green fine square-grid mesh roll,,Garden mesh
20260915_101246-004,"Green open diamond-pattern mesh roll, construction uncertain",,Garden mesh
20260915_101246-005,Black fine-grid mesh roll,,Garden mesh
20260915_101246-006,Silver-colored square-grid wire mesh roll,,Wire mesh
20260915_101246-007,Silver-colored hexagonal wire netting roll,,Wire netting
20260915_101246-008,Black square tapered plant pot,,Plant pot
20260915_101246-009,White square plant saucer,,Plant saucer
20260915_101246-010,Charcoal square plant saucer,,Plant saucer
20260915_101246-011,"Taupe-gray square plant saucer, partly visible",,Plant saucer
20260915_101246-012,"Terracotta-colored round plant saucer, partly visible",,Plant saucer
20260915_101246-013,"Charcoal round plant saucer, partly visible",,Plant saucer
20260915_101246-014,"Taupe-gray round plant saucer, partly visible",,Plant saucer
20260915_101246-015,Terracotta-colored round vertically ribbed plant pot,,Plant pot
20260915_101246-016,"Straight wooden tool handles, head fittings obscured",,Tool handle
20260915_101246-017,"Black scrollwork metal plant support or bracket, exact use uncertain",,Plant support / bracket
20260915_101249-001,Green coarse diamond-mesh fencing roll,,Garden mesh
20260915_101249-002,Grey fine square-mesh roll,,Wire mesh
20260915_101249-003,"Silver square-grid wire mesh roll, visibly coarser grid",,Wire mesh
20260915_101249-004,Terracotta-colored round tapered flowerpot with rolled rim,,Flowerpot
20260915_101249-005,Dark brown round tapered flowerpot with rolled rim,,Flowerpot
20260915_101249-006,White round tapered flowerpot with rolled rim,,Flowerpot
20260915_101249-007,Terracotta-colored shallow round plant saucer,,Plant saucer
20260915_101249-008,Terracotta-colored fluted round planter,,Flowerpot
20260915_101249-009,Black square tapered planter with horizontally ridged sides,,Planter
20260915_101249-010,Light grey square tapered planter with horizontally ridged sides,,Planter
20260915_101249-011,Terracotta-colored rectangular window box,,Window box
20260915_101249-012,Beige rectangular window box,,Window box
20260915_101249-013,Green rectangular window box,,Window box
20260915_101249-014,Natural bamboo U-shaped plant support,,Plant support
20260915_101249-015,"Black arched scrollwork metal plant support panel, exact function uncertain",,Decorative plant support
20260915_101249-016,Straight natural bamboo canes,,Plant stake
20260915_101252-001,Natural bamboo U-shaped plant support,,Plant support
20260915_101252-002,Straight natural bamboo canes,,Plant stake
20260915_101252-003,Natural bamboo fan-shaped ladder trellis,,Plant trellis
20260915_101252-004,"Black arched scrollwork metal plant support panel, exact function uncertain",,Decorative plant support
20260915_101252-005,Black square tapered planter with horizontally ridged sides,,Planter
20260915_101252-006,Light grey square tapered planter with horizontally ridged sides,,Planter
20260915_101252-007,Terracotta-colored round tapered flowerpot with rolled rim,,Flowerpot
20260915_101252-008,Green coarse diamond-mesh fencing roll,,Garden mesh
20260915_101252-009,Grey fine square-mesh roll,,Wire mesh
20260915_101252-010,"Silver square-grid wire mesh roll, visibly coarser grid",,Wire mesh
20260915_101255-001,Natural bamboo U-shaped plant support,,Plant support
20260915_101255-002,Straight natural bamboo canes,,Plant stake
20260915_101255-003,"Nortene natural bamboo fan-shaped ladder trellis, tall variant",,Plant trellis
20260915_101255-004,"Nortene natural bamboo fan-shaped ladder trellis, medium variant",,Plant trellis
20260915_101255-005,"Nortene natural bamboo fan-shaped ladder trellis, short variant",,Plant trellis
20260915_101255-006,"Nortene green circular plant-support cage, 150 cm",,Plant support
20260915_101255-007,"Nortene green circular plant-support cage, 90 cm",,Plant support
20260915_101255-008,"Green straight plant stakes, dimensions unreadable",,Plant stake
20260915_101255-009,Green coarse diamond-mesh fencing roll,,Garden mesh
20260915_101255-010,Grey fine square-mesh roll,,Wire mesh
20260915_101255-011,"Silver square-grid wire mesh roll, visibly coarser grid",,Wire mesh
20260915_101259-001,Natural bamboo fan-shaped lattice trellis,,Plant trellis
20260915_101259-002,Green fan-shaped lattice trellis,,Plant trellis
20260915_101259-003,Green arched ladder-style trellis,,Plant trellis
20260915_101259-004,Green straight coated plant stakes; dimensions unreadable,,Plant stake
20260915_101259-005,Natural straight bamboo canes; dimensions unreadable,,Bamboo plant stake
20260915_101259-006,Natural bamboo U-shaped plant supports,,Plant support hoop
20260915_101259-007,Green circular plant-support hoops,,Plant support ring
20260915_101259-008,Silver-colored hexagonal wire netting roll,,Wire mesh
20260915_101259-009,Silver-colored square-grid wire mesh roll,,Wire mesh
20260915_101259-010,Green square-grid mesh roll,,Garden mesh
20260915_101259-011,Dark fine-mesh roll; exact material uncertain,,Screening mesh
20260915_101259-012,Orange-red square-grid mesh roll,,Garden mesh
20260915_101259-013,Coir-wrapped plant support poles; lengths not separately resolved,,Climbing plant support pole
20260915_101303-001,Natural bamboo fan-shaped lattice trellis,,Plant trellis
20260915_101303-002,Green fan-shaped lattice trellis,,Plant trellis
20260915_101303-003,Green arched ladder-style trellis,,Plant trellis
20260915_101303-004,Natural bamboo U-shaped plant supports,,Plant support hoop
20260915_101303-005,Natural straight bamboo canes; dimensions unreadable,,Bamboo plant stake
20260915_101303-006,Green straight coated plant stakes; dimensions unreadable,,Plant stake
20260915_101303-007,Green circular plant-support hoops,,Plant support ring
20260915_101303-008,Silver-colored hexagonal wire netting roll,,Wire mesh
20260915_101303-009,Silver-colored square-grid wire mesh roll,,Wire mesh
20260915_101303-010,Green square-grid mesh roll,,Garden mesh
20260915_101303-011,Dark fine-mesh roll; exact material uncertain,,Screening mesh
20260915_101303-012,Orange-red square-grid mesh roll,,Garden mesh
20260915_101303-013,Coir-wrapped plant support poles; lengths not separately resolved,,Climbing plant support pole
20260915_101307-001,Natural straight bamboo canes; dimensions unreadable,,Bamboo plant stake
20260915_101307-002,Green straight coated plant stakes; dimensions unreadable,,Plant stake
20260915_101307-003,Green circular plant-support hoops,,Plant support ring
20260915_101307-004,Silver-colored hexagonal wire netting roll,,Wire mesh
20260915_101307-005,Coir-wrapped plant support poles; assorted visible lengths not separately verified,,Climbing plant support pole
20260915_101307-006,Silver-colored folding clothes drying rack; partially obscured,,Clothes drying rack
20260915_101313-001,TENGER dark-gray folding clothes drying rack,,Clothes drying rack
20260915_101313-002,White folding clothes drying rack with dark fittings,,Clothes drying rack
20260915_101313-003,White folding clothes drying rack with blue fittings,,Clothes drying rack
20260915_101313-004,GERGO white folding clothes drying rack with yellow product card,,Clothes drying rack
20260915_101313-005,White table-covering roll with red curved motifs; partly obscured,,Table covering
20260915_101313-006,Pale green and gray checked table-covering roll,,Table covering
20260915_101313-007,Pink and white grid table-covering roll with red squares,,Table covering
20260915_101313-008,Cream floral table-covering roll with yellow-orange flowers,,Table covering
20260915_101313-009,Red and white checked table-covering roll,,Table covering
20260915_101313-010,Green and white checked table-covering roll,,Table covering
20260915_101313-011,Green plastic watering can,,Watering can
20260915_101313-012,Orange-red plastic watering can,,Watering can
20260915_101313-013,Light-green plastic watering can; partially visible,,Watering can
20260915_101313-014,White tapered planter with raised geometric decoration,,Decorative planter
20260915_101313-015,Taupe tapered planter with raised geometric decoration,,Decorative planter
20260915_101313-016,Cream smooth tapered plant pot,,Plant pot
20260915_101313-017,Black smooth tapered plant pot,,Plant pot
20260915_101313-018,Dark-green smooth tapered plant pot,,Plant pot
20260915_101313-019,Gray smooth tapered plant pot,,Plant pot
20260915_101313-020,White broad cylindrical planter with dark interior,,Decorative planter
20260915_101313-021,Gray broad cylindrical planter with dark interior,,Decorative planter
20260915_101313-022,Silver-colored metal watering can,,Watering can
20260915_101313-023,Silver-colored tapered metal bucket with wire handle,,Bucket
20260915_101313-024,Gray tapered metal pot with hanging tag; exact use uncertain,,Plant pot or bucket
20260915_101318-001,Transparent table-cover roll,,Table covering
20260915_101318-002,Grey floral-pattern table-cover roll,,Table covering
20260915_101318-003,Pale green botanical-pattern table-cover roll,,Table covering
20260915_101318-004,Green-and-white gingham table-cover roll,,Table covering
20260915_101318-005,Pink grid and red-square table-cover roll,,Table covering
20260915_101318-006,Cream table-cover roll with small orange flowers,,Table covering
20260915_101318-007,Red-and-white checked table-cover roll with small dark motifs,,Table covering
20260915_101318-008,Green checked and countryside-patchwork table-cover roll,,Table covering
20260915_101318-009,Lemon-and-leaf print table-cover roll,,Table covering
20260915_101318-010,Blue table-cover roll with white daisies,,Table covering
20260915_101318-011,White folding clothes drying rack,,Clothes drying rack
20260915_101318-012,Grey folding clothes drying rack,,Clothes drying rack
20260915_101318-013,Grey slatted screening roll; material uncertain,,Garden privacy screening
20260915_101318-014,Natural-coloured pole torch with woven head and wick,,Garden torch
20260915_101322-001,Transparent table-cover roll,,Table covering
20260915_101322-002,Grey floral-pattern table-cover roll,,Table covering
20260915_101322-003,Pale green botanical-pattern table-cover roll,,Table covering
20260915_101322-004,Green-and-white gingham table-cover roll,,Table covering
20260915_101322-005,Pink grid and red-square table-cover roll,,Table covering
20260915_101322-006,Cream table-cover roll with small orange flowers,,Table covering
20260915_101322-007,Red-and-white checked table-cover roll with small dark motifs,,Table covering
20260915_101322-008,Green checked and countryside-patchwork table-cover roll,,Table covering
20260915_101322-009,Lemon-and-leaf print table-cover roll,,Table covering
20260915_101322-010,Blue table-cover roll with white daisies,,Table covering
20260915_101322-011,Beige printed table-cover roll with lettering and illustrated panels; theme uncertain,,Table covering
20260915_101322-012,Taupe table-cover roll with large pale leaves,,Table covering
20260915_101322-013,Cream table-cover roll with olive branches,,Table covering
20260915_101322-014,Grey tropical-leaf patterned table-cover roll,,Table covering
20260915_101322-015,Blue-grey table-cover roll with pale floral clusters,,Table covering
20260915_101322-016,Grey slatted screening roll; material uncertain,,Garden privacy screening
20260915_101322-017,Natural-coloured pole torch with woven head and wick,,Garden torch
20260915_101330-001,"Grillstar charcoal, 3 kg bag",,Barbecue charcoal
20260915_101330-002,"Weber charcoal briquettes, 8 kg bag",,Barbecue briquettes
20260915_101330-003,"Naturis beech smoking wood chips, 10 litre bag",,Smoking wood chips
20260915_101330-004,"Naturis beech smoking sawdust, 10 litre bag",,Smoking sawdust
20260915_101330-005,Short black-and-turquoise handled axe; exact model uncertain,,Hatchet
20260915_101330-006,Long black-and-turquoise handled axe; exact model uncertain,,Axe
20260915_101330-007,Clear rolled sheet in protective wrapping; exact use uncertain,,Rolled sheet material
20260915_101330-008,Natural-coloured pole torch with woven head and wick,,Garden torch
20260915_101330-009,Grey slatted screening roll; material uncertain,,Garden privacy screening
20260915_101336-001,"Green cylindrical garden sprayer, partly obscured; exact model uncertain",,Garden sprayer
20260915_101336-002,"Red cylindrical garden sprayer, partly obscured; exact model uncertain",,Garden sprayer
20260915_101336-003,Translucent green trigger spray bottle,,Trigger sprayer
20260915_101336-004,Yellow broom head with pale bristles in net sleeve,,Broom head
20260915_101336-005,Green broom head with pale bristles in net sleeve,,Broom head
20260915_101336-006,White translucent wide-mouth scoop,,Scoop
20260915_101336-007,Orange plastic fan leaf-rake head,,Leaf rake head
20260915_101336-008,Black straight-tooth hand rake with wooden handle,,Hand rake
20260915_101336-009,Dark green rectangular scoop with short handle,,Garden scoop
20260915_101336-010,Black pointed trowel with black and red handle,,Hand trowel
20260915_101336-011,Black broad trowel with black and red handle,,Hand trowel
20260915_101336-012,Polished metal pointed trowel with wooden handle,,Hand trowel
20260915_101336-013,Polished metal narrow transplanting trowel with wooden handle,,Transplanting trowel
20260915_101336-014,Polished metal three-tine hand fork with wooden handle,,Hand fork
20260915_101336-015,Small metal fan rake with wooden handle,,Hand leaf rake
20260915_101336-016,Red metal three-prong cultivator with wooden handle,,Hand cultivator
20260915_101336-017,Red metal loop-shaped weeding tool with wooden handle; exact type uncertain,,Hand weeder
20260915_101336-018,Floral-pattern hand trowel,,Hand trowel
20260915_101336-019,Floral-pattern hand fork,,Hand fork
20260915_101336-020,Black hand hoe with wooden handle,,Hand hoe
20260915_101336-021,Silver narrow wire fan rake with red handle,,Hand leaf rake
20260915_101336-022,Black broad-tine fan rake with red handle,,Hand leaf rake
20260915_101336-023,Black straight-tooth rake with red handle,,Hand rake
20260915_101336-024,Silver broad rounded trowel with dark handle,,Hand trowel
20260915_101336-025,Silver narrow pointed trowel with dark handle,,Transplanting trowel
20260915_101336-026,Turquoise and yellow children's gardening hand-tool set,,Children's gardening set
20260915_101336-027,Long braided elastic cords with metal hooks,,Bungee cord
20260915_101336-028,Coiled green and yellow elastic cords with hooks,,Bungee cord
20260915_101336-029,Orange multi-prong fruit-picking head in clear bag,,Fruit picker head
20260915_101336-030,Black and orange pruning saw in retail sleeve,,Pruning saw
20260915_101336-031,Wooden-handled orange tool heads at upper right; exact types obscured,,"Garden hand tool, uncertain"
20260915_101336-032,Long wooden replacement tool handles,,Replacement tool handle
20260915_101339-001,White translucent wide-mouth scoop,,Scoop
20260915_101339-002,Orange plastic fan leaf-rake head,,Leaf rake head
20260915_101339-003,"Green cylindrical garden sprayer, partly obscured; exact model uncertain",,Garden sprayer
20260915_101339-004,"Red cylindrical garden sprayer, partly obscured; exact model uncertain",,Garden sprayer
20260915_101339-005,Translucent green trigger spray bottle,,Trigger sprayer
20260915_101339-006,Yellow broom head with pale bristles in net sleeve,,Broom head
20260915_101339-007,Green broom head with pale bristles in net sleeve,,Broom head
20260915_101339-008,Black straight-tooth hand rake with wooden handle,,Hand rake
20260915_101339-009,Dark green rectangular scoop with short handle,,Garden scoop
20260915_101339-010,Black pointed trowel with black and red handle,,Hand trowel
20260915_101339-011,Black broad trowel with black and red handle,,Hand trowel
20260915_101339-012,Polished metal pointed trowel with wooden handle,,Hand trowel
20260915_101339-013,Polished metal narrow transplanting trowel with wooden handle,,Transplanting trowel
20260915_101339-014,Polished metal three-tine hand fork with wooden handle,,Hand fork
20260915_101339-015,Small metal fan rake with wooden handle,,Hand leaf rake
20260915_101339-016,Red metal three-prong cultivator with wooden handle,,Hand cultivator
20260915_101339-017,Red metal loop-shaped weeding tool with wooden handle; exact type uncertain,,Hand weeder
20260915_101339-018,Floral-pattern hand trowel,,Hand trowel
20260915_101339-019,Floral-pattern hand fork,,Hand fork
20260915_101339-020,Black hand hoe with wooden handle,,Hand hoe
20260915_101339-021,Silver narrow wire fan rake with red handle,,Hand leaf rake
20260915_101339-022,Black broad-tine fan rake with red handle,,Hand leaf rake
20260915_101339-023,Black straight-tooth rake with red handle,,Hand rake
20260915_101339-024,Silver broad rounded trowel with dark handle,,Hand trowel
20260915_101339-025,Silver narrow pointed trowel with dark handle,,Transplanting trowel
20260915_101339-026,Turquoise and yellow children's gardening hand-tool set,,Children's gardening set
20260915_101339-027,Long braided elastic cords with metal hooks,,Bungee cord
20260915_101339-028,Coiled green and yellow elastic cords with hooks,,Bungee cord
20260915_101339-029,Orange multi-prong fruit-picking head in clear bag,,Fruit picker head
20260915_101339-030,Black and orange pruning saw in retail sleeve,,Pruning saw
20260915_101339-031,Long wooden replacement tool handles,,Replacement tool handle
20260915_101339-032,Orange-handled polished metal broad trowel,,Hand trowel
20260915_101339-033,Orange-handled polished metal narrow trowel,,Transplanting trowel
20260915_101339-034,Orange-handled polished metal three-tine fork,,Hand fork
20260915_101339-035,Long wooden-handled red garden tool; head partly obscured,,"Long-handled garden tool, uncertain"
20260915_101339-036,Metal telescopic poles with black grips and locking collars; application uncertain,,Telescopic tool pole
20260915_101339-037,Black pointed spade with pale wooden shaft and D grip,,Digging spade
20260915_101339-038,Black square-ended shovel with pale wooden shaft and D grip,,Shovel
20260915_101339-039,"Broad black shovel or scoop blade, partly obscured",,"Shovel, uncertain"
20260915_101339-040,Grey pointed spade blade with metal shaft,,Digging spade
20260915_101339-041,Blue garden tool heads at lower edge; exact types obscured,,"Garden tool, uncertain"
20260915_101342-001,Orange-handled polished metal broad trowel,,Hand trowel
20260915_101342-002,Orange-handled polished metal narrow trowel,,Transplanting trowel
20260915_101342-003,Orange-handled polished metal three-tine fork,,Hand fork
20260915_101342-004,Metal telescopic poles with black grips and locking collars; application uncertain,,Telescopic tool pole
20260915_101342-005,Long wooden replacement tool handles,,Replacement tool handle
20260915_101342-006,Long wooden-handled red garden tool; head partly obscured,,"Long-handled garden tool, uncertain"
20260915_101342-007,"Green and black VERTO spray gun, partly obscured",,Hose spray gun
20260915_101342-008,Turquoise long tapered adjustable hose nozzle,,Hose nozzle
20260915_101342-009,Turquoise and black impact sprinkler on spike,,Impact sprinkler
20260915_101342-010,Turquoise three-arm rotary sprinkler,,Rotary sprinkler
20260915_101342-011,Turquoise and black circular multi-pattern sprinkler head,,Garden sprinkler
20260915_101342-012,Turquoise multi-pattern pistol spray gun with black round head,,Hose spray gun
20260915_101342-013,Turquoise and grey pistol spray gun with narrow outlet,,Hose spray gun
20260915_101342-014,Turquoise and grey adjustable nozzle with hose connector set,,Hose nozzle set
20260915_101342-015,Turquoise and grey inline hose connector or repair coupling; exact subtype uncertain,,Hose connector
20260915_101342-016,Turquoise and grey angled adjustable nozzle,,Hose nozzle
20260915_101342-017,Turquoise two-outlet tap manifold with grey controls,,Hose tap splitter
20260915_101342-018,Orange and black multi-pattern pistol spray gun,,Hose spray gun
20260915_101342-019,Black and orange multi-pattern pistol spray gun,,Hose spray gun
20260915_101342-020,Turquoise double-ended male hose connector,,Hose connector
20260915_101342-021,Turquoise female threaded tap adapter with dark collar,,Tap adapter
20260915_101342-022,Turquoise quick-connect hose coupling with black collar,,Hose connector
20260915_101342-023,Turquoise Y-shaped three-way hose connector,,Three-way hose connector
20260915_101342-024,"Turquoise threaded tap connector, exact fitting size unreadable",,Tap adapter
20260915_101342-025,Orange and black hose fitting set on retail card,,Hose connector set
20260915_101342-026,Black and orange hose fitting set on retail card,,Hose connector set
20260915_101342-027,Turquoise hose fitting set on retail card,,Hose connector set
20260915_101344-001,Turquoise narrow-outlet pistol spray gun,,Hose spray gun
20260915_101344-002,Turquoise and grey shower-head spray pistol,,Hose spray gun
20260915_101344-003,Black pistol-grip adjustable spray gun,,Hose spray gun
20260915_101344-004,Turquoise circular multi-pattern sprinkler,,Garden sprinkler
20260915_101344-005,Turquoise three-arm rotary sprinkler,,Rotary sprinkler
20260915_101344-006,Turquoise and black impact sprinkler,,Impact sprinkler
20260915_101344-007,Turquoise spike-mounted sprinkler,,Garden sprinkler
20260915_101344-008,Turquoise two-outlet tap manifold,,Tap splitter
20260915_101344-009,Black and turquoise four-outlet tap manifold,,Tap splitter
20260915_101344-010,Turquoise straight adjustable nozzle,,Hose nozzle
20260915_101344-011,Turquoise angled hose nozzle,,Hose nozzle
20260915_101344-012,Turquoise hose connector set on hanging card,,Hose connector set
20260915_101344-013,Turquoise loose quick-connect hose fittings; sizes unreadable,,Hose connector
20260915_101344-014,Brass-colored loose hose fittings; individual sizes unreadable,,Hose fitting
20260915_101344-015,White and turquoise pump sprayer,,Hand sprayer
20260915_101344-016,Yellow and turquoise trigger spray head,,Spray bottle trigger
20260915_101344-017,Pink trigger spray head in packet,,Spray bottle trigger
20260915_101344-018,Turquoise wheeled broadcast or drop spreader; dispensing mechanism partly obscured,,Garden spreader
20260915_101344-019,Orange plastic fan leaf rake,,Leaf rake
20260915_101344-020,Wooden replacement tool handles,,Tool handle
20260915_101344-021,Metal telescopic poles with black grips,,Telescopic tool pole
20260915_101344-022,Turquoise three-prong cultivator with black handle,,Hand cultivator
20260915_101344-023,Turquoise broad trowel with black handle,,Hand trowel
20260915_101344-024,Silver wire fan rake with dark handle,,Hand rake
20260915_101344-025,Turquoise pruning scissors with loop handles,,Garden scissors
20260915_101344-026,Turquoise-handled pruning shears with curved blades,,Pruning shears
20260915_101344-027,Black and turquoise pruning shears,,Pruning shears
20260915_101344-028,Silver-shaft long-handled pruning tool; head partly obscured,,Lopper or hedge shear (uncertain)
20260915_101344-029,Boxed rectangular oscillating sprinkler,,Oscillating sprinkler
20260915_101344-030,Boxed sprinkler with circular base,,Garden sprinkler
20260915_101344-031,Boxed KOTECH long-handled scoop and rake set (exact application uncertain),,Garden cleanup tool set
20260915_101347-001,Orange coiled garden hose,,Garden hose
20260915_101347-002,Grey-green coiled garden hose,,Garden hose
20260915_101347-003,Black spray pistol with turquoise collar and orange trigger,,Hose spray gun
20260915_101347-004,Grey spray pistol with orange head and trigger,,Hose spray gun
20260915_101347-005,Black compact spray pistol with turquoise band and orange trigger,,Hose spray gun
20260915_101347-006,Black tapered nozzle with orange ring,,Hose nozzle
20260915_101347-007,Grey and orange quick-connect hose fitting,,Hose connector
20260915_101347-008,Grey and orange water-stop hose fitting,,Hose connector
20260915_101347-009,Orange branching hose connector,,Hose splitter
20260915_101347-010,Grey threaded tap adapter with orange ring,,Tap connector
20260915_101347-011,Grey rounded tap connector,,Tap connector
20260915_101347-012,Grey and orange straight hose repair coupling,,Hose repair connector
20260915_101347-013,Black and turquoise quick-connect hose fitting,,Hose connector
20260915_101347-014,Turquoise straight cylindrical hose fitting,,Hose connector
20260915_101347-015,Black pistol-grip hose sprayer,,Hose spray gun
20260915_101347-016,Grey and turquoise shower-head watering pistol,,Hose spray gun
20260915_101347-017,Turquoise circular multi-pattern watering head,,Sprinkler or spray head (uncertain)
20260915_101347-018,Turquoise and black rotary sprinkler head,,Garden sprinkler
20260915_101347-019,Turquoise two-outlet tap manifold,,Tap splitter
20260915_101347-020,Black and turquoise four-outlet tap manifold,,Tap splitter
20260915_101347-021,Turquoise straight adjustable hose nozzle,,Hose nozzle
20260915_101347-022,Turquoise and grey spike sprinkler,,Garden sprinkler
20260915_101347-023,Turquoise and black impact sprinkler,,Garden sprinkler
20260915_101347-024,White and turquoise pump spray bottle,,Hand sprayer
20260915_101347-025,Yellow and turquoise trigger spray head,,Spray bottle trigger
20260915_101347-026,Pink trigger spray head in packet,,Spray bottle trigger
20260915_101347-027,Turquoise-handled bypass secateurs with silver curved blade,,Pruning shears
20260915_101347-028,All-turquoise curved-handle secateurs,,Pruning shears
20260915_101347-029,Grey and turquoise secateurs with broad silver blade,,Pruning shears
20260915_101347-030,Black and turquoise secateurs with dark blade,,Pruning shears
20260915_101347-031,Silver metal secateurs with turquoise grip accents,,Pruning shears
20260915_101347-032,Turquoise loop-handled pruning scissors,,Garden scissors
20260915_101347-033,Turquoise three-prong hand fork with black handle,,Hand cultivator
20260915_101347-034,Turquoise broad hand trowel with black handle,,Hand trowel
20260915_101347-035,Silver wire fan hand rake,,Hand rake
20260915_101347-036,Black adjustable hose nozzle with silver band,,Hose nozzle
20260915_101347-037,Turquoise handheld grass shears,,Grass shears
20260915_101347-038,"Black and turquoise narrow garden hand tool, head obscured",,Garden hand tool (uncertain)
20260915_101347-039,Boxed oscillating lawn sprinkler,,Garden sprinkler
20260915_101347-040,Boxed lawn sprinkler on round base,,Garden sprinkler
20260915_101347-041,"White, black and turquoise rectangular sprinkler",,Oscillating sprinkler
20260915_101347-042,Brass-colored hose fittings on hanging cards,,Hose fittings (individual forms uncertain)
20260915_101351-001,Grey-green coiled garden hose,,Garden hose
20260915_101351-002,Black and orange coiled garden hose,,Garden hose
20260915_101351-003,Black coiled hose in clear wrapping,,Garden hose
20260915_101351-004,Grey stackable plastic step stool,,Step stool
20260915_101351-005,White perforated plastic step stool,,Step stool
20260915_101351-006,White plastic step stool with rectangular opening,,Step stool
20260915_101351-007,Boxed garden pressure sprayer,,Pressure sprayer
20260915_101351-008,Silver wire fan rake head,,Leaf rake
20260915_101351-009,Turquoise wide slotted rake head,,Leaf rake
20260915_101351-010,Silver garden shower with curved head and orange control,,Garden shower
20260915_101351-011,Long silver garden-tool handles with black ends,,Garden tool handle
20260915_101351-012,Turquoise and black long-handled pruning tool,,Lopper or hedge shear (partly obscured)
20260915_101351-013,Brown-handled long pruning tool,,Lopper or hedge shear (partly obscured)
20260915_101351-014,Orange Y-shaped garden-tool handle,,Garden tool handle
20260915_101351-015,Black spray pistol with turquoise collar and orange trigger,,Hose spray gun
20260915_101351-016,Grey spray pistol with orange head and trigger,,Hose spray gun
20260915_101351-017,Black compact spray pistol with turquoise band and orange trigger,,Hose spray gun
20260915_101351-018,Black tapered nozzle with orange ring,,Hose nozzle
20260915_101351-019,Grey and orange quick-connect hose fitting,,Hose connector
20260915_101351-020,Grey and orange water-stop hose fitting,,Hose connector
20260915_101351-021,Orange branching hose connector,,Hose splitter
20260915_101351-022,Grey threaded tap adapter with orange ring,,Tap connector
20260915_101351-023,Grey rounded tap connector,,Tap connector
20260915_101351-024,Turquoise-handled bypass secateurs with silver curved blade,,Pruning shears
20260915_101351-025,All-turquoise curved-handle secateurs,,Pruning shears
20260915_101351-026,Grey and turquoise secateurs with broad silver blade,,Pruning shears
20260915_101351-027,Black and turquoise secateurs with dark blade,,Pruning shears
20260915_101351-028,Turquoise three-prong hand fork with black handle,,Hand cultivator
20260915_101351-029,Turquoise broad hand trowel with black handle,,Hand trowel
20260915_101351-030,Silver wire fan hand rake,,Hand rake
20260915_101351-031,Turquoise handheld grass shears,,Grass shears
20260915_101351-032,"Black and turquoise narrow garden hand tool, head obscured",,Garden hand tool (uncertain)
20260915_101351-033,Boxed oscillating lawn sprinkler,,Garden sprinkler
20260915_101351-034,Boxed lawn sprinkler on round base,,Garden sprinkler
20260915_101351-035,"White, black and turquoise rectangular sprinkler",,Oscillating sprinkler
20260915_101351-036,Gardena Basic orange garden hose - 20 m,,Garden hose
20260915_101355-001,Long black-shaft axe with orange hollow-ended grip,,Axe
20260915_101355-002,Shorter black-shaft axe with orange hollow-ended grip,,Axe
20260915_101355-003,Compact orange-handled hatchet,,Hatchet
20260915_101355-004,"Turquoise hollow-ended garden-tool handle, head hidden",,Garden tool (uncertain)
20260915_101355-005,Black long-handled spade with pointed blade,,Spade
20260915_101355-006,Black long-handled shovel with broad rounded blade,,Shovel
20260915_101355-007,Bag of grill charcoal,,Barbecue charcoal
20260915_101355-008,Weber firelighter cubes in box,,Barbecue firelighter
20260915_101355-009,Roll of pale woven screening,,Garden screening
20260915_101355-010,Bamboo-colored thin garden stakes,,Plant support stake
20260915_101355-011,Wooden replacement tool handles,,Tool handle
20260915_101355-012,"Long white spiral-shaped pieces in clear sleeves, purpose uncertain",,Unidentified garden accessory
20260915_101358-001,Fiskars hosszú nyelű hasítófejsze,,Fejsze
20260915_101358-002,"Fiskars közepes nyelű fejsze, pontos modell nem olvasható",,Fejsze
20260915_101358-003,Fiskars rövid nyelű kézifejsze,,Fejsze
20260915_101358-004,"Fiskars fekete lapát, narancssárga címkével",,Lapát
20260915_101358-005,"Zöld lombgyűjtő lapátpár, kézi levélgyűjtő",,Lombgyűjtő eszköz
20260915_101358-006,"Grillező faszén, 2,5 kg-os zsák",,Grill-tüzelőanyag
20260915_101358-007,"Weber grill-tüzelőanyag, pontos fajta nem olvasható",,Grill-tüzelőanyag
20260915_101403-001,"Fiskars fém kerti gereblye, nyéllel",,Gereblye
20260915_101403-002,"Fiskars fekete műanyag lombseprű, nyéllel",,Lombseprű
20260915_101403-003,Zöld kézi lombgyűjtő lapátpár,,Lombgyűjtő eszköz
20260915_101403-004,Fiskars hosszú nyelű hasítófejsze,,Fejsze
20260915_101403-005,"Fiskars közepes nyelű fejsze, pontos modell nem olvasható",,Fejsze
20260915_101403-006,Fiskars rövid nyelű kézifejsze,,Fejsze
20260915_101403-007,"Fiskars széles, szögletes lapát",,Lapát
20260915_101403-008,Fiskars hegyes ásó,,Ásó
20260915_101403-009,"Fiskars fekete-narancssárga szerszámnyél, csatlakozós kivitel",,Szerszámnyél
20260915_101403-010,"Grill Holzkohle faszén, 2,5 kg",,Grill-tüzelőanyag
20260915_101407-001,"Fiskars Classic univerzális olló, narancssárga nyéllel",,Olló
20260915_101407-002,Fiskars kék nyelű olló,,Olló
20260915_101407-003,Fiskars Classic kis hegyes olló,,Olló
20260915_101407-004,"Fiskars Classic olló, átlátszó pengavédővel",,Olló
20260915_101407-005,Fiskars fekete mellévágó metszőolló,,Metszőolló
20260915_101407-006,Fiskars fekete-narancssárga rávágó metszőolló,,Metszőolló
20260915_101407-007,Fiskars Special edition rózsaszín mellévágó metszőolló,,Metszőolló
20260915_101407-008,Fiskars fekete-narancssárga mellévágó metszőolló,,Metszőolló
20260915_101407-009,Fiskars fehér-fekete mellévágó metszőolló,,Metszőolló
20260915_101407-010,"Fiskars Solid kés, tokkal",,Kés
20260915_101407-011,Fiskars 2 az 1-ben fejsze- és késélező,,Szerszámélező
20260915_101407-012,Fiskars fém kerti gereblye,,Gereblye
20260915_101407-013,"Barna hosszú nyakú üvegpalack, tartalma nem azonosítható",,Üvegpalack
20260915_101410-001,Fiskars fekete D-markolatú ásó,,Ásó
20260915_101410-002,Fiskars narancssárga D-markolatú lapát,,Lapát
20260915_101410-003,Fiskars narancssárga D-markolatú ásó,,Ásó
20260915_101410-004,Fiskars hosszú fekete-narancssárga szerszámnyél,,Szerszámnyél
20260915_101410-005,Fiskars hosszú nyelű hasítófejsze,,Fejsze
20260915_101410-006,Fiskars rövid nyelű kézifejsze,,Fejsze
20260915_101410-007,"Fiskars Solid kés, tokkal",,Kés
20260915_101410-008,Fiskars 2 az 1-ben fejsze- és késélező,,Szerszámélező
20260915_101410-009,"Fiskars mellévágó ágvágó, fekete nyéllel",,Ágvágó olló
20260915_101410-010,"Fiskars teleszkópos ágvágó, szürke nyéllel",,Ágvágó olló
20260915_101410-011,Fiskars fekete-narancssárga sövénynyíró olló,,Sövénynyíró olló
20260915_101410-012,Fiskars narancssárga nyelű sövénynyíró olló,,Sövénynyíró olló
20260915_101410-013,Fiskars kék jelölésű tömlőcsatlakozó,,Öntözési csatlakozó
20260915_101410-014,Fiskars narancssárga jelölésű tömlőcsatlakozó,,Öntözési csatlakozó
20260915_101410-015,Fiskars forgatható fejű fűnyíró olló,,Fűnyíró olló
20260915_101410-016,Fiskars fekete műanyag lombseprűfej,,Lombseprű
20260915_101410-017,Zöld kézi lombgyűjtő lapátpár,,Lombgyűjtő eszköz
20260915_101410-018,"Átlátszó üvegpalack, csavaros szájjal",,Üvegpalack
20260915_101410-019,Nagy zöldes üvegballon,,Üvegballon
20260915_101413-001,"Fiskars mellévágó ágvágó, fekete nyéllel",,Ágvágó olló
20260915_101413-002,Fiskars szürke nyelű rávágó ágvágó,,Ágvágó olló
20260915_101413-003,Fiskars narancssárga-fekete sövénynyíró olló,,Sövénynyíró olló
20260915_101413-004,Fiskars forgatható fejű fűnyíró olló,,Fűnyíró olló
20260915_101413-005,Fiskars kék jelölésű tömlőcsatlakozó,,Öntözési csatlakozó
20260915_101413-006,Fiskars narancssárga jelölésű tömlőcsatlakozó,,Öntözési csatlakozó
20260915_101413-007,Fiskars 2 az 1-ben fejsze- és késélező,,Szerszámélező
20260915_101413-008,Fiskars fekete széles lombseprűfej,,Lombseprű
20260915_101413-009,Fiskars keskenyebb fekete lombseprűfej,,Lombseprű
20260915_101413-010,Zöld kézi lombgyűjtő lapátpár,,Lombgyűjtő eszköz
20260915_101413-011,Fiskars fekete-narancssárga szerszámnyél,,Szerszámnyél
20260915_101413-012,"Fiskars narancssárga D-markolatú kerti szerszám, feje takart",,Ásó vagy lapát
20260915_101413-013,"Kis szögletes üveg, ezüstszínű csavaros tetővel",,Tárolóüveg
20260915_101413-014,"Magas átlátszó üvegpalack, csavaros szájjal",,Üvegpalack
20260915_101413-015,"Nagy, széles szájú befőttesüveg, tető nélkül",,Befőttesüveg
20260915_101413-016,"Nagy befőttesüveg, fehér tetővel",,Befőttesüveg
20260915_101413-017,Zöld műanyag palacktartó rekesz,,Palacktartó
20260915_101419-001,"Gardena Basic öntözőtömlő, 20 m, 13 mm (1/2 col)",,Öntözőtömlő
20260915_101419-002,"Gardena narancssárga öntözőtömlő, 25 m",,Öntözőtömlő
20260915_101419-003,"Gardena Classic öntözőtömlő, 20 m, 13 mm (1/2 col)",,Öntözőtömlő
20260915_101419-004,"Gardena Classic öntözőtömlő, 50 m, 13 mm (1/2 col)",,Öntözőtömlő
20260915_101419-005,Fekete-narancssárga csíkos öntözőtömlő,,Öntözőtömlő
20260915_101419-006,"Fekete tömlőtekercs, csomagolva, pontos típus nem olvasható",,Tömlő
20260915_101419-007,Gardena Samba körszóró,,Esőztető
20260915_101419-008,Gardena fekete-piros négyszögesőztető,,Esőztető
20260915_101419-009,Gardena kék-fekete négyszögesőztető,,Esőztető
20260915_101419-010,"Gardena EasyCut metszőolló, 20 mm vágási átmérő",,Metszőolló
20260915_101419-011,Gardena kézi fűnyíró olló,,Fűnyíró olló
20260915_101419-012,Barna nyelű kézi lombseprű,,Kézi lombseprű
20260915_101419-013,Barna nyelű kézi kultivátor,,Kézi kultivátor
20260915_101419-014,Barna nyelű ültetőlapát,,Ültetőlapát
20260915_101419-015,Hosszú szürke-fekete kerti szerszámnyél,,Szerszámnyél
20260915_101419-016,Szürke műanyag ülőke,,Ülőke
20260915_101419-017,Fehér műanyag fellépő,,Fellépő
20260915_101419-018,"Fehér mintás műanyag fellépő, színes csúszásgátló pontokkal",,Fellépő
20260915_101419-019,Fa ülőke,,Ülőke
20260915_101419-020,"RAMP flexibilis kerti tömlő, dobozban",,Öntözőtömlő
20260915_101422-001,Fém lombseprűfej,,Lombseprű
20260915_101422-002,"Gardena kerti zuhany, fém állvánnyal és szabályozócsappal",,Kerti zuhany
20260915_101422-003,Hosszú nyelű szemétszedő csipesz,,Szemétszedő eszköz
20260915_101422-004,"Gardena ívelt kerti fűrész, kék-fekete nyéllel",,Ágfűrész
20260915_101422-005,Gardena Y alakú tömlőelosztó,,Öntözési csatlakozó
20260915_101422-006,"Gardena hosszú nyelű ágvágó olló, részben takart",,Ágvágó olló
20260915_101422-007,Gardena Water Stop szórópisztoly-készlet,,Locsolópisztoly
20260915_101422-008,"Gardena vízmegállítós tömlőcsatlakozó, piros betéttel",,Öntözési csatlakozó
20260915_101422-009,"Gardena tömlő-gyorscsatlakozó, szürke-fekete kivitel",,Öntözési csatlakozó
20260915_101422-010,"Gardena EasyCut mellévágó metszőolló, 20 mm",,Metszőolló
20260915_101422-011,"Gardena mellévágó metszőolló, 18 mm",,Metszőolló
20260915_101422-012,Gardena kézi fűnyíró olló,,Fűnyíró olló
20260915_101422-013,Fekete kézi lombseprű,,Kézi lombseprű
20260915_101422-014,Barna nyelű kézi kultivátor,,Kézi kultivátor
20260915_101422-015,Barna nyelű ültetőlapát,,Ültetőlapát
20260915_101422-016,Barna nyelű kézi lombseprű,,Kézi lombseprű
20260915_101422-017,"Gardena Basic öntözőtömlő, 20 m, 13 mm (1/2 col)",,Öntözőtömlő
20260915_101422-018,"Narancssárga öntözőtömlő, címkéje takart",,Öntözőtömlő
20260915_101422-019,Gardena szürkéskék csíkos öntözőtömlő,,Öntözőtömlő
20260915_101422-020,Fekete-narancssárga csíkos öntözőtömlő,,Öntözőtömlő
20260915_101422-021,"Fekete tömlőtekercs, csomagolva, pontos típus nem olvasható",,Tömlő
20260915_101422-022,Szürke műanyag ülőke,,Ülőke
20260915_101422-023,Fehér műanyag fellépő,,Fellépő
20260915_101422-024,"Fehér mintás műanyag fellépő, színes csúszásgátló pontokkal",,Fellépő
20260915_101422-025,Fa ülőke,,Ülőke
20260915_101422-026,"Gardena dobozos esőztető, pontos modell takart",,Esőztető
20260915_101427-001,Szürke műanyag ülőke,,Ülőke
20260915_101427-002,Fehér műanyag ülőke,,Ülőke
20260915_101427-003,Fehér műanyag fellépő,,Fellépő
20260915_101427-004,"Fehér mintás műanyag fellépő, csillagos csúszásgátló felülettel",,Fellépő
20260915_101427-005,"Fa ülőke, részben takart",,Ülőke
20260915_101427-006,"RAMP flexibilis kerti tömlő, dobozban",,Öntözőtömlő
20260915_101427-007,Narancssárga öntözőtömlő tekercsben,,Öntözőtömlő
20260915_101427-008,"Fekete tömlőtekercs, csomagolva, pontos típus nem olvasható",,Tömlő
20260915_101427-009,Sötétszürke csíkos öntözőtömlő tekercsben,,Öntözőtömlő
20260915_101427-010,Kék kerekes szórókocsi,,Vetőmag- és műtrágyaszóró
20260915_101427-011,"Hosszú fémnyelű, szögletes lapát",,Lapát
20260915_101427-012,Narancssárga műanyag lombseprűfej,,Lombseprű
20260915_101427-013,Zöld kézi ültetőlapát,,Ültetőlapát
20260915_101427-014,"Kék-zöld metszőolló, függőcsomagolásban",,Metszőolló
20260915_101427-015,"Fiskars fejsze, részben takart",,Fejsze
20260915_101427-016,"Fiskars fekete lombseprűfej, narancssárga címkével",,Lombseprű
20260915_101427-017,Zöld kézi lombgyűjtő lapátpár,,Lombgyűjtő eszköz
20260915_101427-018,Piros műanyag sörtéjű seprű,,Seprű
20260915_101433-001,"Átlátszó hengeres tároló, fekete fedéllel",,Élelmiszertároló
20260915_101433-002,"Fekete hengeres tároló, zöld fedéllel",,Élelmiszertároló
20260915_101433-003,"Fekete téglalap alakú tároló, zöld fedéllel",,Élelmiszertároló
20260915_101433-004,"Átlátszó kerek ételtároló, zöld fedéllel",,Ételtároló doboz
20260915_101433-005,"Átlátszó kerek ételtároló, narancssárga fedéllel",,Ételtároló doboz
20260915_101433-006,"Átlátszó kerek ételtároló, rózsaszín fedéllel",,Ételtároló doboz
20260915_101433-007,"Átlátszó kerek ételtároló, kék fedéllel",,Ételtároló doboz
20260915_101433-008,"Átlátszó kerek ételtároló, sárga fedéllel",,Ételtároló doboz
20260915_101433-009,"Átlátszó téglalap alakú ételtároló, rózsaszín fedéllel",,Ételtároló doboz
20260915_101433-010,McFresh háromrészes műanyag tárolótálkészlet,,Ételtároló készlet
20260915_101433-011,"Átlátszó téglalap alakú tároló, kék peremű fedéllel",,Ételtároló doboz
20260915_101433-012,"Fehér citrusprés, átlátszó gyűjtőedénnyel",,Citrusprés
20260915_101433-013,"Lila sportkulacs, fekete kupakkal",,Kulacs
20260915_101433-014,"Zöld sportkulacs, fekete kupakkal",,Kulacs
20260915_101433-015,"Fa konyhai eszköz, csomagolva, pontos funkció takart",,Konyhai eszköz
20260915_101433-016,Világoskék ananász alakú jégkockakészítő forma,,Jégkockatartó
20260915_101433-017,Fehér téglalap alakú jégkockatartó,,Jégkockatartó
20260915_101433-018,"Szürke nyitott tárolódoboz, elülső kivágással",,Rendszerező
20260915_101433-019,"Fehér nyitott tárolódoboz, elülső kivágással",,Rendszerező
20260915_101433-020,"Átlátszó kerek csatos ételtároló, nagy kivitel",,Ételtároló doboz
20260915_101433-021,"Átlátszó kerek csatos ételtároló, kis kivitel",,Ételtároló doboz
20260915_101433-022,Átlátszó kis szögletes csatos ételtároló,,Ételtároló doboz
20260915_101433-023,Átlátszó téglalap alakú csatos ételtároló,,Ételtároló doboz
20260915_101433-024,Fehér perforált műanyag tárolókosár,,Tárolókosár
20260915_101433-025,Szürke perforált műanyag tárolókosár,,Tárolókosár
20260915_101433-026,Türkiz perforált műanyag tárolókosár,,Tárolókosár
20260915_101433-027,Kék perforált műanyag tárolókosár,,Tárolókosár
20260915_101433-028,Zöld perforált műanyag tárolókosár,,Tárolókosár
20260915_101433-029,Szürke ovális tál,,Tál
20260915_101433-030,Fehér ovális tál,,Tál
20260915_101433-031,Szürke kerek tálka,,Tálka
20260915_101433-032,Fehér kerek tálka,,Tálka
20260915_101433-033,Szürke szögletes tálka,,Tálka
20260915_101433-034,Fehér szögletes tálka,,Tálka
20260915_101433-035,Fekete szögletes tálka,,Tálka
20260915_101433-036,Szürke téglalap alakú tálca,,Tálca
20260915_101433-037,Fehér téglalap alakú tálca,,Tálca
20260915_101433-038,"Átlátszó kerek tároló, szürke fedéllel",,Ételtároló doboz
20260915_101433-039,Türkiz fedeles téglalap alakú ételtároló,,Ételtároló doboz
20260915_101433-040,Szürke fedeles téglalap alakú ételtároló,,Ételtároló doboz
20260915_101433-041,Szürke fedeles ovális ételtároló,,Ételtároló doboz
20260915_101433-042,Szürke műanyag edénycsepegtető,,Edényszárító
20260915_101433-043,Fehér műanyag edénycsepegtető,,Edényszárító
20260915_101433-044,Zöld műanyag edénycsepegtető,,Edényszárító
20260915_101433-045,"Átlátszó fedeles doboz, piros fogantyúval",,Tárolódoboz
20260915_101433-046,Fehér-zöld mosogató melletti rendszerező,,Mosogatórendszerező
20260915_101433-047,Fekete-szürke rekeszes evőeszköztartó,,Evőeszköztartó
20260915_101433-048,Zöld rekeszes evőeszköztartó,,Evőeszköztartó
20260915_101433-049,Szürke rekeszes evőeszköztartó,,Evőeszköztartó
20260915_101433-050,Fehér nagy szögletes műanyag tál,,Műanyag tál
20260915_101440-001,"Unikén törzsoldat, 1 liter",,Borászati kezelőszer
20260915_101440-002,"Unikén szalicil, tasakos",,Befőzési segédanyag
20260915_101440-003,PÉPÓ folyékony gyújtós,,Tűzgyújtó folyadék
20260915_101440-004,Szúnyogriasztó olaj,,Lámpaolaj
20260915_101440-005,"Világítási petróleum, fekete palackban, 1 liter",,Petróleum
20260915_101440-006,"Kék folyadék szórófejes palackban, pontos termék nem olvasható",,Háztartási tisztítószer
20260915_101440-007,"Bordázott, csatos fedelű üvegedény",,Tárolóüveg
20260915_101440-008,Zöldséges mintájú magas tárolóedény,,Konyhai tároló
20260915_101440-009,"Nagy, sötét sörtéjű üvegmosó kefe",,Üvegmosó kefe
20260915_101440-010,"Kis, sötét sörtéjű üvegmosó kefe",,Üvegmosó kefe
20260915_101440-011,"Hosszú, fehér sörtéjű üvegmosó kefe",,Üvegmosó kefe
20260915_101440-012,"Parafa dugó, kúpos kivitel",,Palackdugó
20260915_101440-013,"Parafa dugó, hengeres kivitel",,Palackdugó
20260915_101440-014,"Fehér műanyag dugó, kúpos kivitel",,Palackdugó
20260915_101440-015,Fehér műanyag bordázott dugó,,Palackdugó
20260915_101440-016,Piros műanyag palackzáró,,Palackzáró
20260915_101440-017,Fehér csavaros kupak,,Palackkupak
20260915_101440-018,Ezüstszínű csavaros kupak,,Palackkupak
20260915_101440-019,"Folyékony szappanadagoló és szivacstartó készlet, fehér-zöld",,Mosogatórendszerező
20260915_101440-020,"Szobahőmérő, fa alaplappal",,Hőmérő
20260915_101440-021,Kék műanyag téglalap alakú tárolókosár,,Tárolókosár
20260915_101440-022,Fehér műanyag téglalap alakú tárolókosár,,Tárolókosár
20260915_101440-023,Szürke műanyag téglalap alakú tárolókosár,,Tárolókosár
20260915_101440-024,Zöld műanyag téglalap alakú tárolókosár,,Tárolókosár
20260915_101440-025,Műanyag fehér falikampó,,Akasztó
20260915_101440-026,Műanyag színes falikampó,,Akasztó
20260915_101440-027,"Fém falikampó, csomagolva",,Akasztó
20260915_101440-028,"Átlátszó öntapadós akasztó, csomagolva",,Akasztó
20260915_101440-029,"Fehér műanyag vágódeszka, fogónyílással",,Vágódeszka
20260915_101440-030,Zöld műanyag vágódeszka,,Vágódeszka
20260915_101440-031,Piros műanyag kerek tál,,Műanyag tál
20260915_101440-032,Zöld műanyag kerek tál,,Műanyag tál
20260915_101440-033,Fehér műanyag kerek tál,,Műanyag tál
20260915_101440-034,Family XL Roll papírtörlő,,Papírtörlő
20260915_101440-035,"Nicky Lemon papírtörlő, kéttekercses csomag",,Papírtörlő
20260915_101440-036,"Szilvia papírtörlő, kéttekercses csomag",,Papírtörlő
20260915_101440-037,"Krómszínű kézi zuhanyfej, kerek fejjel",,Zuhanyfej
20260915_101440-038,"Krómszínű kézi zuhanyfej, hosszúkás fejjel",,Zuhanyfej
20260915_101442-001,"Nagy áttetsző műanyag tárolóláda, fedéllel",,Tárolódoboz
20260915_101442-002,"Centrifugás felmosószett, vödörrel és felmosóval",,Felmosókészlet
20260915_101442-003,PÉPÓ folyékony gyújtós,,Tűzgyújtó folyadék
20260915_101442-004,Aranyfény szúnyogriasztó olaj,,Lámpaolaj
20260915_101442-005,"Világítási petróleum, fekete palackban, 1 liter",,Petróleum
20260915_101442-006,"Lámpaolaj, zöld címkés fekete palackban",,Lámpaolaj
20260915_101442-007,"Kisebb bordázott üveg, csatos fedéllel",,Tárolóüveg
20260915_101442-008,"Nagyobb bordázott üveg, csatos fedéllel",,Tárolóüveg
20260915_101442-009,"Fermentálóüveg-készlet, szelepes fedéllel, dobozban",,Fermentáló edény
20260915_101442-010,"Hosszú, sötét sörtéjű üvegmosó kefe",,Üvegmosó kefe
20260915_101442-011,Fehér sörtéjű üvegmosó kefe,,Üvegmosó kefe
20260915_101447-001,"Unikén törzsoldat, 1 liter",,Borászati kezelőszer
20260915_101447-002,"Unikén szalicil, 30 g",,Befőzési segédanyag
20260915_101447-003,"Kék folyadék szórófejes palackban, pontos termék nem olvasható",,Háztartási tisztítószer
20260915_101447-004,"Parafa dugó, 62 jelű rekeszben",,Parafa dugó
20260915_101447-005,"Parafa dugó, 16/A jelű rekeszben",,Parafa dugó
20260915_101447-006,"Parafa dugó, 33 jelű rekeszben",,Parafa dugó
20260915_101447-007,"Parafa dugó, 34A jelű rekeszben",,Parafa dugó
20260915_101447-008,"Parafa dugó, 32 jelű rekeszben",,Parafa dugó
20260915_101447-009,"Parafa dugó, 14H jelű rekeszben",,Parafa dugó
20260915_101447-010,"Parafa dugó, 15H jelű rekeszben",,Parafa dugó
20260915_101447-011,"Parafa dugó, 64A jelű rekeszben",,Parafa dugó
20260915_101447-012,"Parafa dugó, 35A jelű rekeszben",,Parafa dugó
20260915_101447-013,"Parafa dugó, 64B jelű rekeszben",,Parafa dugó
20260915_101447-014,Hosszú hengeres parafa palackdugó,,Parafa dugó
20260915_101447-015,"Fém karos palackzáró, fehér tömítőrésszel",,Palackzáró
20260915_101447-016,"Fém karos palackzáró, piros tömítőrésszel",,Palackzáró
20260915_101447-017,"Fehér műanyag palackzáró, lapos karral",,Palackzáró
20260915_101447-018,"Fehér műanyag dugó, 1-es rekeszben",,Műanyag dugó
20260915_101447-019,"Fehér műanyag dugó, 2-es rekeszben",,Műanyag dugó
20260915_101447-020,"Fehér műanyag dugó, 3-as rekeszben",,Műanyag dugó
20260915_101447-021,"Fehér műanyag dugó, 5-ös rekeszben",,Műanyag dugó
20260915_101447-022,"Fehér műanyag dugó, 6-os rekeszben",,Műanyag dugó
20260915_101447-023,"Piros műanyag dugó, 7-es rekeszben",,Műanyag dugó
20260915_101447-024,"Fehér bordázott nagy dugó, 8-as rekeszben",,Műanyag dugó
20260915_101447-025,"Fehér nagy műanyag dugó, 10-es rekeszben",,Műanyag dugó
20260915_101447-026,"Szobahőmérő, fehér házban",,Hőmérő
20260915_101447-027,"Szobahőmérő, fa alaplappal",,Hőmérő
20260915_101447-028,Fehér-zöld mosogató melletti rendszerező,,Mosogatórendszerező
20260915_101447-029,Fehér kerek műanyag öntapadós akasztó,,Akasztó
20260915_101447-030,Fehér ovális műanyag öntapadós akasztó,,Akasztó
20260915_101447-031,Színes műanyag öntapadós akasztó,,Akasztó
20260915_101447-032,"Fém falikampó, csomagolva",,Akasztó
20260915_101447-033,"Zöld tapadókorongos akasztó, csomagolva",,Akasztó
20260915_101447-034,"Pely szemeteszsák, 35 liter",,Szemeteszsák
20260915_101447-035,"Krómszínű kézi zuhanyfej, kerek fejjel",,Zuhanyfej
20260915_101447-036,"Krómszínű kézi zuhanyfej, hosszúkás fejjel",,Zuhanyfej
20260915_101450-001,"Nicky Lemon papírtörlő, kéttekercses csomag",,Papírtörlő
20260915_101450-002,Family XL Roll papírtörlő,,Papírtörlő
20260915_101450-003,"Szilvia papírtörlő, kéttekercses csomag",,Papírtörlő
20260915_101450-004,Fa álló papírtörlőtartó,,Papírtörlőtartó
20260915_101450-005,Fehér kerek öntapadós akasztó,,Akasztó
20260915_101450-006,Fehér ovális öntapadós akasztó,,Akasztó
20260915_101450-007,Fehér szögletes öntapadós akasztó,,Akasztó
20260915_101450-008,Bézs kerek öntapadós akasztó,,Akasztó
20260915_101450-009,Piros öntapadós akasztó,,Akasztó
20260915_101450-010,Zöld öntapadós akasztó,,Akasztó
20260915_101450-011,Sárga öntapadós akasztó,,Akasztó
20260915_101450-012,Türkiz öntapadós akasztó,,Akasztó
20260915_101450-013,Lila öntapadós akasztó,,Akasztó
20260915_101450-014,Szürke kör alakú öntapadós akasztó,,Akasztó
20260915_101450-015,"Fém kerek öntapadós akasztó, csomagolva",,Akasztó
20260915_101450-016,"Metaltex szögletes fém akasztó, csomagolva",,Akasztó
20260915_101450-017,"Metaltex hosszúkás fém akasztó, csomagolva",,Akasztó
20260915_101450-018,"Fehér műanyag akasztókészlet, csomagolva",,Akasztó
20260915_101450-019,Zöld kerek műanyag tál,,Műanyag tál
20260915_101450-020,Piros kerek műanyag tál,,Műanyag tál
20260915_101450-021,"Kék kerek tálca, részben látható",,Tálca
20260915_101457-001,"HORI kerek ételtároló készlet, szürke fedéllel",,Ételtároló készlet
20260915_101457-002,"HORI szögletes ételtároló készlet, szürke fedéllel",,Ételtároló készlet
20260915_101457-003,"Szögletes ételtároló, türkiz fedéllel",,Ételtároló doboz
20260915_101457-004,"Szögletes ételtároló, világoskék fedéllel",,Ételtároló doboz
20260915_101457-005,"Kis lapos ételtároló, fehér fedéllel",,Ételtároló doboz
20260915_101457-006,"Nagy lapos ételtároló, fehér fedéllel",,Ételtároló doboz
20260915_101457-007,"Magas ételtároló, fehér fedéllel",,Ételtároló doboz
20260915_101457-008,"Átlátszó csatos ételtároló, részben látható",,Ételtároló doboz
20260915_101457-009,"Fehér tortatartó, magas búrával és zárófüllel",,Tortatartó
20260915_101457-010,Kék műanyag szűrőtál,,Konyhai szűrő
20260915_101457-011,"Bézs téglalap alakú rendszereződoboz, nagy kivitel",,Rendszerező
20260915_101457-012,"Bézs téglalap alakú rendszereződoboz, kis kivitel",,Rendszerező
20260915_101457-013,"Átlátszó téglalap alakú búra, piros zárófüllel",,Süteménytartó
20260915_101457-014,Zöld rekeszes evőeszköztartó,,Evőeszköztartó
20260915_101457-015,Szürke rekeszes evőeszköztartó,,Evőeszköztartó
20260915_101457-016,Fehér rekeszes evőeszköztartó,,Evőeszköztartó
20260915_101457-017,Fehér álló mosogatórendszerező,,Mosogatórendszerező
20260915_101457-018,Szürke álló műanyag tárolópohár,,Rendszerező
20260915_101457-019,Fekete műanyag vállfa,,Vállfa
20260915_101457-020,Fehér műanyag vállfa,,Vállfa
20260915_101500-001,McFresh háromrészes kerek ételtároló készlet,,Ételtároló készlet
20260915_101500-002,McFresh háromrészes szögletes ételtároló készlet,,Ételtároló készlet
20260915_101500-003,"Türkiz fedeles szögletes ételtároló, 0,75 liter",,Ételtároló doboz
20260915_101500-004,"Türkiz fedeles szögletes ételtároló, 1,2 liter",,Ételtároló doboz
20260915_101500-005,"Türkiz fedeles kerek ételtároló, 0,8 liter",,Ételtároló doboz
20260915_101500-006,"Türkiz fedeles téglalap alakú ételtároló, 2,7 liter",,Ételtároló doboz
20260915_101500-007,"Nagy szögletes csatos ételtároló, kék tömítéssel",,Ételtároló doboz
20260915_101500-008,"Kis szögletes csatos ételtároló, kék tömítéssel",,Ételtároló doboz
20260915_101500-009,"Lapos téglalap alakú csatos ételtároló, kék tömítéssel",,Ételtároló doboz
20260915_101500-010,"Kis szögletes csatos ételtároló, rózsaszín tömítéssel",,Ételtároló doboz
20260915_101500-011,"Magas szögletes csatos ételtároló, sötétkék peremmel, BPA FREE felirattal",,Ételtároló doboz
20260915_101500-012,"Kis csatos ételtároló, rózsaszín zárófüllel",,Ételtároló doboz
20260915_101500-013,"Kis csatos ételtároló, kék zárófüllel",,Ételtároló doboz
20260915_101500-014,"Kis csatos ételtároló, sötétkék zárófüllel",,Ételtároló doboz
20260915_101500-015,"Nagy csatos ételtároló, lila zárófüllel",,Ételtároló doboz
20260915_101500-016,"Nagy csatos ételtároló, sötétkék zárófüllel",,Ételtároló doboz
20260915_101500-017,"Nagy csatos ételtároló, rózsaszín zárófüllel",,Ételtároló doboz
20260915_101500-018,"Nagy csatos ételtároló, zöld zárófüllel",,Ételtároló doboz
20260915_101500-019,"Nagy csatos ételtároló, világoskék zárófüllel",,Ételtároló doboz
20260915_101500-020,"Átlátszó tároló, szürkésbarna adagolófedéllel",,Élelmiszertároló
20260915_101500-021,"Fehér pedálos szemetes, szürke fedéllel",,Szemetes
20260915_101500-022,Szürke pedálos szemetes,,Szemetes
20260915_101500-023,"Piros teáskanna, fekete fogantyúval, háttérben",,Teáskanna
20260915_101500-024,"Türkiz teáskanna, fekete fogantyúval, háttérben",,Teáskanna
20260915_101500-025,"Fémszínű teáskanna, fekete fogantyúval, háttérben",,Teáskanna
20260915_101506-001,Zöld kerek műanyag lavór,,Lavór
20260915_101506-002,Narancssárga kerek műanyag lavór,,Lavór
20260915_101506-003,Sötétkék kerek műanyag lavór,,Lavór
20260915_101506-004,Piros kerek műanyag lavór,,Lavór
20260915_101506-005,Világoszöld kerek műanyag lavór,,Lavór
20260915_101506-006,"Kék műanyag tároló, fehér fedéllel, részben takart",,Tárolódoboz
20260915_101506-007,"Fehér műanyag szűrőtál, két fogantyúval",,Konyhai szűrő
20260915_101506-008,"Kerek kézi szita, kék-szürke kerettel",,Szita
20260915_101506-009,Bézs füles műanyag dézsa,,Műanyag dézsa
20260915_101506-010,Barackszínű füles műanyag dézsa,,Műanyag dézsa
20260915_101506-011,Fekete füles műanyag dézsa,,Műanyag dézsa
20260915_101506-012,Világosszürke füles műanyag dézsa,,Műanyag dézsa
20260915_101506-013,Halványzöld füles műanyag dézsa,,Műanyag dézsa
20260915_101506-014,"Szürke szögletes WC-kefe-tartó, kefével",,WC-kefegarnitúra
20260915_101506-015,"Fehér szögletes WC-kefe-tartó, kefével",,WC-kefegarnitúra
20260915_101506-016,"Fehér kerek WC-kefe-tartó, kefével",,WC-kefegarnitúra
20260915_101506-017,"Fehér íves, részben zárt WC-kefe-tartó, kefével",,WC-kefegarnitúra
20260915_101506-018,"Ezüstszínű hengeres WC-kefe-tartó, kefével",,WC-kefegarnitúra
20260915_101506-019,"Fehér WC-kefe, tartó nélkül",,WC-kefe
20260915_101506-020,"Fekete sörtéjű WC-kefe, tartó nélkül",,WC-kefe
20260915_101506-021,"Gumiharangos lefolyótisztító, fa nyéllel",,WC-pumpa
20260915_101506-022,Rózsaszín kerek pedálos szemetes,,Szemetes
20260915_101506-023,Rózsaszín-lime színű szögletes pedálos szemetes,,Szemetes
20260915_101506-024,"Fehér mintás gyermek WC-szűkítő, részben takart",,WC-szűkítő
20260915_101506-025,"Krómszínű kézi zuhanyfej, kerek fejjel",,Zuhanyfej
20260915_101506-026,"Krómszínű kézi zuhanyfej, hosszúkás fejjel",,Zuhanyfej
20260915_101506-027,"Fekete szögletes fejzuhany-készlet, dobozban",,Zuhanyszett
20260915_101506-028,"Fehér műanyag fürdőszobai tartó, csomagolva, pontos funkció takart",,Fürdőszobai kiegészítő
20260915_101509-001,"Rozsdamentes ételtermosz, 1800 ml",,Ételtermosz
20260915_101509-002,"Rozsdamentes ételtermosz, 1400 ml",,Ételtermosz
20260915_101509-003,Háromrészes rozsdamentes ételhordó,,Ételhordó
20260915_101509-004,Fehér-lila háromrészes ételhordó,,Ételhordó
20260915_101509-005,"Fehér-aranyszegélyes ételhordó, kisebb kivitel",,Ételhordó
20260915_101509-006,Nyeles rozsdamentes reszelő,,Reszelő
20260915_101509-007,Fém merőkanál,,Merőkanál
20260915_101509-008,"Fém szószmerő kanál, kiöntőperemmel",,Merőkanál
20260915_101509-009,Metaltex fém fagylaltadagoló kanál,,Fagylaltos kanál
20260915_101509-010,Metaltex diótörő,,Diótörő
20260915_101509-011,Enger piros szilikon spatulakészlet,,Konyhai spatula
20260915_101509-012,"Ambition kézi reszelő, 18 cm",,Reszelő
20260915_101509-013,Fém teaszűrő gömb,,Teaszűrő
20260915_101509-014,Metaltex fém lefolyószűrő,,Lefolyószűrő
20260915_101509-015,"Fém cső alakú sütőforma, csomagolva",,Sütőforma
20260915_101509-016,Türkiz zárócsatos tárolóüveg,,Tárolóüveg
20260915_101509-017,Mintás textil konyharuha,,Konyharuha
20260915_101509-018,Fehér műanyag keverőtál,,Keverőtál
20260915_101509-019,Szürkésbarna műanyag keverőtál,,Keverőtál
20260915_101509-020,Türkiz műanyag keverőtál,,Keverőtál
20260915_101509-021,Fehér kerek műanyag lavór,,Lavór
20260915_101509-022,Szürke kerek műanyag lavór,,Lavór
20260915_101509-023,Sötétkék kerek műanyag lavór,,Lavór
20260915_101509-024,Narancssárga kerek műanyag lavór,,Lavór
20260915_101509-025,Zöld kerek műanyag lavór,,Lavór
20260915_101509-026,Türkiz szögletes műanyag lavór,,Lavór
20260915_101509-027,Szürkésbarna szögletes műanyag lavór,,Lavór
20260915_101509-028,Fehér szögletes műanyag lavór,,Lavór
20260915_101509-029,Kék szögletes műanyag lavór,,Lavór
20260915_101509-030,"NITRO-FLOW szintetikus hígító, 0,95 liter",,Festékhígító
20260915_101509-031,NITRO-FLOW lenolaj,,Felületkezelő olaj
20260915_101509-032,"Fehér szórófejes palack, termékfelirata nem olvasható",,Szóróflakon
20260915_101509-033,"Szobahőmérő, fa alaplappal",,Hőmérő
20260915_101514-001,Színes növénymintás konyharuha,,Konyharuha
20260915_101514-002,Fehér alapon konyhai mintás konyharuha,,Konyharuha
20260915_101514-003,Piros-fehér kockás konyharuha,,Konyharuha
20260915_101514-004,Zöld-fehér kockás konyharuha,,Konyharuha
20260915_101514-005,Sötét kockás konyharuha,,Konyharuha
20260915_101514-006,Fehér konyharuha,,Konyharuha
20260915_101514-007,Fehér műanyag konyhai eszköztartó,,Eszköztartó
20260915_101514-008,"Fa konyhai eszközök, részben takarva",,Konyhai eszköz
20260915_101514-009,"Habzsák, csomagolva",,Süteménydíszítő eszköz
20260915_101514-010,"Mintás étkezési alátét, gyümölcsmintával",,Tányéralátét
20260915_101514-011,"Mintás étkezési alátét, kávés-süteményes mintával",,Tányéralátét
20260915_101514-012,Fém fokhagymanyomó,,Fokhagymanyomó
20260915_101514-013,"Fém dugóhúzó, csomagolva",,Dugóhúzó
20260915_101514-014,"Fém süteménykiszúró, kerek forma",,Süteménykiszúró
20260915_101514-015,"Fém süteménykiszúró, csillagforma",,Süteménykiszúró
20260915_101514-016,"Fém süteménykiszúró, virágforma",,Süteménykiszúró
20260915_101514-017,Kotyogós kávéfőző tömítés- és szűrőkészlet,,Kávéfőző-alkatrész
20260915_101514-018,Barna műanyag kézi citrusprés,,Citrusprés
20260915_101514-019,Fehér kerek műanyag lavór,,Lavór
20260915_101514-020,Szürke kerek műanyag lavór,,Lavór
20260915_101514-021,Sötétkék kerek műanyag lavór,,Lavór
20260915_101514-022,Narancssárga kerek műanyag lavór,,Lavór
20260915_101514-023,Zöld kerek műanyag lavór,,Lavór
20260915_101514-024,Világoszöld kerek műanyag lavór,,Lavór
20260915_101514-025,"Fehér szögletes WC-kefe-tartó, kefével",,WC-kefegarnitúra
20260915_101514-026,"Bézs szögletes WC-kefe-tartó, kefével",,WC-kefegarnitúra
20260915_101514-027,"Fekete szögletes WC-kefe-tartó, kefével",,WC-kefegarnitúra
20260915_101514-028,"Szürke kerek WC-kefe-tartó, kefével",,WC-kefegarnitúra
20260915_101514-029,"Fehér kerek WC-kefe-tartó, kefével",,WC-kefegarnitúra
20260915_101514-030,"Fehér íves, részben zárt WC-kefe-tartó, kefével",,WC-kefegarnitúra
20260915_101514-031,"Ezüstszínű hengeres WC-kefe-tartó, kefével",,WC-kefegarnitúra
20260915_101514-032,"WC-kefe fehér nyéllel, tartó nélkül",,WC-kefe
20260915_101514-033,Rózsaszín kerek pedálos szemetes,,Szemetes
20260915_101514-034,Rózsaszín-zöld szögletes pedálos szemetes,,Szemetes
20260915_101514-035,Fehér füles szűrőtál,,Konyhai szűrő
20260915_101514-036,Kék keretes kézi szita,,Szita
20260915_101514-037,Barackszínű füles műanyag dézsa,,Műanyag dézsa
20260915_101514-038,Fekete füles műanyag dézsa,,Műanyag dézsa
20260915_101514-039,"Piros kerek szilikon edényalátét, függesztve",,Edényalátét
20260915_101520-001,"Krómszínű dupla törölközőtartó, kerek fali talpakkal",,Törölközőtartó
20260915_101520-002,Krómszínű keretes fürdőszobai törölközőtartó,,Törölközőtartó
20260915_101520-003,"Kék kézi szóróflakon, piros-fehér szórófejjel",,Szóróflakon
20260915_101520-004,Átlátszó kézi szóróflakon,,Szóróflakon
20260915_101520-005,Szürke fedeles hengeres tároló,,Tárolódoboz
20260915_101520-006,Szürkésbarna fedeles hengeres tároló,,Tárolódoboz
20260915_101520-007,Világoskék szögletes műanyag tároló,,Tárolódoboz
20260915_101520-008,Fekete szögletes műanyag tároló,,Tárolódoboz
20260915_101520-009,Family XL Roll papírtörlő,,Papírtörlő
20260915_101520-010,"Szilvia papírtörlő, kéttekercses csomag",,Papírtörlő
20260915_101520-011,Fa álló papírtörlőtartó,,Papírtörlőtartó
20260915_101520-012,Zöld kerek műanyag lavór,,Lavór
20260915_101520-013,Piros kerek műanyag lavór,,Lavór
20260915_101520-014,Fehér füles szűrőtál,,Konyhai szűrő
20260915_101520-015,Kék keretes kézi szita,,Szita
20260915_101528-001,Zöld nyelű keskeny laposecset,,Festőecset
20260915_101528-002,Zöld nyelű közepes laposecset,,Festőecset
20260915_101528-003,Zöld nyelű széles laposecset,,Festőecset
20260915_101528-004,Fa nyelű keskeny laposecset,,Festőecset
20260915_101528-005,Fa nyelű közepes laposecset,,Festőecset
20260915_101528-006,Fa nyelű széles laposecset,,Festőecset
20260915_101528-007,Fa nyelű kék sörtéjű laposecset,,Festőecset
20260915_101528-008,Kék nyelű keskeny laposecset,,Festőecset
20260915_101528-009,Kék nyelű közepes laposecset,,Festőecset
20260915_101528-010,Kék nyelű széles laposecset,,Festőecset
20260915_101528-011,Sárga nyelű keskeny laposecset,,Festőecset
20260915_101528-012,Sárga nyelű közepes laposecset,,Festőecset
20260915_101528-013,Sárga nyelű széles laposecset,,Festőecset
20260915_101528-014,Lakkozott fa nyelű keskeny laposecset,,Festőecset
20260915_101528-015,Lakkozott fa nyelű közepes laposecset,,Festőecset
20260915_101528-016,Lakkozott fa nyelű széles laposecset,,Festőecset
20260915_101528-017,"Ecsetkészlet, csomagolva",,Festőecsetkészlet
20260915_101528-018,Piros teleszkópos festőnyél,,Festőnyél
20260915_101528-019,Piros-fekete hosszabbító festőnyél,,Festőnyél
20260915_101528-020,"Kis festőhenger-keret, piros nyéllel",,Festőhenger-keret
20260915_101528-021,"Nagy festőhenger-keret, piros nyéllel",,Festőhenger-keret
20260915_101528-022,Világoskék mini festőhenger-utántöltő készlet,,Festőhenger
20260915_101528-023,Fehér mini festőhenger-utántöltő,,Festőhenger
20260915_101528-024,"Fehér festőhenger-utántöltő, közepes kivitel",,Festőhenger
20260915_101528-025,"Fehér festőhenger-utántöltő, nagy kivitel",,Festőhenger
20260915_101528-026,Világoskék festőhenger-utántöltő,,Festőhenger
20260915_101528-027,Fehér csíkos festőhenger-utántöltő,,Festőhenger
20260915_101528-028,Zöld festéktálca,,Festéktálca
20260915_101528-029,Fekete festéktálca,,Festéktálca
20260915_101528-030,Rózsaszín-sárga hosszú nyelű szemétlapát,,Szemétlapát
20260915_101528-031,Narancssárga-sárga hosszú nyelű szemétlapát,,Szemétlapát
20260915_101528-032,Piros-sárga hosszú nyelű szemétlapát,,Szemétlapát
20260915_101528-033,"Sárga kerek tapadókorong, pontos funkció nem azonosítható",,Tapadókorong
20260915_101533-001,"Optimum White borászati kezelőszer, 30 g",,Borászati kezelőszer
20260915_101533-002,"Lalvin borászati készítmény, kék címkés tasak",,Borászati kezelőszer
20260915_101533-003,"Lalvin borászati készítmény, bézs címkés tasak",,Borászati kezelőszer
20260915_101533-004,"Lalvin borászati készítmény, lila címkés tasak, 10 g",,Borászati kezelőszer
20260915_101533-005,"Uvaferm borászati készítmény, sárga címkés tasak, 20 g",,Borászati kezelőszer
20260915_101533-006,"Borászati készítmény, piros tasakban, típusa nem olvasható",,Borászati kezelőszer
20260915_101533-007,"Borászati készítmény, zöld tasakban, típusa nem olvasható",,Borászati kezelőszer
20260915_101533-008,"Borászati készítmény, rózsaszín tasakban, típusa nem olvasható",,Borászati kezelőszer
20260915_101533-009,"Borászati készítmény, aranyszínű tasakban, típusa nem olvasható",,Borászati kezelőszer
20260915_101533-010,"Kálium-metabiszulfit, tasakos, részben takart",,Borászati kezelőszer
20260915_101533-011,Kampós mágnes,,Mágnes
20260915_101533-012,Korongmágnes,,Mágnes
20260915_101533-013,Téglatest alakú mágnes,,Mágnes
20260915_101533-014,Gumibevonatos mágnes,,Mágnes
20260915_101533-015,Furatos mágnes,,Mágnes
20260915_101533-016,Narancssárga színes korongmágnes,,Hűtőmágnes
20260915_101533-017,Rózsaszín színes korongmágnes,,Hűtőmágnes
20260915_101533-018,Kék színes korongmágnes,,Hűtőmágnes
20260915_101533-019,Zöld színes korongmágnes,,Hűtőmágnes
20260915_101533-020,"Narancssárga-fekete nyelű kézifűrész, felül részben takart",,Kézifűrész
20260915_101533-021,"Hosszú nyelű szemétszedő csipesz, narancssárga fogórésszel",,Szemétszedő eszköz
20260915_101533-022,Piros teleszkópos festőnyél,,Festőnyél
20260915_101533-023,Piros-sárga hosszú nyelű szemétlapát,,Szemétlapát
20260915_101533-024,Rózsaszín-sárga hosszú nyelű szemétlapát,,Szemétlapát
20260915_101533-025,Narancssárga-sárga hosszú nyelű szemétlapát,,Szemétlapát
20260915_101533-026,"Sárga kerek tapadókorong, pontos funkció nem azonosítható",,Tapadókorong
20260915_101533-027,"Papír szemeteszsák, csomagban, háttérben",,Szemeteszsák
20260915_101533-028,Lapmágnes,,Mágnes
20260915_101536-001,"Sövénynyíró olló, fa nyéllel",,Sövénynyíró olló
20260915_101536-002,"Sövénynyíró olló, ívelt narancssárga-fekete markolattal",,Sövénynyíró olló
20260915_101536-003,"Sövénynyíró olló, piros-fekete markolattal",,Sövénynyíró olló
20260915_101536-004,"Sövénynyíró olló, bordázott narancssárga markolattal",,Sövénynyíró olló
20260915_101536-005,"Teleszkópos sövénynyíró olló, ezüstszínű nyéllel",,Sövénynyíró olló
20260915_101536-006,"Rávágó ágvágó olló, piros-fekete nyéllel",,Ágvágó olló
20260915_101536-007,"Mellévágó ágvágó olló, piros-fekete nyéllel",,Ágvágó olló
20260915_101536-008,"Teleszkópos ágvágó olló, narancssárga-ezüstszínű nyéllel",,Ágvágó olló
20260915_101536-009,YATO hosszú nyelű ágvágó olló,,Ágvágó olló
20260915_101536-010,"Ágvágó olló, sárga nyéllel",,Ágvágó olló
20260915_101536-011,"Ágvágó olló, fekete nyéllel és narancssárga markolatvéggel",,Ágvágó olló
20260915_101536-012,Fa nyelű keskeny laposecset,,Festőecset
20260915_101536-013,Fa nyelű közepes laposecset,,Festőecset
20260915_101536-014,Fa nyelű széles laposecset,,Festőecset
20260915_101536-015,Fa nyelű kék sörtéjű laposecset,,Festőecset
20260915_101536-016,Sárga nyelű keskeny laposecset,,Festőecset
20260915_101536-017,Sárga nyelű közepes laposecset,,Festőecset
20260915_101536-018,Sárga nyelű széles laposecset,,Festőecset
20260915_101536-019,Piros teleszkópos festőnyél,,Festőnyél
20260915_101536-020,Kék mikroszálas portörlő,,Portörlő
20260915_101536-021,Szürke portörlő,,Portörlő
20260915_101536-022,Fa nyelű fekete sörtéjű tisztítókefe,,Tisztítókefe
20260915_101536-023,"Piros D-markolatú kerti szerszám, feje takart",,Ásó vagy lapát
20260915_101536-024,"Lalvin borászati készítmény, kék címkés tasak",,Borászati kezelőszer
20260915_101536-025,"Borászati készítmény, sárga tasakban, típusa nem olvasható",,Borászati kezelőszer
20260915_101536-026,"Borászati készítmény, piros tasakban, típusa nem olvasható",,Borászati kezelőszer
20260915_101536-027,"Borászati készítmény, zöld tasakban, típusa nem olvasható",,Borászati kezelőszer
20260915_101536-028,"Borászati készítmény, rózsaszín tasakban, típusa nem olvasható",,Borászati kezelőszer
20260915_101536-029,"Borászati készítmény, aranyszínű tasakban, típusa nem olvasható",,Borászati kezelőszer
20260915_101536-030,"Korongmágnes, bemutatótáblán",,Mágnes
20260915_101536-031,"Téglatest alakú mágnes, bemutatótáblán",,Mágnes
20260915_101546-001,"Pyrex üveg mérőkancsó, piros beosztással",,Mérőkancsó
20260915_101546-002,Narancssárga műanyag tölcsér,,Tölcsér
20260915_101546-003,Világoskék műanyag tölcsér,,Tölcsér
20260915_101546-004,Fehér műanyag tölcsér,,Tölcsér
20260915_101546-005,Zöld műanyag tölcsér,,Tölcsér
20260915_101546-006,"Ambition hengeres tároló, fekete fedéllel",,Élelmiszertároló
20260915_101546-007,"Ambition magas hengeres tároló, zöld fedéllel",,Élelmiszertároló
20260915_101546-008,"Ambition alacsony szögletes tároló, zöld fedéllel",,Élelmiszertároló
20260915_101546-009,"Kerek ételtároló, zöld fedéllel",,Ételtároló doboz
20260915_101546-010,"Kerek ételtároló, narancssárga fedéllel",,Ételtároló doboz
20260915_101546-011,"Kerek ételtároló, rózsaszín fedéllel",,Ételtároló doboz
20260915_101546-012,"Kerek ételtároló, kék fedéllel",,Ételtároló doboz
20260915_101546-013,"Kerek ételtároló, sárga fedéllel",,Ételtároló doboz
20260915_101546-014,"Téglalap alakú ételtároló, rózsaszín fedéllel",,Ételtároló doboz
20260915_101546-015,"Téglalap alakú ételtároló, kék fedéllel",,Ételtároló doboz
20260915_101546-016,"Csatos kerek ételtároló, nagy kivitel",,Ételtároló doboz
20260915_101546-017,"Csatos kerek ételtároló, kisebb kivitel",,Ételtároló doboz
20260915_101546-018,Csatos szögletes ételtároló,,Ételtároló doboz
20260915_101546-019,Csatos téglalap alakú ételtároló,,Ételtároló doboz
20260915_101546-020,Fehér kézi citrusprés,,Citrusprés
20260915_101546-021,"Lila sportkulacs, fekete kupakkal",,Kulacs
20260915_101546-022,"Zöld sportkulacs, fekete kupakkal",,Kulacs
20260915_101546-023,"Sárga műanyag pohár, mintás",,Pohár
20260915_101546-024,"Kék műanyag pohár, mintás",,Pohár
20260915_101546-025,Rózsaszín műanyag pohár,,Pohár
20260915_101546-026,Fehér műanyag tányér,,Tányér
20260915_101546-027,Kék műanyag tányér,,Tányér
20260915_101546-028,Türkiz műanyag tálka,,Tálka
20260915_101546-029,"Fa konyhai eszközök, csomagolva",,Konyhai eszköz
20260915_101546-030,Világoskék ananász alakú jégkockakészítő forma,,Jégkockatartó
20260915_101546-031,Rózsaszín ananász alakú jégkockakészítő forma,,Jégkockatartó
20260915_101546-032,Fehér téglalap alakú jégkockatartó,,Jégkockatartó
20260915_101546-033,Szürke nyitott rendszereződoboz,,Rendszerező
20260915_101546-034,Fehér nyitott rendszereződoboz,,Rendszerező
20260915_101546-035,Fehér perforált tárolókosár,,Tárolókosár
20260915_101546-036,Szürke perforált tárolókosár,,Tárolókosár
20260915_101546-037,Türkiz perforált tárolókosár,,Tárolókosár
20260915_101546-038,Kék perforált tárolókosár,,Tárolókosár
20260915_101546-039,Zöld perforált tárolókosár,,Tárolókosár
20260915_101546-040,Szürke kerek tál,,Tál
20260915_101546-041,Fehér kerek tál,,Tál
20260915_101546-042,Szürke szögletes tálka,,Tálka
20260915_101546-043,Fehér szögletes tálka,,Tálka
20260915_101546-044,Fekete szögletes tálka,,Tálka
20260915_101546-045,Szürke téglalap alakú tálca,,Tálca
20260915_101546-046,Fehér téglalap alakú tálca,,Tálca
20260915_101546-047,"Átlátszó kerek tároló, szürke fedéllel",,Ételtároló doboz
20260915_101546-048,Türkiz fedeles szögletes ételtároló,,Ételtároló doboz
20260915_101546-049,Szürke fedeles szögletes ételtároló,,Ételtároló doboz
20260915_101546-050,Szürke edénycsepegtető,,Edényszárító
20260915_101546-051,Fehér edénycsepegtető,,Edényszárító
20260915_101546-052,Zöld edénycsepegtető,,Edényszárító
20260915_101546-053,"Átlátszó tárolóbúra, piros fogantyúval",,Süteménytartó
20260915_101546-054,Zöld műanyag nyeles szűrő,,Konyhai szűrő
20260915_101546-055,Fehér műanyag szűrőtál,,Konyhai szűrő
20260915_101546-056,Szürke-fekete hosszú nyelű konyhai szűrő,,Konyhai szűrő
20260915_101546-057,"Színes szórófejes flakonok, piros szórófejjel",,Szóróflakon
20260915_101551-001,"Pyrex üveg mérőkancsó, nagy kivitel",,Mérőkancsó
20260915_101551-002,"Pyrex üveg mérőkancsó, közepes kivitel",,Mérőkancsó
20260915_101551-003,"Pyrex üveg mérőkancsó, kis kivitel",,Mérőkancsó
20260915_101551-004,"Átlátszó műanyag mérőpohár, 2 dl",,Mérőpohár
20260915_101551-005,Nagy áttetsző műanyag mérőkancsó,,Mérőkancsó
20260915_101551-006,Szürke műanyag tölcsér,,Tölcsér
20260915_101551-007,Fehér műanyag tölcsér,,Tölcsér
20260915_101551-008,Fém tölcsér,,Tölcsér
20260915_101551-009,"Narancssárga műanyag tölcsér, keskeny nyakkal",,Tölcsér
20260915_101551-010,"Narancssárga befőzőtölcsér, széles nyakkal",,Befőzőtölcsér
20260915_101551-011,Zöld befőzőtölcsér,,Befőzőtölcsér
20260915_101551-012,Kék befőzőtölcsér,,Befőzőtölcsér
20260915_101551-013,Világoskék nagy műanyag tölcsér,,Tölcsér
20260915_101551-014,Rózsaszín nagy műanyag tölcsér,,Tölcsér
20260915_101551-015,Fehér nagy műanyag tölcsér,,Tölcsér
20260915_101551-016,"Ambition átlátszó hengeres tároló, 1,3 liter",,Élelmiszertároló
20260915_101551-017,Türkiz ovális ételtároló,,Ételtároló doboz
20260915_101551-018,Fehér ovális ételtároló,,Ételtároló doboz
20260915_101551-019,Zöld ovális ételtároló,,Ételtároló doboz
20260915_101551-020,Piros ovális ételtároló,,Ételtároló doboz
20260915_101551-021,"Szürkésbarna szögletes ételtároló, állatmintás fedéllel",,Uzsonnásdoboz
20260915_101551-022,Zöld szögletes ételtároló,,Ételtároló doboz
20260915_101551-023,Türkiz gyermekmintás uzsonnásdoboz,,Uzsonnásdoboz
20260915_101551-024,Szürke téglalap alakú ételtároló,,Ételtároló doboz
20260915_101551-025,Kék gyermekmintás ételtároló,,Uzsonnásdoboz
20260915_101551-026,Kék Micimackó-mintás bögre,,Gyermekbögre
20260915_101551-027,Fehér peremű gyermekmintás tányér,,Gyermektányér
20260915_101551-028,Kék gyermekmintás tányér,,Gyermektányér
20260915_101551-029,Sárga citrusmintás pohár,,Pohár
20260915_101551-030,Áttetsző mintás műanyag pohár,,Pohár
20260915_101551-031,"Lila sportkulacs, fekete kupakkal",,Kulacs
20260915_101551-032,"Zöld sportkulacs, fekete kupakkal",,Kulacs
20260915_101551-033,"Sötét sportkulacs, feliratos",,Kulacs
20260915_101551-034,"Rózsaszín sportkulacs, fekete kupakkal",,Kulacs
20260915_101551-035,"Fehér kézi citrusprés, átlátszó gyűjtőedénnyel",,Citrusprés
20260915_101551-036,Fehér nyeles műanyag szűrő,,Konyhai szűrő
20260915_101551-037,Zöld nyeles műanyag szűrő,,Konyhai szűrő
20260915_101551-038,Piros nyeles műanyag szűrő,,Konyhai szűrő
20260915_101551-039,Bézs nyeles műanyag szűrő,,Konyhai szűrő
20260915_101551-040,"Fehér műanyag szűrőkosár, pontos rendeltetése nem olvasható",,Szűrőbetét
20260915_101551-041,"Fehér nyeles tál vagy szűrő, részben takart",,Konyhai edény
20260915_101551-042,Türkiz perforált tárolókosár,,Tárolókosár
20260915_101551-043,Fehér perforált tárolókosár,,Tárolókosár
20260915_101551-044,Szürke perforált tárolókosár,,Tárolókosár
20260915_101551-045,Sötétkék perforált tárolókosár,,Tárolókosár
20260915_101551-046,Zöld perforált tárolókosár,,Tárolókosár
20260915_101551-047,Kék perforált tárolókosár,,Tárolókosár
20260915_101551-048,Fa nyelű tollseprű,,Portörlő
20260915_101551-049,"Szürke hosszú nyelű szemétlapát, részben takart",,Szemétlapát
20260915_101600-001,"Fehér műanyag jégkockatartó, kerek mélyedésekkel",,Jégkockatartó
20260915_101600-002,Átlátszó fedeles kerek tortatartó,,Tortatartó
20260915_101600-003,"Miracle általános virágföld, zsákos",,Virágföld
20260915_101600-004,"Fehér szögletes WC-kefe-tartó, kefével",,WC-kefegarnitúra
20260915_101600-005,"Szürke szögletes WC-kefe-tartó, kefével",,WC-kefegarnitúra
20260915_101600-006,"Fekete szögletes WC-kefe-tartó, kefével",,WC-kefegarnitúra
20260915_101600-007,"Fehér kerek WC-kefe-tartó, kefével",,WC-kefegarnitúra
20260915_101600-008,"Krómszínű hengeres WC-kefe-tartó, kefével",,WC-kefegarnitúra
20260915_101600-009,"Rézszínű hengeres fürdőszobai tároló, csomagolva, funkciója bizonytalan",,Fürdőszobai kiegészítő
20260915_101600-010,Fehér-zöld mosogatórendszerező,,Mosogatórendszerező
20260915_101600-011,Fehér füles szűrőtál,,Konyhai szűrő
20260915_101600-012,Kék keretes kézi szita,,Szita
20260915_101600-013,Szürke füles műanyag dézsa,,Műanyag dézsa
20260915_101600-014,Barackszínű füles műanyag dézsa,,Műanyag dézsa
20260915_101600-015,Fekete füles műanyag dézsa,,Műanyag dézsa
20260915_101600-016,Fehér-rózsaszín virágmintás téglalap alakú tálca,,Tálca
20260915_101600-017,"Krómszínű kézi zuhanyfej, kosárban",,Zuhanyfej
20260915_101600-018,"Fa nyelű tisztítókefe, bal szélen",,Tisztítókefe
20260915_101608-001,Agro-Largo univerzális fűmagkeverék,,Fűmag
20260915_101608-002,"Agro-Largo gyors kelésű fűmagkeverék, 1 kg",,Fűmag
20260915_101608-003,"Agro-Largo árnyéktűrő fűmagkeverék, Lugas, 1 kg",,Fűmag
20260915_101608-004,"Agro-Largo virágos pázsit fűmagkeverék, 1 kg",,Fűmag
20260915_101608-005,"Agro-Largo Sport fűmagkeverék intenzív használatra, 1 kg",,Fűmag
20260915_101608-006,"Agro-Largo Magic Garden Niagara pázsit, 1 kg",,Fűmag
20260915_101608-007,Agro-Largo Multi Green gyeptrágya,,Gyeptrágya
20260915_101608-008,Agro-Largo felújító gyeptrágya,,Gyeptrágya
20260915_101608-009,"Agro-Largo Sports pázsit fűmag, nagy zsák",,Fűmag
20260915_101608-010,"Agro-Largo zöld zsákos fűmag, pontos változat takart",,Fűmag
20260915_101608-011,"Szürke műanyag takarmánylapát, kis kivitel",,Takarmánylapát
20260915_101608-012,"Szürke műanyag takarmánylapát, nagy kivitel",,Takarmánylapát
20260915_101608-013,Zöld-fekete elektromos légycsapó,,Elektromos rovarirtó
20260915_101608-014,Piros kábeldobos hosszabbító,,Elektromos hosszabbító
20260915_101608-015,Narancssárga kábeldobos hosszabbító,,Elektromos hosszabbító
20260915_101608-016,"Aranyszínű hajlékony csőtekercs, pontos rendeltetése nem azonosítható",,Hajlékony cső
20260915_101608-017,"Horganyzott csőbilincs, piros szorítókarral",,Csőbilincs
20260915_101608-018,"Horganyzott csőbilincs, szorítócsavarral",,Csőbilincs
20260915_101608-019,Fa nyelű kalapács,,Kalapács
20260915_101608-020,Sárga vízmérték,,Vízmérték
20260915_101608-021,Piros vízmérték,,Vízmérték
20260915_101608-022,Fekete védőcső tekercsben,,Kábelvédő cső
20260915_101608-023,"Fehér elektromos elosztó, több aljzattal",,Elektromos elosztó
20260915_101608-024,"Fehér kapcsoló és dugalj szerelvények, pontos típus takart",,Villamossági szerelvény
20260915_101608-025,Fehér lámpafoglalat,,Lámpafoglalat
20260915_101608-026,"Fehér dobozos LED-fényforrások, pontos típus nem olvasható",,LED-fényforrás
20260915_101608-027,"Napelemes kerti lámpa, dobozban",,Kerti lámpa
20260915_101608-028,"Dobozos asztali ventilátor, részben látható",,Ventilátor
20260915_101609-001,Fehér téglalap alakú postaláda,,Postaláda
20260915_101609-002,Barna téglalap alakú postaláda,,Postaláda
20260915_101609-003,"Chalet ívelt tetejű postaláda, dobozban",,Postaláda
20260915_101609-004,"Sötét téglalap alakú postaláda, nyitott előlapképpel",,Postaláda
20260915_101609-005,S14 színes izzóformájú fényfüzér,,Dekorációs világítás
20260915_101609-006,Csillag alakú díszekkel készült fényfüzér,,Dekorációs világítás
20260915_101609-007,Fekete leszúrható napelemes fáklyalámpa,,Napelemes kerti lámpa
20260915_101609-008,Ezüstszínű leszúrható napelemes lámpa,,Napelemes kerti lámpa
20260915_101609-009,Fehér tojásdad búrájú leszúrható napelemes lámpa,,Napelemes kerti lámpa
20260915_101609-010,Fekete-fehér hasábos leszúrható napelemes lámpa,,Napelemes kerti lámpa
20260915_101609-011,SOLAR feliratú sárgás búrájú kerti lámpa,,Napelemes kerti lámpa
20260915_101609-012,Üvegmozaik hatású napelemes dekorlámpa,,Napelemes kerti lámpa
20260915_101609-013,"Fehér asztali ventilátor, dobozban",,Ventilátor
20260915_101609-014,"Fekete asztali ventilátor, dobozban",,Ventilátor
20260915_101609-015,Mouse Rat Rodent ultrahangos rágcsálóriasztó,,Rágcsálóriasztó
20260915_101609-016,Pest Repeller konnektoros kártevőriasztó,,Kártevőriasztó
20260915_101609-017,Magnetic World ultrahangos kártevőriasztó,,Kártevőriasztó
20260915_101609-018,"Kék gömbölyű kerti díszfigura, részben takart",,Kerti dekoráció
20260915_101609-019,"Zöld gömbölyű kerti díszfigura, részben takart",,Kerti dekoráció
20260915_101609-020,"Sárga vízmérték, hosszú kivitel",,Vízmérték
20260915_101609-021,"Sárga vízmérték, rövidebb kivitel",,Vízmérték
20260915_101609-022,Agro-Largo univerzális fűmagkeverék,,Fűmag
20260915_101609-023,Agro-Largo gyors kelésű fűmagkeverék,,Fűmag
20260915_101609-024,Agro-Largo árnyéktűrő Lugas fűmagkeverék,,Fűmag
20260915_101609-025,Agro-Largo virágos pázsit fűmagkeverék,,Fűmag
20260915_101609-026,Agro-Largo Sport fűmagkeverék,,Fűmag
20260915_101609-027,Agro-Largo Magic Garden Niagara pázsit,,Fűmag
20260915_101609-028,Agro-Largo Multi Green gyeptrágya,,Gyeptrágya
20260915_101609-029,Agro-Largo felújító gyeptrágya,,Gyeptrágya
20260915_101609-030,"Dobozos LED-izzó, pontos típus nem olvasható",,LED-fényforrás
20260915_101609-031,"Fehér elektromos elosztó, részben takart",,Elektromos elosztó
20260915_101609-032,Fehér lámpafoglalat,,Lámpafoglalat
20260915_101612-001,Gardena PowerMax 1100/32 elektromos fűnyíró,,Fűnyíró
20260915_101612-002,"Gardena elektromos szegélynyíró, dobozban",,Szegélynyíró
20260915_101612-003,"Magasnyomású mosó, dobozban, pontos modell takart",,Magasnyomású mosó
20260915_101612-004,"Elektromos rovarcsapda, fénycsöves kivitel",,Elektromos rovarirtó
20260915_101612-005,"Zöld fejű leszúrható kerti riasztó, dobozban",,Kártevőriasztó
20260915_101612-006,"Kerek fejű leszúrható kerti riasztó, dobozban",,Kártevőriasztó
20260915_101612-007,Home fehér asztali ventilátor,,Ventilátor
20260915_101612-008,Commel fekete LED-reflektor,,LED-reflektor
20260915_101612-009,Optonica fehér LED-reflektor,,LED-reflektor
20260915_101612-010,GAO mozgásérzékelős LED-reflektor,,LED-reflektor
20260915_101612-011,Solar House Number Light napelemes házszámvilágítás,,Házszámvilágítás
20260915_101612-012,"Commel leszúrható napelemes lámpa, rácsos búrával",,Napelemes kerti lámpa
20260915_101612-013,Kanlux SUZI HR-60 fehér csíptetős lámpa,,Csíptetős lámpa
20260915_101612-014,"Színes világítású, SMART feliratú fényfüzér",,Dekorációs világítás
20260915_101612-015,"Fekete hengeres napelemes lámpás, virágmintás kivágásokkal",,Napelemes lámpás
20260915_101612-016,Ananász formájú napelemes lámpás,,Napelemes lámpás
20260915_101612-017,"Napelemes fali lámpa, sárgás búrával",,Napelemes fali lámpa
20260915_101612-018,"Napelemes fényfüzér, fehér gömbökkel",,Napelemes fényfüzér
20260915_101612-019,"Napelemes díszlámpa, virágos fényhatással",,Napelemes dekorlámpa
20260915_101612-020,S14 színes izzóformájú fényfüzér,,Dekorációs világítás
20260915_101612-021,Csillag alakú díszekkel készült fényfüzér,,Dekorációs világítás
20260915_101612-022,Fehér tojásdad búrájú leszúrható napelemes lámpa,,Napelemes kerti lámpa
20260915_101612-023,Ezüstszínű leszúrható napelemes lámpa,,Napelemes kerti lámpa
20260915_101612-024,Fekete-fehér hasábos leszúrható napelemes lámpa,,Napelemes kerti lámpa
20260915_101612-025,Commel hagyományos körteformájú LED-izzó,,LED-fényforrás
20260915_101612-026,Commel gyertyaformájú LED-izzó,,LED-fényforrás
20260915_101612-027,"X-LED dobozos LED-fényforrás, típusa nem olvasható",,LED-fényforrás
20260915_101612-028,"Narancssárga-fehér dobozos fényforrás, 28 W jelöléssel",,Fényforrás
20260915_101618-001,Stanley övre fűzhető kalapácstartó,,Szerszámtartó
20260915_101618-002,"Horganyzott L alakú sarokvas, nagy kivitel",,Összekötő vasalat
20260915_101618-003,"Horganyzott L alakú sarokvas, közepes kivitel",,Összekötő vasalat
20260915_101618-004,"Horganyzott L alakú sarokvas, kis kivitel",,Összekötő vasalat
20260915_101618-005,"GAH Alberts csomagolt szerelővasalat, pontos típusa nem olvasható",,Szerelővasalat
20260915_101618-006,Sárgás fémszínű lánc,,Lánc
20260915_101618-007,Ezüstszínű lánc,,Lánc
20260915_101618-008,"Fehér kötél, piros száljelöléssel",,Kötél
20260915_101618-009,"Fehér kötél, zöld száljelöléssel",,Kötél
20260915_101618-010,"Fehér kötél, fekete száljelöléssel",,Kötél
20260915_101618-011,Fehér-narancssárga mintás kötél,,Kötél
20260915_101618-012,Natúr barna sodrott kötél,,Kötél
20260915_101618-013,Kék-fekete nyelű kézi szegecshúzó,,Szegecshúzó
20260915_101618-014,Fekete-piros nyelű kézi szegecshúzó,,Szegecshúzó
20260915_101618-015,"Commel dobozos hosszúkás lámpatest, típusa takart",,Lámpatest
20260915_101618-016,"Fekete műanyag szerszámosláda, szürke zárral",,Szerszámosláda
20260915_101618-017,"Fekete műanyag szerszámosláda, piros zárral",,Szerszámosláda
20260915_101618-018,"Fehér műanyag kanna, piros kupakkal",,Kanna
20260915_101618-019,"Fehér lapos műanyag kanna, fekete kupakkal",,Kanna
20260915_101618-020,Zöld műanyag takarmánylapát,,Takarmánylapát
20260915_101618-021,Narancssárga műanyag takarmánylapát,,Takarmánylapát
20260915_101618-022,Fehér műanyag takarmánylapát,,Takarmánylapát
20260915_101618-023,Szürke műanyag takarmánylapát,,Takarmánylapát
20260915_101618-024,Sárga műanyag tölcsér,,Tölcsér
20260915_101618-025,Barna csomagolószalag,,Ragasztószalag
20260915_101618-026,Szürke ragasztószalag,,Ragasztószalag
20260915_101618-027,Fekete ragasztószalag,,Ragasztószalag
20260915_101618-028,Fehér ragasztószalag,,Ragasztószalag
20260915_101618-029,"Pisztolyos kartuskinyomó, piros fogantyúval, jobb alsó polcon",,Kartuskinyomó
20260915_101625-001,"Horganyzott keskeny L sarokvas, négyfuratos szárakkal",,Sarokvas
20260915_101625-002,"Horganyzott széles L sarokvas, kisebb kivitel",,Sarokvas
20260915_101625-003,"Horganyzott széles L sarokvas, közepes kivitel",,Sarokvas
20260915_101625-004,"Horganyzott széles L sarokvas, nagy kivitel",,Sarokvas
20260915_101625-005,"Horganyzott L sarokvas, merevítőbordával, kis kivitel",,Merevített sarokvas
20260915_101625-006,"Horganyzott L sarokvas, merevítőbordával, közepes kivitel",,Merevített sarokvas
20260915_101625-007,"Horganyzott L sarokvas, merevítőbordával és nagy középső furattal, nagy kivitel",,Merevített sarokvas
20260915_101625-008,"Horganyzott többfuratos összekötő lemez, keskeny kivitel",,Összekötő lemez
20260915_101625-009,"Horganyzott többfuratos összekötő lemez, széles kivitel",,Összekötő lemez
20260915_101625-010,"Horganyzott aszimmetrikus L sarokvas, hosszú szárral",,Sarokvas
20260915_101625-011,"Horganyzott aszimmetrikus L sarokvas, rövid szárral",,Sarokvas
20260915_101625-012,Sárga felületű keskeny sarokvas,,Sarokvas
20260915_101625-013,Sárga felületű széles sarokvas,,Sarokvas
20260915_101625-014,Sárga felületű hosszú szárú sarokvas,,Sarokvas
20260915_101625-015,Kis négyszögletes horganyzott csuklópánt,,Csuklópánt
20260915_101625-016,Nagy négyszögletes horganyzott csuklópánt,,Csuklópánt
20260915_101625-017,Sárga felületű csuklópánt,,Csuklópánt
20260915_101625-018,Hosszúkás keskeny fémpánt,,Pánt
20260915_101625-019,GAH Alberts csomagolt összekötő sarokvas,,Sarokvas
20260915_101625-020,Stanley övre fűzhető kalapácstartó,,Szerszámtartó
20260915_101625-021,Fehér-narancssárga mintás kötél,,Kötél
20260915_101625-022,"Sárga elektromos dekopírfűrész, jobb oldalon",,Dekopírfűrész
20260915_101625-023,"Sárga elektromos csiszológép, jobb felső részen",,Csiszológép
20260915_101625-024,"Sárga-fekete sarokcsiszoló, részben takart",,Sarokcsiszoló
20260915_101625-025,Zöld munkavédelmi kesztyű,,Munkavédelmi kesztyű
20260915_101625-026,Piros munkavédelmi kesztyű,,Munkavédelmi kesztyű
20260915_101625-027,Fekete munkavédelmi kesztyű,,Munkavédelmi kesztyű
20260915_101625-028,"Narancssárga-fekete mérőszalag, háttérben",,Mérőszalag
20260915_101629-001,"Horganyzott lakatpánt, rövid kivitel",,Lakatpánt
20260915_101629-002,"Horganyzott lakatpánt, hosszú kivitel",,Lakatpánt
20260915_101629-003,Sárga felületű lakatpánt,,Lakatpánt
20260915_101629-004,Horganyzott rugós húzózár,,Húzózár
20260915_101629-005,Sárga felületű rugós húzózár,,Húzózár
20260915_101629-006,"Horganyzott tolózár, kis kivitel",,Tolózár
20260915_101629-007,"Horganyzott tolózár, hosszú kivitel",,Tolózár
20260915_101629-008,Sárga felületű tolózár,,Tolózár
20260915_101629-009,Piros markolatos gyorsszorító vasalat,,Gyorsszorító
20260915_101629-010,"Fekete hosszúkás ajtóvasalat, pontos típus bizonytalan",,Ajtóvasalat
20260915_101629-011,"Horganyzott ajtóretesz, lapos fogantyúval",,Ajtóretesz
20260915_101629-012,Fekete görgős kapuvasalat,,Kapuvasalat
20260915_101629-013,"Horganyzott menetes kapupánt, állítható kivitel",,Kapupánt
20260915_101629-014,"Sárga felületű menetes kapupánt, állítható kivitel",,Kapupánt
20260915_101629-015,"Négyszögletes furatos sarokvas, alsó jobb rekeszben",,Sarokvas
20260915_101629-016,Fehér-narancssárga mintás fonott kötél,,Kötél
20260915_101629-017,"Natúr barna sodrott kötél, vastag kivitel",,Kötél
20260915_101629-018,"Natúr barna sodrott kötél, vékonyabb kivitel",,Kötél
20260915_101629-019,Fehér vékony zsinór,,Zsinór
20260915_101629-020,"Verto elektromos ütvefúró, dobozban",,Ütvefúró
20260915_101629-021,"Verto elektromos sarokcsiszoló, dobozban",,Sarokcsiszoló
20260915_101635-001,"Fekete szerszámosláda, egyszerű fedéllel",,Szerszámosláda
20260915_101635-002,"Fekete magas szerszámosláda, fogantyús tetővel",,Szerszámosláda
20260915_101635-003,"Fekete szerszámosláda, piros fedéllel",,Szerszámosláda
20260915_101635-004,"Fekete rekeszes tárolókoffer, szürke fedéllel és narancssárga zárral",,Alkatrésztároló
20260915_101635-005,"Fekete rekeszes tárolókoffer, átlátszó fedéllel és sárga zárral",,Alkatrésztároló
20260915_101635-006,"Szürke-fekete lapos rendszerezőkoffer, fehér zárral",,Alkatrésztároló
20260915_101635-007,"Átlátszó rekeszes tárolódoboz, nagy kivitel",,Alkatrésztároló
20260915_101635-008,"Átlátszó rekeszes tárolódoboz, közepes kivitel",,Alkatrésztároló
20260915_101635-009,"Átlátszó rekeszes tárolódoboz, kis kivitel",,Alkatrésztároló
20260915_101635-010,"Átlátszó csomagolószalag, széles tekercs",,Csomagolószalag
20260915_101635-011,"Fehér ragasztószalag, keskeny tekercs",,Ragasztószalag
20260915_101635-012,Sárga-fekete csíkos jelölőszalag,,Jelölőszalag
20260915_101635-013,Piros-fehér csíkos jelölőszalag,,Jelölőszalag
20260915_101635-014,"Nastro segnaletico piros-fehér kordonozószalag, dobozban",,Kordonozószalag
20260915_101635-015,FFG 456 CV FFP1 szelepes részecskeszűrő félálarc,,Légzésvédő
20260915_101635-016,FFG FFP3 szelepes részecskeszűrő félálarc,,Légzésvédő
20260915_101635-017,"FFG piros szelepes részecskeszűrő félálarc, osztálya nem olvasható",,Légzésvédő
20260915_101635-018,Sárga munkavédelmi sisak,,Védősisak
20260915_101635-019,Sárga homlokpántos arcvédő,,Arcvédő
20260915_101635-020,Zöld árnyalatú átlátszó arcvédő lap,,Arcvédő tartozék
20260915_101635-021,Fekete szegélyű arcvédő lap,,Arcvédő tartozék
20260915_101635-022,"Védőszemüveg, átlátszó csomagolásban",,Védőszemüveg
20260915_101635-023,"Gardena dobozos kerti szivattyú, pontos modell nem olvasható",,Kerti szivattyú
20260915_101635-024,"Gardena dobozos merülőszivattyú, pontos modell nem olvasható",,Merülőszivattyú
20260915_101635-025,"Power magasnyomású mosó, dobozban",,Magasnyomású mosó
20260915_101637-001,Sárga-fekete csíkos jelölőszalag,,Jelölőszalag
20260915_101637-002,Piros-fehér csíkos jelölőszalag,,Jelölőszalag
20260915_101637-003,"Fehér ragasztószalag, széles tekercs",,Ragasztószalag
20260915_101637-004,Nastro segnaletico kordonozószalag,,Kordonozószalag
20260915_101637-005,FFG 456 CV FFP1 szelepes félálarc,,Légzésvédő
20260915_101637-006,Sárga munkavédelmi sisak,,Védősisak
20260915_101637-007,Sárga homlokpántos arcvédő,,Arcvédő
20260915_101637-008,Zöld árnyalatú arcvédő lap,,Arcvédő tartozék
20260915_101637-009,Fekete keretes arcvédő lap,,Arcvédő tartozék
20260915_101637-010,"Színes védőszemüveg, csomagolva",,Védőszemüveg
20260915_101637-011,"Q jelölésű szilikonspray, 400 ml",,Kenőspray
20260915_101637-012,"Hexol G2 lítiumos kenőzsír, kartusos",,Kenőzsír
20260915_101637-013,"Q jelölésű 52 aeroszol, pontos rendeltetése nem olvasható",,Műszaki aeroszol
20260915_101637-014,"Q jelölésű 16 aeroszol, pontos rendeltetése nem olvasható",,Műszaki aeroszol
20260915_101637-015,"Tűzoltó aeroszol, kék kupakkal",,Tűzoltó eszköz
20260915_101637-016,"Q jelölésű szórófejes műszaki folyadék, 500 ml",,Műszaki folyadék
20260915_101637-017,Hexol Chain Oil lánckenő olaj,,Lánckenő olaj
20260915_101637-018,Hexol zöld címkés kétütemű motorolaj,,Motorolaj
20260915_101637-019,Hexol Mix Oil kétütemű motorolaj,,Motorolaj
20260915_101637-020,WD-40 univerzális kenőspray,,Kenőspray
20260915_101637-021,Motip Brake Cleaner féktisztító,,Féktisztító
20260915_101637-022,"Pattex faragasztó, piros kupakkal",,Faragasztó
20260915_101637-023,"Pattex faragasztó, narancssárga kupakkal",,Faragasztó
20260915_101637-024,"Pattex faragasztó, kék kupakkal",,Faragasztó
20260915_101637-025,"Kékeszöld műszaki folyadék, 1 liter, termékneve nem olvasható",,Műszaki folyadék
20260915_101637-026,"Lila műszaki folyadék, 1 liter, termékneve nem olvasható",,Műszaki folyadék
20260915_101637-027,Pattex cipőragasztó,,Cipőragasztó
20260915_101637-028,"Pattex dobozos ragasztó, változata nem olvasható",,Ragasztó
20260915_101637-029,"Pillanatragasztó, piros tubusban",,Pillanatragasztó
20260915_101637-030,Glue Star ragasztóstift,,Ragasztóstift
20260915_101637-031,Sealing Strip öntapadó tömítőszalag,,Tömítőszalag
20260915_101637-032,"Den Braven 99 kartusos tömítő, sötét címkével",,Tömítőanyag
20260915_101637-033,"Den Braven 99 kartusos tömítő, bézs címkével",,Tömítőanyag
20260915_101637-034,Den Braven PU Foam kézi purhab,,Purhab
20260915_101637-035,Den Braven Gun Foam pisztolyhab,,Purhab
20260915_101637-036,"Soudal purhab, zöld címkével",,Purhab
20260915_101637-037,"Soudal purhab, lila címkével",,Purhab
20260915_101637-038,Soudal Fix All 60 szerelőragasztó,,Szerelőragasztó
20260915_101637-039,"Soudal kartusos termék, piros kupakkal, pontos változat nem olvasható",,Ragasztó vagy tömítő
20260915_101637-040,Piros nyelű kartuskinyomó,,Kartuskinyomó
20260915_101637-041,"Sárga kis aeroszol, termékneve nem olvasható",,Műszaki aeroszol
20260915_101639-001,Den Braven barna csomagolószalag,,Csomagolószalag
20260915_101639-002,Den Braven átlátszó csomagolószalag,,Csomagolószalag
20260915_101639-003,Szürke javítószalag,,Ragasztószalag
20260915_101639-004,Fekete javítószalag,,Ragasztószalag
20260915_101639-005,"Den Braven bézs maszkolószalag, keskeny kivitel",,Maszkolószalag
20260915_101639-006,"Den Braven bézs maszkolószalag, széles kivitel",,Maszkolószalag
20260915_101639-007,Sárga-fekete csíkos jelölőszalag,,Jelölőszalag
20260915_101639-008,Piros-fehér csíkos jelölőszalag,,Jelölőszalag
20260915_101639-009,Nastro segnaletico kordonozószalag,,Kordonozószalag
20260915_101639-010,FFG 456 CV szelepes félálarc,,Légzésvédő
20260915_101639-011,Sárga homlokpántos arcvédő,,Arcvédő
20260915_101639-012,Sárga szigetelőszalag,,Szigetelőszalag
20260915_101639-013,Fekete szigetelőszalag,,Szigetelőszalag
20260915_101639-014,Kék szigetelőszalag,,Szigetelőszalag
20260915_101639-015,Zöld szigetelőszalag,,Szigetelőszalag
20260915_101639-016,Fehér szigetelőszalag,,Szigetelőszalag
20260915_101639-017,"Csavarlazító spray, kisebb palack",,Csavarlazító
20260915_101639-018,"Csavarlazító spray, nagyobb palack",,Csavarlazító
20260915_101639-019,"Műszaki aeroszol, sárga címkével és áttetsző kupakkal, típusa nem olvasható",,Műszaki aeroszol
20260915_101639-020,"Műszaki folyadék, barna üvegben, narancssárga címkével, típusa nem olvasható",,Műszaki folyadék
20260915_101639-021,"Csőrös adagolópalackos olaj, típusa nem olvasható",,Kenőolaj
20260915_101639-022,Hexol CA G2 lítiumos kenőzsír,,Kenőzsír
20260915_101639-023,"Q jelölésű 52 aeroszol, pontos rendeltetése nem olvasható",,Műszaki aeroszol
20260915_101639-024,"Tűzoltó aeroszol, kék kupakkal",,Tűzoltó eszköz
20260915_101639-025,"Q jelölésű 16 aeroszol, pontos rendeltetése nem olvasható",,Műszaki aeroszol
20260915_101639-026,WD-40 univerzális kenőspray,,Kenőspray
20260915_101639-027,"Pattex faragasztó, piros kupakkal",,Faragasztó
20260915_101639-028,"Pattex faragasztó, narancssárga kupakkal",,Faragasztó
20260915_101639-029,"Pattex faragasztó, kék kupakkal",,Faragasztó
20260915_101639-030,Motip Brake Cleaner féktisztító,,Féktisztító
20260915_101639-031,"Kékeszöld műszaki folyadék, termékneve nem olvasható",,Műszaki folyadék
20260915_101639-032,"Lila műszaki folyadék, termékneve nem olvasható",,Műszaki folyadék
20260915_101639-033,Pattex cipőragasztó,,Cipőragasztó
20260915_101639-034,Glue Star ragasztóstift,,Ragasztóstift
20260915_101639-035,"Pillanatragasztó, piros tubusban",,Pillanatragasztó
20260915_101639-036,Sealing Strip öntapadó tömítőszalag,,Tömítőszalag
20260915_101639-037,"Den Braven kartusos tömítőanyag, sötét címkével",,Tömítőanyag
20260915_101639-038,"Den Braven kartusos tömítőanyag, bézs címkével",,Tömítőanyag
20260915_101639-039,Den Braven PU Foam kézi purhab,,Purhab
20260915_101639-040,Den Braven Gun Foam pisztolyhab,,Purhab
20260915_101639-041,"Soudal purhab, zöld címkével",,Purhab
20260915_101639-042,"Soudal purhab, lila címkével",,Purhab
20260915_101639-043,Piros nyelű kartuskinyomó,,Kartuskinyomó
20260915_101639-044,"Fehér festett polctartó konzol, nagy kivitel",,Polctartó
20260915_101639-045,"Fehér festett polctartó konzol, kisebb kivitel",,Polctartó
20260915_101639-046,Fehér csomagolt tömítőzsinór,,Tömítőzsinór
20260915_101639-047,"Fa nyelű kalapács, alsó bal sarokban",,Kalapács
20260915_101641-001,FFG 455 CV FFP2 szelepes félálarc,,Légzésvédő
20260915_101641-002,FFG FFP3 szelepes félálarc,,Légzésvédő
20260915_101641-003,FFG 456 CV FFP1 szelepes félálarc,,Légzésvédő
20260915_101641-004,Sötétzöld kézi hegesztőpajzs,,Hegesztőpajzs
20260915_101641-005,"Átlátszó védőszemüveg, csomagolva",,Védőszemüveg
20260915_101641-006,"Zárt, áttetsző védőszemüveg",,Védőszemüveg
20260915_101641-007,Sötét lencsés védőszemüveg,,Védőszemüveg
20260915_101641-008,"Fekete arcvédő vagy hegesztővédő kiegészítő, csomagolva, pontos típus takart",,Munkavédelmi kiegészítő
20260915_101641-009,"Fa nyelű kézi szerszám, feje csomagolásban takart",,Kéziszerszám
20260915_101641-010,"Fekete tömlőtekercs, fém csatlakozóvéggel",,Csatlakozós tömlő
20260915_101641-011,"Fekete szerszámosláda, szürke fogantyús fedéllel",,Szerszámosláda
20260915_101641-012,"Fekete szerszámosláda, bordázott oldallal",,Szerszámosláda
20260915_101641-013,"Fekete lapos rendszerezőkoffer, narancssárga zárral",,Alkatrésztároló
20260915_101641-014,"Fekete lapos rendszerezőkoffer, sárga zárral",,Alkatrésztároló
20260915_101641-015,Átlátszó rekeszes rendszereződoboz,,Alkatrésztároló
20260915_101641-016,Szürke fedeles rendszerezőkoffer,,Alkatrésztároló
20260915_101641-017,Szürke javítószalag,,Ragasztószalag
20260915_101641-018,Fekete javítószalag,,Ragasztószalag
20260915_101641-019,"Den Braven bézs maszkolószalag, keskeny kivitel",,Maszkolószalag
20260915_101641-020,"Den Braven bézs maszkolószalag, közepes kivitel",,Maszkolószalag
20260915_101641-021,"Den Braven bézs maszkolószalag, széles kivitel",,Maszkolószalag
20260915_101641-022,Sárga-fekete csíkos jelölőszalag,,Jelölőszalag
20260915_101641-023,Piros-fehér csíkos jelölőszalag,,Jelölőszalag
20260915_101641-024,Nastro segnaletico kordonozószalag,,Kordonozószalag
20260915_101641-025,Sárga munkavédelmi sisak,,Védősisak
20260915_101641-026,Sárga homlokpántos arcvédő,,Arcvédő
20260915_101647-001,"Áttetsző szögletes vizeskanna, piros csappal és fekete kupakkal",,Csapos kanna
20260915_101647-002,"Áttetsző magas vizeskanna, fehér csappal és piros kupakkal",,Csapos kanna
20260915_101647-003,"Áttetsző lapos műanyag kanna, fekete kupakkal",,Műanyag kanna
20260915_101647-004,"Fekete hengeres fedeles tartály, oldalfogantyúval",,Tárolótartály
20260915_101647-005,"Fehér nagy befőzőtölcsér, fülekkel",,Befőzőtölcsér
20260915_101647-006,"Szürke nagy befőzőtölcsér, fülekkel",,Befőzőtölcsér
20260915_101647-007,"Zöld nagy műanyag tölcsér, részben takart",,Tölcsér
20260915_101647-008,"Fekete hengeres csőidom, kisebb kivitel",,Csőidom
20260915_101647-009,"Fekete hengeres csőidom, nagyobb kivitel",,Csőidom
20260915_101647-010,"Fémszínű tölcsér vagy csőátmenet, csomagolva, rendeltetése nem biztos",,Fém szerelvény
20260915_101647-011,Fekete kör alakú csőkarima,,Csőkarima
20260915_101647-012,Fehér kör alakú csőkarima,,Csőkarima
20260915_101647-013,Hosszú fekete fém piszkavas,,Tűzhelyszerszám
20260915_101647-014,Hosszú fekete fém hamulapát,,Hamulapát
20260915_101647-015,"Fekete tömlőtekercs, fém csatlakozókkal",,Csatlakozós tömlő
20260915_101647-016,Sötétzöld hegesztőpajzs,,Hegesztőpajzs
20260915_101647-017,Átlátszó védőszemüveg,,Védőszemüveg
20260915_101647-018,"Sötét lencsés védőszemüveg, csomagolva",,Védőszemüveg
20260915_101647-019,Szürke javítószalag,,Ragasztószalag
20260915_101647-020,Fekete javítószalag,,Ragasztószalag
20260915_101647-021,"Den Braven ragasztószalag, sárga címkés tekercs",,Ragasztószalag
20260915_101651-001,Pattex Power Tape javítószalag,,Javítószalag
20260915_101651-002,Den Braven alumínium ragasztószalag,,Alumíniumszalag
20260915_101651-003,"Den Braven bézs maszkolószalag, keskeny kivitel",,Maszkolószalag
20260915_101651-004,"Den Braven bézs maszkolószalag, széles kivitel",,Maszkolószalag
20260915_101651-005,Den Braven szürke javítószalag,,Javítószalag
20260915_101651-006,Fekete javítószalag,,Javítószalag
20260915_101651-007,Fehér üvegszövet hálós hézagerősítő szalag,,Hézagerősítő szalag
20260915_101651-008,Barna csomagolószalag,,Csomagolószalag
20260915_101651-009,Átlátszó csomagolószalag,,Csomagolószalag
20260915_101651-010,Fehér kétoldalas ragasztószalag,,Ragasztószalag
20260915_101651-011,"Szigetelőszalag, többszínű készlet",,Szigetelőszalag
20260915_101651-012,Kék nyelű kombinált fogó,,Kombinált fogó
20260915_101651-013,Kék nyelű hosszúcsőrű fogó,,Hosszúcsőrű fogó
20260915_101651-014,Kék nyelű oldalcsípő fogó,,Oldalcsípő fogó
20260915_101651-015,"Sárga-fekete nyelű fogó, feje részben takart",,Fogó
20260915_101651-016,Piros nyelű csípőfogó,,Csípőfogó
20260915_101651-017,Kék-fekete markolatú behajtható vágókés,,Vágókés
20260915_101651-018,Fémházas behajtható vágókés,,Vágókés
20260915_101651-019,Sárga törhető pengés vágókés,,Vágókés
20260915_101651-020,Piros törhető pengés vágókés,,Vágókés
20260915_101651-021,Kék törhető pengés vágókés,,Vágókés
20260915_101651-022,Fémházas törhető pengés vágókés,,Vágókés
20260915_101651-023,"Tartalék vágókéspenge, csomagban",,Vágókés tartozék
20260915_101651-024,Sárga nyelű kézifűrész,,Kézifűrész
20260915_101651-025,Fekete nyelű kézifűrész,,Kézifűrész
20260915_101651-026,Narancssárga-fekete nyelű kézifűrész,,Kézifűrész
20260915_101651-027,"Keskeny pengéjű szúrófűrész, fekete-narancssárga nyéllel",,Kézi szúrófűrész
20260915_101651-028,Kék műanyag mini fűrészkeret,,Fémfűrész
20260915_101651-029,"Hosszú pótfűrészlap, csomagolva",,Fűrészlap
20260915_101651-030,"Fehér festett polctartó konzol, nagy kivitel",,Polctartó
20260915_101651-031,"Fehér festett polctartó konzol, kis kivitel",,Polctartó
20260915_101651-032,Fém fogazott glettvas,,Glettvas
20260915_101651-033,Fém sima glettvas,,Glettvas
20260915_101651-034,Sárga hosszú simítólap,,Simító
20260915_101651-035,Világoskék habszivacsos simító,,Simító
20260915_101651-036,Perforált csiszolórácsos kézi simító,,Csiszolóeszköz
20260915_101651-037,Fa nyelű keskeny spakli,,Spakli
20260915_101651-038,Fa nyelű széles spakli,,Spakli
20260915_101651-039,"Narancssárga ceruza, kötegben",,Ácsceruza
20260915_101651-040,WD-40 univerzális kenőspray,,Kenőspray
20260915_101651-041,"Szilikonspray, jobb szélen",,Kenőspray
20260915_101651-042,"Pattex faragasztó, piros kupakkal",,Faragasztó
20260915_101651-043,"Pattex faragasztó, narancssárga kupakkal",,Faragasztó
20260915_101651-044,"Pattex faragasztó, kék kupakkal",,Faragasztó
20260915_101651-045,"Fehér palackos ragasztó, fekete kupakkal, típusa nem olvasható",,Ragasztó
20260915_101656-001,Fa nyelű keskeny spakli,,Spakli
20260915_101656-002,Fa nyelű széles spakli,,Spakli
20260915_101656-003,Sárga-fekete nyelű spakli,,Spakli
20260915_101656-004,Kék nyelű spakli,,Spakli
20260915_101656-005,"Fekete nyelű kézi kaparó, felső fadobozban",,Kaparó
20260915_101656-006,"Fém lyukfűrészkészlet, narancssárga tartóban",,Lyukfűrész
20260915_101656-007,"T alakú dugókulcs, csomagolva",,Dugókulcs
20260915_101656-008,"Villáskulcs, csomagolva",,Villáskulcs
20260915_101656-009,"Csillag-villáskulcs, csomagolva",,Csillag-villáskulcs
20260915_101656-010,"Csőkulcs, csomagolva",,Csőkulcs
20260915_101656-011,Piros nyelű reszelő,,Reszelő
20260915_101656-012,Fa nyelű lapos reszelő,,Reszelő
20260915_101656-013,Fa nyelű kerek reszelő,,Reszelő
20260915_101656-014,Sárga összehajtható mérőléc,,Mérőléc
20260915_101656-015,Narancssárga ácsceruza,,Ácsceruza
20260915_101656-016,"Vízálló csiszolópapír, P1200, kék dobozban",,Csiszolópapír
20260915_101656-017,Kék nyelű kombinált fogó,,Kombinált fogó
20260915_101656-018,Kék nyelű hosszúcsőrű fogó,,Hosszúcsőrű fogó
20260915_101656-019,Kék nyelű oldalcsípő fogó,,Oldalcsípő fogó
20260915_101656-020,"Sárga-fekete nyelű fogó, feje takart",,Fogó
20260915_101656-021,Piros nyelű csípőfogó,,Csípőfogó
20260915_101656-022,Kék-fekete markolatú behajtható vágókés,,Vágókés
20260915_101656-023,Sárga törhető pengés vágókés,,Vágókés
20260915_101656-024,Piros törhető pengés vágókés,,Vágókés
20260915_101656-025,Fa nyelű kőműveskanál,,Kőműveskanál
20260915_101656-026,Piros nyelű kőműveskanál,,Kőműveskanál
20260915_101656-027,Fém fogazott glettvas,,Glettvas
20260915_101656-028,Fém sima glettvas,,Glettvas
20260915_101656-029,Piros nyelű simítólap,,Simító
20260915_101656-030,Világoskék habszivacsos simító,,Simító
20260915_101656-031,Sárga hosszú simítólap,,Simító
20260915_101656-032,Perforált kézi csiszolólap,,Csiszolóeszköz
20260915_101656-033,Sárga nyelű kézifűrész,,Kézifűrész
20260915_101656-034,Fekete nyelű kézifűrész,,Kézifűrész
20260915_101656-035,Narancssárga-fekete nyelű kézifűrész,,Kézifűrész
20260915_101656-036,Kék mini fűrészkeret,,Fémfűrész
20260915_101656-037,"Fűrészlap, csomagolva",,Fűrészlap
20260915_101656-038,Zöld szivacsos simítólap,,Simító
20260915_101656-039,"Sárga-fekete csavarhúzó, bal szélen",,Csavarhúzó
20260915_101656-040,Fehér festett polctartó konzol,,Polctartó
20260915_101658-001,"Áttetsző lapos műanyag kanna, fekete kupakkal, kisebb kivitel",,Műanyag kanna
20260915_101658-002,"Áttetsző lapos műanyag kanna, fekete kupakkal, nagyobb kivitel",,Műanyag kanna
20260915_101658-003,"Áttetsző vizeskanna, piros csappal, felső polcon",,Csapos kanna
20260915_101658-004,"Zöld kerek műanyag vödör, fém füllel",,Vödör
20260915_101658-005,"Narancssárga szögletes fedeles tároló, piros fogantyúval",,Fedeles vödör
20260915_101658-006,"Zöld szögletes fedeles tároló, fekete fedéllel és piros fogantyúval",,Fedeles vödör
20260915_101658-007,"Fehér nagy műanyag tölcsér, fülekkel",,Befőzőtölcsér
20260915_101658-008,Fekete csőkarima,,Csőkarima
20260915_101658-009,"Fémszínű kör alakú csőkarima, csomagolva",,Csőkarima
20260915_101658-010,Fekete spirálos számzáras kerékpárzár,,Kerékpárzár
20260915_101658-011,Fa nyelű keskeny spakli,,Spakli
20260915_101658-012,Fa nyelű széles spakli,,Spakli
20260915_101658-013,Sárga-fekete nyelű spakli,,Spakli
20260915_101658-014,Kék nyelű spakli,,Spakli
20260915_101658-015,Fekete nyelű kézi kaparó,,Kaparó
20260915_101658-016,"Lyukfűrészkészlet, narancssárga tartóban",,Lyukfűrész
20260915_101658-017,"Fém fogazott glettvas, felső szerszámsoron",,Glettvas
20260915_101658-018,"Topex csomagolt szerszámtartozék, pontos típus takart",,Szerszámtartozék
20260915_101658-019,"Bézs maszkolószalag, keskeny tekercs",,Maszkolószalag
20260915_101658-020,"Bézs maszkolószalag, széles tekercs",,Maszkolószalag
20260915_101658-021,Szürke ragasztószalag,,Javítószalag
20260915_101658-022,Fekete ragasztószalag,,Javítószalag
20260915_101658-023,Fehér hálós hézagerősítő szalag,,Hézagerősítő szalag
20260915_101658-024,Kék nyelű kombinált fogó,,Kombinált fogó
20260915_101658-025,Kék nyelű hosszúcsőrű fogó,,Hosszúcsőrű fogó
20260915_101658-026,Kék nyelű oldalcsípő fogó,,Oldalcsípő fogó
20260915_101658-027,"Sárga-fekete nyelű fogó, feje részben takart",,Fogó
20260915_101658-028,Piros nyelű csípőfogó,,Csípőfogó
20260915_101658-029,Piros nyelű reszelő,,Reszelő
20260915_101658-030,Fa nyelű reszelő,,Reszelő
20260915_101658-031,"Csőkulcs, csomagolva",,Csőkulcs
20260915_101658-032,"Villáskulcs, csomagolva",,Villáskulcs
20260915_101658-033,"Csillag-villáskulcs, csomagolva",,Csillag-villáskulcs
20260915_101658-034,T alakú dugókulcs,,Dugókulcs
20260915_101658-035,Narancssárga ácsceruza,,Ácsceruza
20260915_101658-036,Sárga összehajtható mérőléc,,Mérőléc
20260915_101658-037,Kék-fekete behajtható vágókés,,Vágókés
20260915_101658-038,Sárga törhető pengés vágókés,,Vágókés
20260915_101658-039,Piros törhető pengés vágókés,,Vágókés
20260915_101701-001,"Vízálló csiszolópapír, P1200, kék dobozban",,Csiszolópapír
20260915_101701-002,"FFG mérőszalag, 7,5 m",,Mérőszalag
20260915_101701-003,"Sárga-fekete mérőszalag, kisebb kivitel",,Mérőszalag
20260915_101701-004,"Nyitott tekercses hosszú mérőszalag, sárga házzal",,Mérőszalag
20260915_101701-005,Fekete nyeles habarcsmerő edény,,Habarcsmerő
20260915_101701-006,Horganyzott nyeles habarcsmerő edény,,Habarcsmerő
20260915_101701-007,Fa nyelű hegyes kőműveskanál,,Kőműveskanál
20260915_101701-008,Fa nyelű szögletes kőműveskanál,,Kőműveskanál
20260915_101701-009,Piros nyelű hegyes kőműveskanál,,Kőműveskanál
20260915_101701-010,Piros nyelű szögletes kőműveskanál,,Kőműveskanál
20260915_101701-011,Sárga-fekete nyelű kőműveskanál,,Kőműveskanál
20260915_101701-012,Kék nyelű spakli,,Spakli
20260915_101701-013,Sárga-fekete nyelű spakli,,Spakli
20260915_101701-014,Fa nyelű spakli,,Spakli
20260915_101701-015,Fém sima glettvas,,Glettvas
20260915_101701-016,Fém fogazott glettvas,,Glettvas
20260915_101701-017,Piros fogantyús simító,,Simító
20260915_101701-018,Fekete fogantyús simító,,Simító
20260915_101701-019,Világoskék habszivacsos simító,,Simító
20260915_101701-020,Narancssárga habszivacsos simító,,Simító
20260915_101701-021,Piros nyelű kézi csiszolótartó,,Csiszolóeszköz
20260915_101701-022,Fa nyelű kézi csiszolótartó,,Csiszolóeszköz
20260915_101701-023,"Sárga kézi csiszolótartó, csomagolva",,Csiszolóeszköz
20260915_101701-024,Szürke csiszolószivacs,,Csiszolószivacs
20260915_101701-025,Zöld hab térdvédőpár,,Térdvédő
20260915_101701-026,Szürke párnázott térdvédőpár,,Térdvédő
20260915_101701-027,"Fehér takarófólia, összehajtva",,Takarófólia
20260915_101701-028,"Kék takaróponyva, csomagolva",,Takaróponyva
20260915_101701-029,"Zöld takaróponyva, csomagolva",,Takaróponyva
20260915_101701-030,"Szürke takaróponyva, csomagolva",,Takaróponyva
20260915_101701-031,Sárga összehajtható mérőléc,,Mérőléc
20260915_101701-032,Fehér összehajtható mérőléc,,Mérőléc
20260915_101701-033,Narancssárga ácsceruza,,Ácsceruza
20260915_101701-034,"Csőkulcs, kosárban",,Csőkulcs
20260915_101701-035,"Csillag-villáskulcs, kosárban",,Csillag-villáskulcs
20260915_101701-036,"Fém asztalos csavarszorító, kis kivitel",,Szorító
20260915_101701-037,"Fém asztalos csavarszorító, nagy kivitel",,Szorító
20260915_101701-038,Narancssárga rugós csipesz,,Szorítócsipesz
20260915_101701-039,Sárga rugós csipesz,,Szorítócsipesz
20260915_101701-040,Kék rugós csipesz,,Szorítócsipesz
20260915_101701-041,"Piros nyelű reszelő, felső jobb polcon",,Reszelő
20260915_101701-042,Fekete spirálos számzáras kerékpárzár,,Kerékpárzár
20260915_101703-001,"Fekete spirálos számzáras kerékpárzár, vékonyabb kivitel",,Kerékpárzár
20260915_101703-002,"Fekete spirálos számzáras kerékpárzár, vastagabb kivitel",,Kerékpárzár
20260915_101703-003,"Kék kerékpárzár, csomagolva",,Kerékpárzár
20260915_101703-004,"Piros kerékpárzár, csomagolva",,Kerékpárzár
20260915_101703-005,"Zöld kerékpárzár, csomagolva",,Kerékpárzár
20260915_101703-006,"Kerékpárzár, kulcsos kivitel, kék csomagolásban",,Kerékpárzár
20260915_101703-007,"Defektjavító aeroszol, szelepcsatlakozóval",,Defektjavító
20260915_101703-008,"Kerékpárbelső, 24 colos, narancssárga dobozban",,Kerékpárbelső
20260915_101703-009,"Kerékpárbelső, kék dobozban, mérete nem olvasható",,Kerékpárbelső
20260915_101703-010,"Kerékpárbelső, fekete dobozban, mérete nem olvasható",,Kerékpárbelső
20260915_101703-011,"Kerékpár-gumijavító készlet, zöld-fehér dobozban",,Defektjavító készlet
20260915_101703-012,"Fém bilincs vagy rögzítőpánt, csomagolva",,Rögzítőelem
20260915_101703-013,Kék nyelű spakli,,Spakli
20260915_101703-014,Sárga-fekete nyelű spakli,,Spakli
20260915_101703-015,Fa nyelű keskeny spakli,,Spakli
20260915_101703-016,Fa nyelű széles spakli,,Spakli
20260915_101703-017,Fekete nyelű kaparó,,Kaparó
20260915_101703-018,"Lyukfűrészkészlet, narancssárga tartóban",,Lyukfűrész
20260915_101703-019,"Fehér kerek fedeles vödör, fém füllel",,Vödör
20260915_101703-020,Áttetsző kerek fedeles vödör,,Vödör
20260915_101703-021,Zöld kerek műanyag vödör,,Vödör
20260915_101703-022,"Narancssárga szögletes fedeles tároló, piros fogantyúval",,Fedeles vödör
20260915_101703-023,"Zöld szögletes fedeles tároló, jobb szélen",,Fedeles vödör
20260915_101703-024,"Áttetsző lapos kanna, fekete kupakkal, kisebb kivitel",,Műanyag kanna
20260915_101703-025,"Áttetsző lapos kanna, fekete kupakkal, nagyobb kivitel",,Műanyag kanna
20260915_101703-026,"Áttetsző kanna, piros csappal, felső polcon",,Csapos kanna
20260915_101703-027,"FFG mérőszalag, 7,5 m",,Mérőszalag
20260915_101703-028,"Sárga-fekete mérőszalag, kisebb kivitel",,Mérőszalag
20260915_101703-029,Sárga összehajtható mérőléc,,Mérőléc
20260915_101703-030,Narancssárga ácsceruza,,Ácsceruza
20260915_101703-031,"Vízálló csiszolópapír, P1200, kék dobozban",,Csiszolópapír
20260915_101703-032,"Csőkulcs, alsó bal kosárban",,Csőkulcs
20260915_101703-033,"Villáskulcs, alsó bal kosárban",,Villáskulcs
20260915_101709-001,"Narancssárga-fekete térdvédőpár, C0006 jelöléssel",,Térdvédő
20260915_101709-002,"Fekete kábelkötegelő, rövid kivitel",,Kábelkötegelő
20260915_101709-003,"Fekete kábelkötegelő, hosszú kivitel",,Kábelkötegelő
20260915_101709-004,"FFG fafúró, csigás kivitel, rövid",,Fafúró
20260915_101709-005,"FFG fafúró, csigás kivitel, hosszú",,Fafúró
20260915_101709-006,"FFG fafúró, nagy átmérőjű csigás kivitel",,Fafúró
20260915_101709-007,"Graphite csigás fafúró, rövidebb kivitel",,Fafúró
20260915_101709-008,"Graphite csigás fafúró, hosszú kivitel",,Fafúró
20260915_101709-009,"FFG spirális fúrószár, rövid kivitel, anyaghoz rendelése nem olvasható",,Fúrószár
20260915_101709-010,"FFG spirális fúrószár, hosszú kivitel, anyaghoz rendelése nem olvasható",,Fúrószár
20260915_101709-011,"Benman betonfúró, 6 mm",,Betonfúró
20260915_101709-012,"Benman betonfúró, 8 mm, rövidebb kivitel",,Betonfúró
20260915_101709-013,"Benman betonfúró, 8 mm, hosszabb kivitel",,Betonfúró
20260915_101709-014,"Benman betonfúró, 10 mm",,Betonfúró
20260915_101709-015,"Graphite betonfúró, rövidebb kivitel",,Betonfúró
20260915_101709-016,"Graphite betonfúró, hosszabb kivitel",,Betonfúró
20260915_101709-017,"Benman hosszú betonfúró, jobb oldalon, mérete nem olvasható",,Betonfúró
20260915_101709-018,"Graphite hosszú betonfúró, nagy átmérőjű kivitel",,Betonfúró
20260915_101709-019,Benman csomagolt fúrószárkészlet,,Fúrószárkészlet
20260915_101709-020,Spirális habarcskeverő szár,,Keverőszár
20260915_101709-021,Kosaras habarcskeverő szár,,Keverőszár
20260915_101709-022,"Csigás keverőszár, fúrógépbe fogható",,Keverőszár
20260915_101709-023,Vorel csomagolt keverőszár,,Keverőszár
20260915_101709-024,Sárga-narancssárga jelölőceruza-készlet,,Jelölőceruza
20260915_101709-025,"Piros csomagolású fúrószárkészlet, méretek nem olvashatók",,Fúrószárkészlet
20260915_101709-026,"Krómfényű villáskulcs, jobb alsó részen",,Villáskulcs
20260915_101709-027,"Krómfényű csillag-villáskulcs, jobb alsó részen",,Csillag-villáskulcs
20260915_101711-001,"FFG rövidebb betonfúró, pontos méret nem olvasható",,Betonfúró
20260915_101711-002,"FFG hosszabb betonfúró, pontos méret nem olvasható",,Betonfúró
20260915_101711-003,"GRAPHITE vékonyabb betonfúró, pontos méret nem olvasható",,Betonfúró
20260915_101711-004,"GRAPHITE vastagabb betonfúró, pontos méret nem olvasható",,Betonfúró
20260915_101711-005,"GRAPHITE hosszú betonfúró, pontos méret nem olvasható",,Betonfúró
20260915_101711-006,"Milwaukee 8,0 mm-es fúrószár",,Fúrószár
20260915_101711-007,"Milwaukee 10,0 mm-es fúrószár",,Fúrószár
20260915_101711-008,"Milwaukee hosszú, 6,0 mm-es fúrószár",,Fúrószár
20260915_101711-009,"GRAPHITE rövidebb csigafúró, pontos méret nem olvasható",,Csigafúró
20260915_101711-010,"GRAPHITE hosszabb csigafúró, pontos méret nem olvasható",,Csigafúró
20260915_101711-011,"Piros-fekete csomagolású fúrószárkészlet, felirata nem olvasható",,Fúrószárkészlet
20260915_101711-012,"Milwaukee rövidebb fűrészlap, pontos típus nem olvasható",,Fűrészlap
20260915_101711-013,"GRAPHITE csomagolt fűrészlap, pontos típus nem olvasható",,Fűrészlap
20260915_101711-014,"Milwaukee hosszú fűrészlap, pontos típus nem olvasható",,Fűrészlap
20260915_101711-015,"Hengeres fém koronafúró, részben takart",,Koronafúró
20260915_101711-016,"Piros tasakos hosszú fúrószár, felirata nem olvasható",,Fúrószár
20260915_101711-017,"FFG ezüstszínű dugókulcsfej, részben takart, mérete nem olvasható",,Dugókulcsfej
20260915_101711-018,"Fehér LED-fényforrás, részben takart, pontos típus nem olvasható",,LED-fényforrás
20260915_101711-019,"Dobozos dekorációs fényfüzér, pontos típus nem olvasható",,Fényfüzér
20260915_101711-020,"Fehér dugaszolóaljzat, részben takart, pontos típus nem olvasható",,Dugaszolóaljzat
20260915_101711-021,"Narancssárga-fekete kábeldob, részben takart",,Kábeldob
20260915_101711-022,"Világos kötözőzsinór gombolyagban, részben takart",,Kötözőzsinór
20260915_101714-001,FF GROUP 6 mm-es csillag-villáskulcs,,Csillag-villáskulcs
20260915_101714-002,FF GROUP 8 mm-es csillag-villáskulcs,,Csillag-villáskulcs
20260915_101714-003,FFG 10 mm-es csillag-villáskulcs,,Csillag-villáskulcs
20260915_101714-004,FFG 13 mm-es csillag-villáskulcs,,Csillag-villáskulcs
20260915_101714-005,FFG 17 mm-es csillag-villáskulcs,,Csillag-villáskulcs
20260915_101714-006,FF GROUP 25 mm-es csillag-villáskulcs,,Csillag-villáskulcs
20260915_101714-007,FF GROUP 26 mm-es csillag-villáskulcs,,Csillag-villáskulcs
20260915_101714-008,"FF GROUP nagy csillag-villáskulcs, mérete nem olvasható",,Csillag-villáskulcs
20260915_101714-009,"FF GROUP rövidebb sárga-fekete csavarhúzó, fejprofilja nem olvasható",,Csavarhúzó
20260915_101714-010,"FF GROUP hosszabb sárga-fekete csavarhúzó, fejprofilja nem olvasható",,Csavarhúzó
20260915_101714-011,"STANLEY hosszú sárga-fekete csavarhúzó, fejprofilja nem olvasható",,Csavarhúzó
20260915_101714-012,Rövid sárga-fekete marokcsavarhúzó,,Csavarhúzó
20260915_101714-013,"Piros-fekete nyelű rövidebb csavarhúzó, fejprofilja nem olvasható",,Csavarhúzó
20260915_101714-014,"Piros-fekete nyelű hosszabb csavarhúzó, fejprofilja nem olvasható",,Csavarhúzó
20260915_101714-015,Átlátszó nyelű fázisceruza,,Fázisceruza
20260915_101714-016,RANGER lapos fafúró,,Lapos fafúró
20260915_101714-017,Aranyszínű csigafúrókészlet,,Fúrószárkészlet
20260915_101714-018,"TOP TOOLS csomagolt fúrószárkészlet, pontos méretek nem olvashatók",,Fúrószárkészlet
20260915_101714-019,GRAPHITE fúrószárkészlet,,Fúrószárkészlet
20260915_101714-020,"Milwaukee piros tasakos hosszú fúrószár, mérete nem olvasható",,Fúrószár
20260915_101714-021,Hengeres fém koronafúró piros peremmel,,Koronafúró
20260915_101714-022,"PROXXON csomagolt dugókulcsos tartozék, pontos típusa részben takart",,Dugókulcs-tartozék
20260915_101714-023,"TOP TOOLS csomagolt hosszú fúrószár, pontos mérete nem olvasható",,Fúrószár
20260915_101714-024,VERTO láncfűrész-vezetőlemez,,Láncfűrész-vezetőlemez
20260915_101714-025,Fekete tartós imbuszkulcskészlet,,Imbuszkulcskészlet
20260915_101714-026,"Egyenként csomagolt L alakú imbuszkulcs, mérete nem olvasható",,Imbuszkulcs
20260915_101714-027,FF GROUP csavarhúzóbetét-készlet,,Csavarhúzóbetét-készlet
20260915_101714-028,"Ezüstszínű dugókulcsfej, részben takart, mérete nem olvasható",,Dugókulcsfej
20260915_101714-029,"Fémtokos mérőszalag, felirata nem olvasható",,Mérőszalag
20260915_101714-030,Fehér fonott zsinór zöld jelöléssel,,Zsinór
20260915_101714-031,Vékonyabb fehér fonott kötél fekete jelöléssel,,Kötél
20260915_101714-032,Vastagabb fehér fonott kötél fekete jelöléssel,,Kötél
20260915_101714-033,"Fehér fonott kötél piros jelöléssel, részben takart",,Kötél
20260915_101714-034,Natúr színű sodrott kötél,,Kötél
20260915_101714-035,"Fehér dobozos LED-fényforrás, részben takart",,LED-fényforrás
20260915_101716-001,"Hosszú fehér kábelkötegelő, pontos méret nem olvasható",,Kábelkötegelő
20260915_101716-002,"Rövidebb fehér kábelkötegelő, pontos méret nem olvasható",,Kábelkötegelő
20260915_101716-003,"Fekete kábelkötegelő, pontos méret nem olvasható",,Kábelkötegelő
20260915_101716-004,"Kisebb hengeres koronafúró, pontos méret nem olvasható",,Koronafúró
20260915_101716-005,"Nagyobb hengeres koronafúró, pontos méret nem olvasható",,Koronafúró
20260915_101716-006,VOREL koronafúró piros tartóval,,Koronafúró
20260915_101716-007,Kulcsos fúrótokmány,,Fúrótokmány
20260915_101716-008,"Koronafúróhoz való hosszú befogószár, pontos típus nem olvasható",,Befogószár
20260915_101716-009,TOP TOOLS kisebb fúrószárkészlet piros tasakban,,Fúrószárkészlet
20260915_101716-010,TOP TOOLS nagyobb fúrószárkészlet piros tasakban,,Fúrószárkészlet
20260915_101716-011,"Fúrószárkészlet zöld-fekete csomagolásban, márkája nem olvasható",,Fúrószárkészlet
20260915_101716-012,WESTWARD lapos fafúrókészlet,,Fúrószárkészlet
20260915_101716-013,Aranyszínű fúrószárkészlet narancssárga tartóban,,Fúrószárkészlet
20260915_101716-014,TOP TOOLS precíziós csavarhúzókészlet,,Csavarhúzókészlet
20260915_101716-015,RANGER lapos fafúró,,Lapos fafúró
20260915_101716-016,"Zöld jelölésű dekopírfűrészlap-készlet, márkája nem olvasható",,Dekopírfűrészlap-készlet
20260915_101716-017,C2730 jelölésű dekopírfűrészlap-készlet,,Dekopírfűrészlap-készlet
20260915_101716-018,RANGER dekopírfűrészlap-készlet,,Dekopírfűrészlap-készlet
20260915_101716-019,"Milwaukee keskeny fűrészlap, pontos típus nem olvasható",,Fűrészlap
20260915_101716-020,"Milwaukee szélesebb fehér fűrészlap, pontos típus nem olvasható",,Fűrészlap
20260915_101716-021,Narancssárga HCS orrfűrészlap,,Orrfűrészlap
20260915_101716-022,"STANLEY csomagolt vágópenge, pontos típus részben takart",,Vágópenge
20260915_101716-023,Átlátszó nyelű fázisceruza,,Fázisceruza
20260915_101716-024,"Sárga-fekete rövidebb csavarhúzó, fejprofilja nem olvasható",,Csavarhúzó
20260915_101716-025,"Sárga-fekete hosszabb csavarhúzó, fejprofilja nem olvasható",,Csavarhúzó
20260915_101716-026,"Piros-fekete csavarhúzó, fejprofilja nem olvasható",,Csavarhúzó
20260915_101716-027,FF GROUP 6 mm-es csillag-villáskulcs,,Csillag-villáskulcs
20260915_101716-028,"FF GROUP kisebb csillag-villáskulcs, mérete nem olvasható",,Csillag-villáskulcs
20260915_101716-029,"FFG nagyobb csillag-villáskulcs, mérete nem olvasható",,Csillag-villáskulcs
20260915_101716-030,VERTO láncfűrész-vezetőlemez,,Láncfűrész-vezetőlemez
20260915_101716-031,Csomagolt fekete imbuszkulcskészlet,,Imbuszkulcskészlet
20260915_101716-032,"PROXXON dugókulcsos tartozék, részben takart",,Dugókulcs-tartozék
20260915_101716-033,"Csomagolt ezüstszínű dugókulcsfejek, méretük nem olvasható",,Dugókulcsfej
20260915_101716-034,"Hosszú betonfúró, részben takart, mérete nem olvasható",,Betonfúró
20260915_101718-001,BENMAN fekete kábelkötegelő,,Kábelkötegelő
20260915_101718-002,Hosszú natúr kábelkötegelő,,Kábelkötegelő
20260915_101718-003,Rövidebb fehér kábelkötegelő,,Kábelkötegelő
20260915_101718-004,BENMAN BASIC CUT dekopírfűrészlap-készlet,,Dekopírfűrészlap-készlet
20260915_101718-005,C2730 jelölésű dekopírfűrészlap-készlet,,Dekopírfűrészlap-készlet
20260915_101718-006,RAIDER dekopírfűrészlap-készlet,,Dekopírfűrészlap-készlet
20260915_101718-007,"Milwaukee fűrészlap, pontos típus nem olvasható",,Fűrészlap
20260915_101718-008,BENMAN FOR METAL fűrészlap,,Fémvágó fűrészlap
20260915_101718-009,"BENMAN fehér fűrészlap, pontos típus nem olvasható",,Fűrészlap
20260915_101718-010,Narancssárga HCS 225 mm-es orrfűrészlap,,Orrfűrészlap
20260915_101718-011,STANLEY keskeny tördelhető késbetét,,Késbetét
20260915_101718-012,STANLEY széles tördelhető késbetét,,Késbetét
20260915_101718-013,STANLEY trapéz alakú késbetét,,Késbetét
20260915_101718-014,STANLEY kampós késbetét,,Késbetét
20260915_101718-015,STANLEY sárga műanyag pengés kaparó,,Kaparó
20260915_101718-016,STANLEY fekete nyelű kézifűrész,,Kézifűrész
20260915_101718-017,"STANLEY rövid fűrészlapos kézifűrész, pontos típus részben takart",,Kézifűrész
20260915_101718-018,Kék nyelű mini fémfűrész,,Fémfűrész
20260915_101718-019,"C4251 jelölésű szürke dobozos készlet, pontos tartalma nem olvasható",,Szerszámkészlet
20260915_101718-020,TOPEX CrV imbuszkulcskészlet,,Imbuszkulcskészlet
20260915_101718-021,VOREL imbuszkulcskészlet,,Imbuszkulcskészlet
20260915_101718-022,VOREL sárga-fekete nyelű szegecselőfogó,,Szegecselőfogó
20260915_101718-023,VOREL sárga nyelű revolverlyukasztó,,Lyukasztófogó
20260915_101718-024,"GRAPHITE tasakos fűrészlap, pontos típus nem olvasható",,Fűrészlap
20260915_101718-025,"Piros dobozos fúrószárkészlet, részben takart",,Fúrószárkészlet
20260915_101718-026,Fekete tartós csillag-villáskulcskészlet,,Csillag-villáskulcs-készlet
20260915_101718-027,TOP TOOLS 6–32 mm-es állítható villáskulcs,,Állítható villáskulcs
20260915_101718-028,VERTO állítható körmöskulcs,,Állítható körmöskulcs
20260915_101718-029,"FF GROUP dobozos kéziszerszám, részben takart, azonosítás bizonytalan",,Kéziszerszám
20260915_101718-030,Átlátszó csomagolófólia tekercsben,,Csomagolófólia
20260915_101718-031,"Piros-fekete nyelű csavarhúzó, részben takart",,Csavarhúzó
20260915_101720-001,FF GROUP dobozos csavarhúzókészlet,,Csavarhúzókészlet
20260915_101720-002,FF GROUP 19 részes racsnis dugókulcskészlet,,Dugókulcskészlet
20260915_101720-003,Fekete tartós csillag-villáskulcskészlet,,Csillag-villáskulcs-készlet
20260915_101720-004,Narancssárga-fekete tartós csillag-villáskulcskészlet,,Csillag-villáskulcs-készlet
20260915_101720-005,TOPEX imbuszkulcskészlet,,Imbuszkulcskészlet
20260915_101720-006,VOREL imbuszkulcskészlet,,Imbuszkulcskészlet
20260915_101720-007,TOP TOOLS állítható villáskulcs,,Állítható villáskulcs
20260915_101720-008,VERTO állítható körmöskulcs,,Állítható körmöskulcs
20260915_101720-009,PRACTYL drótkefe,,Drótkefe
20260915_101720-010,VOREL sárga-fekete szegecselőfogó,,Szegecselőfogó
20260915_101720-011,VOREL sárga nyelű revolverlyukasztó,,Lyukasztófogó
20260915_101720-012,STANLEY keskeny tördelhető késbetét,,Késbetét
20260915_101720-013,STANLEY széles tördelhető késbetét,,Késbetét
20260915_101720-014,STANLEY trapéz alakú késbetét,,Késbetét
20260915_101720-015,STANLEY kampós késbetét,,Késbetét
20260915_101720-016,STANLEY sárga műanyag pengés kaparó,,Kaparó
20260915_101720-017,STANLEY fekete nyelű kézifűrész,,Kézifűrész
20260915_101720-018,"STANLEY rövid fűrészlapos kézifűrész, pontos típus részben takart",,Kézifűrész
20260915_101720-019,Kék nyelű mini fémfűrész,,Fémfűrész
20260915_101720-020,"Szürke dobozos szerszámkészlet, tartalma nem olvasható",,Szerszámkészlet
20260915_101720-021,"GRAPHITE tasakos fűrészlap, pontos típus nem olvasható",,Fűrészlap
20260915_101720-022,"Piros dobozos fúrószárkészlet, részben takart",,Fúrószárkészlet
20260915_101720-023,Narancssárga hosszú orrfűrészlap,,Orrfűrészlap
20260915_101720-024,"FF GROUP rövidebb sárga-fekete csavarhúzó, fejprofilja nem olvasható",,Csavarhúzó
20260915_101720-025,"FF GROUP hosszabb sárga-fekete csavarhúzó, fejprofilja nem olvasható",,Csavarhúzó
20260915_101720-026,Sárga-fekete marokcsavarhúzó,,Csavarhúzó
20260915_101720-027,"Rövidebb piros-fekete csavarhúzó, fejprofilja nem olvasható",,Csavarhúzó
20260915_101720-028,"Hosszabb piros-fekete csavarhúzó, fejprofilja nem olvasható",,Csavarhúzó
20260915_101720-029,Átlátszó nyelű fázisceruza,,Fázisceruza
20260915_101720-030,Fehér fonott kötél fekete jelöléssel,,Kötél
20260915_101720-031,Fehér fonott kötél piros-fekete jelöléssel,,Kötél
20260915_101720-032,Vékonyabb natúr sodrott kötél,,Kötél
20260915_101720-033,Vastagabb natúr sodrott kötél,,Kötél
20260915_101720-034,Zöld mintás fonott zsinór orsón,,Zsinór
20260915_101720-035,Lila mintás fonott zsinór orsón,,Zsinór
20260915_101720-036,Fehér-fekete mintás fonott zsinór orsón,,Zsinór
20260915_101720-037,Átlátszó csomagolófólia tekercsben,,Csomagolófólia
20260915_101720-038,Szürke-fekete házas vágókés,,Vágókés
20260915_101720-039,Kék házas vágókés,,Vágókés
20260915_101720-040,Narancssárga házas vágókés,,Vágókés
20260915_101720-041,"Fekete szíjas szűrőkulcs, részben takart",,Szűrőkulcs
20260915_101720-042,"Piros nyelű fém szalagos szűrőkulcs, részben takart",,Szűrőkulcs
20260915_101723-001,"Nagyon széles, átlátszó csomagolófólia-tekercs",,Csomagolófólia
20260915_101723-002,"Széles, átlátszó csomagolófólia-tekercs",,Csomagolófólia
20260915_101723-003,"Közepes szélességű, átlátszó csomagolófólia-tekercs",,Csomagolófólia
20260915_101723-004,"Keskeny, átlátszó csomagolófólia-tekercs",,Csomagolófólia
20260915_101728-001,Sárga paradicsom vetőmag,,Paradicsom-vetőmag
20260915_101728-002,Sötét termésű paradicsom vetőmag,,Paradicsom-vetőmag
20260915_101728-003,"Piros, hosszúkás paradicsom vetőmag",,Paradicsom-vetőmag
20260915_101728-004,Narancssárga paradicsom vetőmag,,Paradicsom-vetőmag
20260915_101728-005,"Nagy, piros paradicsom vetőmag",,Paradicsom-vetőmag
20260915_101728-006,Piros koktélparadicsom vetőmag,,Paradicsom-vetőmag
20260915_101728-007,Piros fürtös paradicsom vetőmag,,Paradicsom-vetőmag
20260915_101728-008,Sárga paprika vetőmag,,Paprikavetőmag
20260915_101728-009,Piros paprika vetőmag,,Paprikavetőmag
20260915_101728-010,"Nagy, piros paradicsompaprika vetőmag",,Paprikavetőmag
20260915_101728-011,Világoszöld paprika vetőmag,,Paprikavetőmag
20260915_101728-012,Sötétlila paprika vetőmag,,Paprikavetőmag
20260915_101728-013,Piros csilipaprika vetőmag,,Csilipaprika-vetőmag
20260915_101728-014,Tarka csilipaprika vetőmag,,Csilipaprika-vetőmag
20260915_101728-015,Narancssárga paprika vetőmag,,Paprikavetőmag
20260915_101728-016,Zöld hegyes paprika vetőmag,,Paprikavetőmag
20260915_101728-017,Piros hegyes paprika vetőmag,,Paprikavetőmag
20260915_101728-018,Sárga hegyes paprika vetőmag,,Paprikavetőmag
20260915_101728-019,Zöldborsó vetőmag,,Borsóvetőmag
20260915_101728-020,Cukorborsó vetőmag,,Borsóvetőmag
20260915_101728-021,Zöldbab vetőmag,,Babvetőmag
20260915_101728-022,Sárga hüvelyű bab vetőmag,,Babvetőmag
20260915_101728-023,Tarka bab vetőmag,,Babvetőmag
20260915_101728-024,Leveles saláta vetőmag,,Salátavetőmag
20260915_101728-025,Fejes saláta vetőmag,,Salátavetőmag
20260915_101728-026,Tépősaláta vetőmag,,Salátavetőmag
20260915_101728-027,Spenót vetőmag,,Spenótvetőmag
20260915_101728-028,Bazsalikom vetőmag,,Fűszernövény-vetőmag
20260915_101728-029,Sárgarépa vetőmag,,Sárgarépa-vetőmag
20260915_101728-030,Fehér retek vetőmag,,Retekvetőmag
20260915_101728-031,Piros retek vetőmag,,Retekvetőmag
20260915_101728-032,Cékla vetőmag,,Céklavetőmag
20260915_101728-033,Fehér hagyma vetőmag,,Hagymavetőmag
20260915_101728-034,Lilahagyma vetőmag,,Hagymavetőmag
20260915_101728-035,Póréhagyma vetőmag,,Hagymavetőmag
20260915_101728-036,Fehér karalábé vetőmag,,Karalábé-vetőmag
20260915_101728-037,Lila karalábé vetőmag,,Karalábé-vetőmag
20260915_101728-038,Fejes káposzta vetőmag,,Káposztavetőmag
20260915_101728-039,Kelkáposzta vetőmag,,Káposztavetőmag
20260915_101728-040,Brokkoli vetőmag,,Brokkolivetőmag
20260915_101728-041,Karfiol vetőmag,,Karfiolvetőmag
20260915_101728-042,Articsóka vetőmag,,Articsóka-vetőmag
20260915_101728-043,Padlizsán vetőmag,,Padlizsánvetőmag
20260915_101728-044,Sötétzöld cukkini vetőmag,,Cukkinivetőmag
20260915_101728-045,Világoszöld cukkini vetőmag,,Cukkinivetőmag
20260915_101728-046,Sárga cukkini vetőmag,,Cukkinivetőmag
20260915_101728-047,Kerek cukkini vetőmag,,Cukkinivetőmag
20260915_101728-048,Zöld uborka vetőmag,,Uborkavetőmag
20260915_101728-049,Fürtös uborka vetőmag,,Uborkavetőmag
20260915_101728-050,Sárga tök vetőmag,,Tökvetőmag
20260915_101728-051,Narancssárga sütőtök vetőmag,,Tökvetőmag
20260915_101728-052,Zöld héjú tök vetőmag,,Tökvetőmag
20260915_101728-053,Görögdinnye vetőmag,,Dinnyemag
20260915_101728-054,Sárgadinnye vetőmag,,Dinnyemag
20260915_101728-055,"Vetőburgonya, pontos fajta nem olvasható",,Vetőburgonya
20260915_101728-056,Zöld műanyag ültetőkosár,,Ültetőkosár
20260915_101728-057,Fehér növényvédő fátyolfólia,,Fátyolfólia
20260915_101730-001,Leveles saláta vetőmag,,Salátavetőmag
20260915_101730-002,Fejes saláta vetőmag,,Salátavetőmag
20260915_101730-003,Bazsalikom vetőmag,,Fűszernövény-vetőmag
20260915_101730-004,Spenót vetőmag,,Spenótvetőmag
20260915_101730-005,Sárgarépa vetőmag,,Sárgarépa-vetőmag
20260915_101730-006,"Kerek, sötétzöld cukkini vetőmag",,Cukkinivetőmag
20260915_101730-007,"Hosszúkás, sötétzöld cukkini vetőmag",,Cukkinivetőmag
20260915_101730-008,Fehér retek vetőmag,,Retekvetőmag
20260915_101730-009,Lilahagyma vetőmag,,Hagymavetőmag
20260915_101730-010,Fehér hagyma vetőmag,,Hagymavetőmag
20260915_101730-011,Padlizsán vetőmag,,Padlizsánvetőmag
20260915_101730-012,Fejes káposzta vetőmag,,Káposztavetőmag
20260915_101730-013,Articsóka vetőmag,,Articsóka-vetőmag
20260915_101730-014,Brokkoli vetőmag,,Brokkolivetőmag
20260915_101730-015,Póréhagyma vetőmag,,Hagymavetőmag
20260915_101730-016,Mángold vetőmag,,Mángoldvetőmag
20260915_101730-017,"Vetőburgonya kék csomagolásban, pontos fajta nem olvasható",,Vetőburgonya
20260915_101730-018,"Vetőburgonya piros csomagolásban, pontos fajta nem olvasható",,Vetőburgonya
20260915_101730-019,Narancssárga dísztök vetőmag,,Dísztökvetőmag
20260915_101730-020,Zöld héjú tök vetőmag,,Tökvetőmag
20260915_101730-021,Lila karalábé vetőmag,,Karalábé-vetőmag
20260915_101730-022,Fehér karalábé vetőmag,,Karalábé-vetőmag
20260915_101730-023,Görögdinnye vetőmag,,Dinnyemag
20260915_101730-024,Sárgadinnye vetőmag,,Dinnyemag
20260915_101730-025,Piros csilipaprika vetőmag,,Csilipaprika-vetőmag
20260915_101730-026,Fehér paprika vetőmag,,Paprikavetőmag
20260915_101730-027,Sárga paprika vetőmag,,Paprikavetőmag
20260915_101730-028,Piros paradicsom vetőmag,,Paradicsom-vetőmag
20260915_101730-029,Zöld uborka vetőmag,,Uborkavetőmag
20260915_101730-030,Sárga hüvelyű bab vetőmag,,Babvetőmag
20260915_101730-031,Zöldbab vetőmag,,Babvetőmag
20260915_101730-032,Zöldborsó vetőmag,,Borsóvetőmag
20260915_101730-033,Zöld műanyag ültetőkosár,,Ültetőkosár
20260915_101730-034,"Nagy szemű vetőmag zöld tasakban, pontos típus nem olvasható",,Vetőmag
20260915_101730-035,Fehér növényvédő fátyolfólia,,Fátyolfólia
20260915_101734-001,Piros paradicsom vetőmag,,Paradicsom-vetőmag
20260915_101734-002,Piros koktélparadicsom vetőmag,,Paradicsom-vetőmag
20260915_101734-003,Sárga paradicsom vetőmag,,Paradicsom-vetőmag
20260915_101734-004,Piros paprika vetőmag,,Paprikavetőmag
20260915_101734-005,Sárga paprika vetőmag,,Paprikavetőmag
20260915_101734-006,Zöld paprika vetőmag,,Paprikavetőmag
20260915_101734-007,Piros csilipaprika vetőmag,,Csilipaprika-vetőmag
20260915_101734-008,Zöld uborka vetőmag,,Uborkavetőmag
20260915_101734-009,Sötétzöld cukkini vetőmag,,Cukkinivetőmag
20260915_101734-010,Világoszöld cukkini vetőmag,,Cukkinivetőmag
20260915_101734-011,Sárga cukkini vetőmag,,Cukkinivetőmag
20260915_101734-012,Sárgarépa vetőmag,,Sárgarépa-vetőmag
20260915_101734-013,Piros retek vetőmag,,Retekvetőmag
20260915_101734-014,Fehér retek vetőmag,,Retekvetőmag
20260915_101734-015,Cékla vetőmag,,Céklavetőmag
20260915_101734-016,Lilahagyma vetőmag,,Hagymavetőmag
20260915_101734-017,Póréhagyma vetőmag,,Hagymavetőmag
20260915_101734-018,Fejes saláta vetőmag,,Salátavetőmag
20260915_101734-019,Leveles saláta vetőmag,,Salátavetőmag
20260915_101734-020,Spenót vetőmag,,Spenótvetőmag
20260915_101734-021,Bazsalikom vetőmag,,Fűszernövény-vetőmag
20260915_101734-022,Brokkoli vetőmag,,Brokkolivetőmag
20260915_101734-023,Karfiol vetőmag,,Karfiolvetőmag
20260915_101734-024,Fejes káposzta vetőmag,,Káposztavetőmag
20260915_101734-025,Lila karalábé vetőmag,,Karalábé-vetőmag
20260915_101734-026,Fehér karalábé vetőmag,,Karalábé-vetőmag
20260915_101734-027,Padlizsán vetőmag,,Padlizsánvetőmag
20260915_101734-028,Zöldborsó vetőmag,,Borsóvetőmag
20260915_101734-029,Sárga hüvelyű bab vetőmag,,Babvetőmag
20260915_101734-030,Zöldbab vetőmag,,Babvetőmag
20260915_101734-031,"Vetőburgonya, pontos fajta nem olvasható",,Vetőburgonya
20260915_101734-032,Zöld műanyag ültetőkosár,,Ültetőkosár
20260915_101734-033,Fehér műanyag növényjelölő tábla,,Növényjelölő
20260915_101734-034,Sárga műanyag növényjelölő tábla,,Növényjelölő
20260915_101734-035,Zöld műanyag növényjelölő tábla,,Növényjelölő
20260915_101734-036,Fehér növényvédő fátyolfólia,,Fátyolfólia
20260915_101734-037,Műanyag palántanevelő cserépsor,,Palántanevelő edény
20260915_101734-038,Zöld növénykötöző huzal,,Növénykötöző
20260915_101734-039,Zöld műanyag növényrögzítő kapocs,,Növényrögzítő kapocs
20260915_101736-001,Fehér műanyag növényjelölő tábla,,Növényjelölő
20260915_101736-002,Sárga műanyag növényjelölő tábla,,Növényjelölő
20260915_101736-003,Zöld műanyag növényjelölő tábla,,Növényjelölő
20260915_101736-004,Piros műanyag növényjelölő tábla,,Növényjelölő
20260915_101736-005,"Zöld, bordázott növénykötöző huzal",,Növénykötöző
20260915_101736-006,"Vékony, zöld növénykötöző huzal",,Növénykötöző
20260915_101736-007,"Vastag, zöld növénykötöző huzal",,Növénykötöző
20260915_101736-008,Zöld műanyag növényrögzítő gyűrű,,Növényrögzítő
20260915_101736-009,"Kisebb, zöld műanyag növényrögzítő kapocs",,Növényrögzítő kapocs
20260915_101736-010,"Nagyobb, zöld műanyag növényrögzítő kapocs",,Növényrögzítő kapocs
20260915_101736-011,Fekete műanyag növényrögzítő kapocs,,Növényrögzítő kapocs
20260915_101736-012,Átlátszó oltószalag,,Oltószalag
20260915_101736-013,Zöld kötözőszalag,,Növénykötöző szalag
20260915_101736-014,Fehér kötözőzsinór,,Növénykötöző zsinór
20260915_101736-015,Zöld kötözőzsinór,,Növénykötöző zsinór
20260915_101736-016,Műanyag palántanevelő cserépsor,,Palántanevelő edény
20260915_101736-017,"Kerek, zöld műanyag ültetőkosár",,Ültetőkosár
20260915_101736-018,"Szögletes, zöld műanyag ültetőkosár",,Ültetőkosár
20260915_101736-019,Fehér növényvédő fátyolfólia,,Fátyolfólia
20260915_101736-020,"Vetőmag adagoló kéziszerszám, részben takart",,Vetőmag-adagoló
20260915_101740-001,Fejes saláta vetőmag,,Vetőmag
20260915_101740-002,Tépősaláta vetőmag,,Vetőmag
20260915_101740-003,Jégsaláta vetőmag,,Vetőmag
20260915_101740-004,Spenót vetőmag,,Vetőmag
20260915_101740-005,Sóska vetőmag,,Vetőmag
20260915_101740-006,Petrezselyem vetőmag,,Vetőmag
20260915_101740-007,Kapor vetőmag,,Vetőmag
20260915_101740-008,Zeller vetőmag,,Vetőmag
20260915_101740-009,Bazsalikom vetőmag,,Vetőmag
20260915_101740-010,Metélőhagyma vetőmag,,Vetőmag
20260915_101740-011,Vöröshagyma vetőmag,,Vetőmag
20260915_101740-012,Póréhagyma vetőmag,,Vetőmag
20260915_101740-013,Sárgarépa vetőmag,,Vetőmag
20260915_101740-014,Retek vetőmag,,Vetőmag
20260915_101740-015,Cékla vetőmag,,Vetőmag
20260915_101740-016,Karalábé vetőmag,,Vetőmag
20260915_101740-017,Fejes káposzta vetőmag,,Vetőmag
20260915_101740-018,Karfiol vetőmag,,Vetőmag
20260915_101740-019,Brokkoli vetőmag,,Vetőmag
20260915_101740-020,Zöldborsó vetőmag,,Vetőmag
20260915_101740-021,Zöldbab vetőmag,,Vetőmag
20260915_101740-022,Paradicsom vetőmag,,Vetőmag
20260915_101740-023,Koktélparadicsom vetőmag,,Vetőmag
20260915_101740-024,Paprika vetőmag,,Vetőmag
20260915_101740-025,Csípős paprika vetőmag,,Vetőmag
20260915_101740-026,Uborka vetőmag,,Vetőmag
20260915_101740-027,Cukkini vetőmag,,Vetőmag
20260915_101740-028,Sütőtök vetőmag,,Vetőmag
20260915_101740-029,Dinnye vetőmag,,Vetőmag
20260915_101740-030,Csemegekukorica vetőmag,,Vetőmag
20260915_101740-031,Napraforgó vetőmag,,Virágmag
20260915_101740-032,Büdöske vetőmag,,Virágmag
20260915_101740-033,Petúnia vetőmag,,Virágmag
20260915_101740-034,Árvácska vetőmag,,Virágmag
20260915_101740-035,Rézvirág vetőmag,,Virágmag
20260915_101740-036,Őszirózsa vetőmag,,Virágmag
20260915_101740-037,Dísznapraforgó vetőmag,,Virágmag
20260915_101740-038,Virágmagkeverék,,Virágmag
20260915_101740-039,Fűszernövény-magkeverék,,Vetőmag
20260915_101740-040,"Zöldségvetőmag, pontos fajta nem olvasható",,Vetőmag
20260915_101742-001,Paradicsom vetőmag,,Vetőmag
20260915_101742-002,Koktélparadicsom vetőmag,,Vetőmag
20260915_101742-003,Paprika vetőmag,,Vetőmag
20260915_101742-004,Csípős paprika vetőmag,,Vetőmag
20260915_101742-005,Uborka vetőmag,,Vetőmag
20260915_101742-006,Cukkini vetőmag,,Vetőmag
20260915_101742-007,Patisszon vetőmag,,Vetőmag
20260915_101742-008,Sütőtök vetőmag,,Vetőmag
20260915_101742-009,Görögdinnye vetőmag,,Vetőmag
20260915_101742-010,Sárgadinnye vetőmag,,Vetőmag
20260915_101742-011,Sárgarépa vetőmag,,Vetőmag
20260915_101742-012,Petrezselyem vetőmag,,Vetőmag
20260915_101742-013,Retek vetőmag,,Vetőmag
20260915_101742-014,Cékla vetőmag,,Vetőmag
20260915_101742-015,Karalábé vetőmag,,Vetőmag
20260915_101742-016,Káposzta vetőmag,,Vetőmag
20260915_101742-017,Karfiol vetőmag,,Vetőmag
20260915_101742-018,Saláta vetőmag,,Vetőmag
20260915_101742-019,Spenót vetőmag,,Vetőmag
20260915_101742-020,Zöldborsó vetőmag,,Vetőmag
20260915_101742-021,Bokorbab vetőmag,,Vetőmag
20260915_101742-022,Futóbab vetőmag,,Vetőmag
20260915_101742-023,Csemegekukorica vetőmag,,Vetőmag
20260915_101742-024,Bazsalikom vetőmag,,Vetőmag
20260915_101742-025,Kapor vetőmag,,Vetőmag
20260915_101742-026,Petúnia vetőmag,,Virágmag
20260915_101742-027,Büdöske vetőmag,,Virágmag
20260915_101742-028,Rézvirág vetőmag,,Virágmag
20260915_101742-029,Őszirózsa vetőmag,,Virágmag
20260915_101742-030,Dísznapraforgó vetőmag,,Virágmag
20260915_101742-031,Színes virágmagkeverék,,Virágmag
20260915_101742-032,"Zöldségvetőmag, részben takart, pontos fajta nem olvasható",,Vetőmag
20260915_101747-001,Fehér műanyag vödör fém füllel,,Vödör
20260915_101747-002,Átlátszó műanyag vödör,,Vödör
20260915_101747-003,Zöld műanyag vödör,,Vödör
20260915_101747-004,Narancssárga műanyag vödör,,Vödör
20260915_101747-005,Fa nyelű kézi ültetőlapát,,Ültetőlapát
20260915_101747-006,Fa nyelű keskeny ültetőlapát,,Ültetőlapát
20260915_101747-007,Fa nyelű fugakaparó,,Fugakaparó
20260915_101747-008,Fekete-sárga markolatú kézi kerti szerszám,,Kézi kerti szerszám
20260915_101747-009,Kék markolatú kézi kerti szerszám,,Kézi kerti szerszám
20260915_101747-010,Piros nyelű kézi metszőolló,,Metszőolló
20260915_101747-011,Fekete-sárga metszőolló,,Metszőolló
20260915_101747-012,Fekete kábelkötegelő tekercs,,Kábelkötegelő
20260915_101747-013,Tekercselt fekete kötözőhuzal,,Kötözőhuzal
20260915_101747-014,"Mérőszalag, kisebb",,Mérőszalag
20260915_101747-015,"Mérőszalag, nagyobb",,Mérőszalag
20260915_101747-016,Sárga műanyag vízmérték,,Vízmérték
20260915_101747-017,"Kék dobozos tűzőkapocs, pontos típus nem olvasható",,Tűzőkapocs
20260915_101747-018,Narancssárga ácsceruza,,Ácsceruza
20260915_101747-019,Sárga ácsceruza,,Ácsceruza
20260915_101747-020,Szürke műanyag tiplik csomagban,,Tipli
20260915_101747-021,Fém reszelő fa nyéllel,,Reszelő
20260915_101747-022,Fa nyelű festőspakli,,Spakli
20260915_101747-023,Piros nyelű festőspakli,,Spakli
20260915_101747-024,Fekete nyelű festőspakli,,Spakli
20260915_101747-025,Narancssárga glettvas,,Glettvas
20260915_101747-026,Fekete műanyag habarcskeverő tál,,Keverőtál
20260915_101747-027,"Kézi fűrész, részben takart",,Fűrész
20260915_101747-028,"Csavarhúzókészlet, részben takart",,Csavarhúzókészlet
20260915_101747-029,Piros-fekete csavarhúzó,,Csavarhúzó
20260915_101747-030,Sárga-fekete csavarhúzó,,Csavarhúzó
20260915_101747-031,Fém fúrószár csomagban,,Fúrószár
20260915_101747-032,"Csiszolókorong, barna",,Csiszolókorong
20260915_101747-033,"Vágókorong, fekete",,Vágókorong
20260915_101747-034,Kék műanyag zsinegtekercs,,Zsineg
20260915_101747-035,Piros-fehér jelölőszalag tekercs,,Jelölőszalag
20260915_101747-036,Fém kábelbilincs csomagban,,Kábelbilincs
20260915_101747-037,"Munkavédelmi kesztyű, részben takart",,Munkavédelmi kesztyű
20260915_101750-001,"Fehér, nagy, kerek műanyag virágcserép",,Virágcserép
20260915_101750-002,"Fehér, kisebb, kerek műanyag virágcserép",,Virágcserép
20260915_101750-003,"Fekete, kerek műanyag virágcserép",,Virágcserép
20260915_101750-004,"Sötétzöld, kerek műanyag virágcserép",,Virágcserép
20260915_101756-001,"Vágókorong, kisebb, fekete",,Vágókorong
20260915_101756-002,"Vágókorong, nagyobb, fekete",,Vágókorong
20260915_101756-003,"Csiszolókorong, barna",,Csiszolókorong
20260915_101756-004,Lamellás csiszolókorong,,Csiszolókorong
20260915_101756-005,Gyémánt vágókorong,,Vágókorong
20260915_101756-006,Kék zsinegtekercs,,Zsineg
20260915_101756-007,Szürke zsinegtekercs,,Zsineg
20260915_101756-008,Piros-fehér jelölőszalag tekercs,,Jelölőszalag
20260915_101756-009,Fekete kábelkötegelő,,Kábelkötegelő
20260915_101756-010,Fehér kábelkötegelő,,Kábelkötegelő
20260915_101756-011,Műanyag tiplik csomagban,,Tipli
20260915_101756-012,"Csavarok csomagban, pontos típus nem olvasható",,Csavar
20260915_101756-013,Fúrószár csomagban,,Fúrószár
20260915_101756-014,Sárga-fekete mérőszalag,,Mérőszalag
20260915_101756-015,"Lakatt, kisebb",,Lakatt
20260915_101756-016,"Lakatt, nagyobb",,Lakatt
20260915_101756-017,Piros-fekete gyorsszorító,,Gyorsszorító
20260915_101756-018,Sárga-fekete gyorsszorító,,Gyorsszorító
20260915_101756-019,Fa nyelű gumikalapács,,Gumikalapács
20260915_101756-020,Fém kalapács fa nyéllel,,Kalapács
20260915_101756-021,Kék nyelű fogó,,Fogó
20260915_101756-022,Piros nyelű fogó,,Fogó
20260915_101756-023,Narancssárga kinyomópisztoly,,Kinyomópisztoly
20260915_101756-024,Fekete kinyomópisztoly,,Kinyomópisztoly
20260915_101756-025,Narancssárga glettvas,,Glettvas
20260915_101756-026,Fa nyelű festőspakli,,Spakli
20260915_101756-027,Piros nyelű festőspakli,,Spakli
20260915_101756-028,Kék nyelű kézi fűrész,,Kézi fűrész
20260915_101756-029,Kézi reszelő fa nyéllel,,Reszelő
20260915_101756-030,Fém derékszög,,Derékszög
20260915_101756-031,"Digitális hőmérő, pontos típus nem olvasható",,Hőmérő
20260915_101756-032,Narancssárga csempeszintező elem,,Csempeszintező
20260915_101756-033,Sárga csempeszintező elem,,Csempeszintező
20260915_101756-034,Kék csempeszintező elem,,Csempeszintező
20260915_101756-035,"Kék nyelű kerti kéziszerszám, pontos típus nem olvasható",,Kézi kerti szerszám
20260915_101756-036,Fa szerszámnyél,,Szerszámnyél
20260915_101758-001,"Fehér műanyag kanna fekete csavaros kupakkal, nagyobb",,Műanyag kanna
20260915_101758-002,"Fehér műanyag kanna fekete csavaros kupakkal, kisebb",,Műanyag kanna
20260915_101758-003,Fehér műanyag kanna piros csappal,,Csapos műanyag kanna
20260915_101758-004,Fekete kupakos fehér műanyag kanna,,Műanyag kanna
20260915_101758-005,Soppec rózsaszín jelölőfesték spray,,Jelölőfesték spray
20260915_101758-006,Soppec sárga jelölőfesték spray,,Jelölőfesték spray
20260915_101758-007,Soppec zöld jelölőfesték spray,,Jelölőfesték spray
20260915_101758-008,Soppec narancssárga jelölőfesték spray,,Jelölőfesték spray
20260915_101758-009,Fa egérfogó,,Egérfogó
20260915_101758-010,Piros műanyag fedél,,Fedél
20260915_101758-011,Kék műanyag fedél,,Fedél
20260915_101758-012,"Kék műanyag hordó, kisebb",,Műanyag hordó
20260915_101758-013,Fehér műanyag vödör fedéllel,,Műanyag vödör
20260915_101758-014,Átlátszó műanyag tömlőtekercs,,Műanyag tömlő
20260915_101758-015,Fehér műanyag tömlőtekercs,,Műanyag tömlő
20260915_101758-016,Fehér műanyag kanna csavaros kupakkal,,Műanyag kanna
20260915_101758-017,"Csőrös flakonos folyadék, pontos típus nem olvasható",,Vegyipari folyadék
20260915_101758-018,"Kék műanyag itató- vagy etetőtál, azonosítás bizonytalan",,Állattartási kellék
20260915_101758-019,Drótkefe fa nyéllel,,Drótkefe
20260915_101758-020,Kézi kefe műanyag nyéllel,,Kézi kefe
20260915_101758-021,Festőecset fa nyéllel,,Festőecset
20260915_101758-022,Kőműveskanál fa nyéllel,,Kőműveskanál
20260915_101758-023,"Lakatt, sárga-fekete csomagolásban",,Lakat
20260915_101758-024,"Vágó- és csiszolókorongok, többféle, pontos típus nem olvasható",,Vágó- és csiszolókorong
20260915_101802-001,Átlátszó műanyag tömlőtekercs,,Műanyag tömlő
20260915_101802-002,"Fekete vágó- és csiszolókorongok, több méret",,Vágó- és csiszolókorong
20260915_101802-003,"Kék vágó- és csiszolókorongok, több méret",,Vágó- és csiszolókorong
20260915_101802-004,"Dobozos csiszolókorong, pontos típus nem olvasható",,Csiszolókorong
20260915_101802-005,"Hosszú, vastag fa szerszámnyél",,Szerszámnyél
20260915_101802-006,"Hosszú, vékony fa szerszámnyél",,Szerszámnyél
20260915_101802-007,Közepes hosszúságú fa szerszámnyél,,Szerszámnyél
20260915_101802-008,Rövid fa szerszámnyél,,Szerszámnyél
20260915_101802-009,Fekete műanyag markolatú hosszú szerszámnyél,,Szerszámnyél
20260915_101802-010,Kék műanyag markolatú hosszú szerszámnyél,,Szerszámnyél
20260915_101802-011,Piros műanyag markolatú hosszú szerszámnyél,,Szerszámnyél
20260915_101802-012,Fa markolatú fém nyárs,,Nyárs
20260915_101802-013,Sötét fa markolatú fém nyárs,,Nyárs
20260915_101802-014,Kerek fejű fa főzőkanál,,Főzőkanál
20260915_101802-015,Ovális fejű fa főzőkanál,,Főzőkanál
20260915_101802-016,Lapos fa spatula,,Spatula
20260915_101802-017,Fa merőkanál,,Merőkanál
20260915_101802-018,"Fehér műanyag edény, részben takart",,Műanyag edény
20260915_101805-001,"Hosszú, vastag fa szerszámnyél",,Szerszámnyél
20260915_101805-002,"Hosszú, vékony fa szerszámnyél",,Szerszámnyél
20260915_101805-003,Közepes hosszúságú fa szerszámnyél,,Szerszámnyél
20260915_101805-004,Rövid fa szerszámnyél,,Szerszámnyél
20260915_101805-005,Fa markolatú fém nyárs,,Nyárs
20260915_101805-006,Sötét fa markolatú fém nyárs,,Nyárs
20260915_101805-007,Kerek fejű fa főzőkanál,,Főzőkanál
20260915_101805-008,Ovális fejű fa főzőkanál,,Főzőkanál
20260915_101805-009,Lapos fa spatula,,Spatula
20260915_101805-010,Fa merőkanál,,Merőkanál
20260915_101805-011,Natúr színű kötözőzsineg-gombolyag,,Kötözőzsineg
20260915_101805-012,Fehér kötözőzsineg-gombolyag,,Kötözőzsineg
20260915_101805-013,Piros kötözőzsineg-gombolyag,,Kötözőzsineg
20260915_101805-014,Zöld kötözőzsineg-gombolyag,,Kötözőzsineg
20260915_101805-015,Narancssárga kötözőzsineg-gombolyag,,Kötözőzsineg
20260915_101805-016,Kék kötözőzsineg-gombolyag,,Kötözőzsineg
20260915_101805-017,Rózsaszín kötözőzsineg-gombolyag,,Kötözőzsineg
20260915_101805-018,Zöld műanyag bevonatú kötöződrót csomagban,,Kötöződrót
20260915_101805-019,Zöld műanyag háló tekercsben,,Műanyag háló
20260915_101805-020,Fémlánc kék dobra tekercselve,,Lánc
20260915_101808-001,"Rozsdamentes acél főzőfazék fedővel, legkisebb",,Főzőfazék
20260915_101808-002,"Rozsdamentes acél főzőfazék fedővel, kisebb",,Főzőfazék
20260915_101808-003,"Rozsdamentes acél főzőfazék fedővel, közepes",,Főzőfazék
20260915_101808-004,"Rozsdamentes acél főzőfazék fedővel, nagyobb",,Főzőfazék
20260915_101808-005,"Rozsdamentes acél főzőfazék fedővel, legnagyobb",,Főzőfazék
20260915_101808-006,Rozsdamentes acél vödör,,Vödör
20260915_101808-007,"Piros zománcozott fazék fedővel, kisebb",,Zománcozott fazék
20260915_101808-008,"Piros zománcozott fazék fedővel, nagyobb",,Zománcozott fazék
20260915_101808-009,Fekete zománcozott fazék fedővel,,Zománcozott fazék
20260915_101808-010,"Natúr színű kötözőzsineg-gombolyag, kisebb",,Kötözőzsineg
20260915_101808-011,"Natúr színű kötözőzsineg-gombolyag, nagyobb",,Kötözőzsineg
20260915_101808-012,Fehér kötözőzsineg-gombolyag,,Kötözőzsineg
20260915_101808-013,Szürke kötözőzsineg-gombolyag,,Kötözőzsineg
20260915_101808-014,Piros kötözőzsineg-gombolyag,,Kötözőzsineg
20260915_101808-015,Zöld kötözőzsineg-gombolyag,,Kötözőzsineg
20260915_101808-016,Narancssárga kötözőzsineg-gombolyag,,Kötözőzsineg
20260915_101808-017,Kék kötözőzsineg-gombolyag,,Kötözőzsineg
20260915_101808-018,Rózsaszín kötözőzsineg-gombolyag,,Kötözőzsineg
20260915_101808-019,Zöld műanyag bevonatú kötöződrót csomagban,,Kötöződrót
20260915_101808-020,Sárga-fekete munkavédelmi kesztyű,,Munkavédelmi kesztyű
20260915_101808-021,Piros-fekete munkavédelmi kesztyű,,Munkavédelmi kesztyű
20260915_101810-001,"Natúr színű kötözőzsineg-gombolyag, kisebb",,Kötözőzsineg
20260915_101810-002,"Natúr színű kötözőzsineg-gombolyag, nagyobb",,Kötözőzsineg
20260915_101810-003,Fehér kötözőzsineg-gombolyag,,Kötözőzsineg
20260915_101810-004,Barna kötözőzsineg-gombolyag,,Kötözőzsineg
20260915_101810-005,Fehér-barna sodrott kötözőzsineg-gombolyag,,Kötözőzsineg
20260915_101810-006,Zöld műanyag háló tekercsben,,Műanyag háló
20260915_101810-007,Zöld műanyag bevonatú kötöződrót csomagban,,Kötöződrót
20260915_101810-008,Piros kötözőzsineg-gombolyag,,Kötözőzsineg
20260915_101810-009,Zöld kötözőzsineg-gombolyag,,Kötözőzsineg
20260915_101810-010,Narancssárga kötözőzsineg-gombolyag,,Kötözőzsineg
20260915_101810-011,Kék kötözőzsineg-gombolyag,,Kötözőzsineg
20260915_101810-012,Rózsaszín kötözőzsineg-gombolyag,,Kötözőzsineg
20260915_101810-013,Szürke kötözőzsineg-gombolyag,,Kötözőzsineg
20260915_101810-014,Lila kötözőzsineg-gombolyag,,Kötözőzsineg
20260915_101810-015,"Hosszú, vastag fa szerszámnyél",,Szerszámnyél
20260915_101810-016,"Hosszú, vékony fa szerszámnyél",,Szerszámnyél
20260915_101810-017,Közepes hosszúságú fa szerszámnyél,,Szerszámnyél
20260915_101810-018,Rövid fa szerszámnyél,,Szerszámnyél
20260915_101810-019,Kerek fejű fa főzőkanál,,Főzőkanál
20260915_101810-020,Ovális fejű fa főzőkanál,,Főzőkanál
20260915_101810-021,Lapos fa spatula,,Spatula
20260915_101810-022,Fa merőkanál,,Merőkanál
20260915_101810-023,Fa markolatú fém nyárs,,Nyárs
20260915_101810-024,Sötét fa markolatú fém nyárs,,Nyárs
20260915_101810-025,"Rozsdamentes acél sütikiszúrók, többféle forma",,Sütikiszúró
20260915_101810-026,Fémlánc kék dobra tekercselve,,Lánc
20260915_101810-027,"Rozsdamentes acél főzőfazék fedővel, kisebb",,Főzőfazék
20260915_101810-028,"Rozsdamentes acél főzőfazék fedővel, nagyobb",,Főzőfazék
20260915_101810-029,Piros zománcozott fazék,,Zománcozott fazék
20260915_101810-030,Fekete műanyag láda,,Műanyag láda
20260915_101814-001,Oregánó vetőmag,,Fűszernövény-vetőmag
20260915_101814-002,Bazsalikom vetőmag,,Fűszernövény-vetőmag
20260915_101814-003,Metélőhagyma vetőmag,,Fűszernövény-vetőmag
20260915_101814-004,Kapor vetőmag,,Fűszernövény-vetőmag
20260915_101814-005,Petrezselyem vetőmag,,Fűszernövény-vetőmag
20260915_101814-006,Rozmaring vetőmag,,Fűszernövény-vetőmag
20260915_101814-007,Kakukkfű vetőmag,,Fűszernövény-vetőmag
20260915_101814-008,Zsálya vetőmag,,Fűszernövény-vetőmag
20260915_101814-009,Koriander vetőmag,,Fűszernövény-vetőmag
20260915_101814-010,"Zöld leveles fűszernövény vetőmag, pontos fajta nem olvasható",,Fűszernövény-vetőmag
20260915_101814-011,Fehér retek vetőmag,,Zöldségvetőmag
20260915_101814-012,Piros retek vetőmag,,Zöldségvetőmag
20260915_101814-013,Sárgarépa vetőmag,,Zöldségvetőmag
20260915_101814-014,Zöldbab vetőmag,,Zöldségvetőmag
20260915_101814-015,Uborka vetőmag,,Zöldségvetőmag
20260915_101814-016,Fejes saláta vetőmag,,Zöldségvetőmag
20260915_101814-017,Karfiol vetőmag,,Zöldségvetőmag
20260915_101814-018,Karalábé vetőmag,,Zöldségvetőmag
20260915_101814-019,Zeller vetőmag,,Zöldségvetőmag
20260915_101814-020,Hagyma vetőmag,,Zöldségvetőmag
20260915_101814-021,Paradicsom vetőmag,,Zöldségvetőmag
20260915_101814-022,Cékla vetőmag,,Zöldségvetőmag
20260915_101814-023,Madársaláta vetőmag,,Zöldségvetőmag
20260915_101814-024,"Zöld leveles zöldség vetőmag, pontos típus nem olvasható",,Zöldségvetőmag
20260915_101816-001,Oregánó vetőmag,,Fűszernövény-vetőmag
20260915_101816-002,Bazsalikom vetőmag,,Fűszernövény-vetőmag
20260915_101816-003,Metélőhagyma vetőmag,,Fűszernövény-vetőmag
20260915_101816-004,Kapor vetőmag,,Fűszernövény-vetőmag
20260915_101816-005,Petrezselyem vetőmag,,Fűszernövény-vetőmag
20260915_101816-006,Rozmaring vetőmag,,Fűszernövény-vetőmag
20260915_101816-007,Kakukkfű vetőmag,,Fűszernövény-vetőmag
20260915_101816-008,Zsálya vetőmag,,Fűszernövény-vetőmag
20260915_101816-009,Koriander vetőmag,,Fűszernövény-vetőmag
20260915_101816-010,Citromfű vetőmag,,Fűszernövény-vetőmag
20260915_101816-011,Levendula vetőmag,,Virágnövény-vetőmag
20260915_101816-012,Sárga virág vetőmag,,Virágnövény-vetőmag
20260915_101816-013,Rózsaszín virág vetőmag,,Virágnövény-vetőmag
20260915_101816-014,Lila virág vetőmag,,Virágnövény-vetőmag
20260915_101816-015,Piros virág vetőmag,,Virágnövény-vetőmag
20260915_101816-016,Fehér virág vetőmag,,Virágnövény-vetőmag
20260915_101816-017,Narancssárga virág vetőmag,,Virágnövény-vetőmag
20260915_101816-018,Színes virágkeverék vetőmag,,Virágnövény-vetőmag
20260915_101816-019,Napraforgó vetőmag,,Virágnövény-vetőmag
20260915_101816-020,Bársonyvirág vetőmag,,Virágnövény-vetőmag
20260915_101816-021,Petúnia vetőmag,,Virágnövény-vetőmag
20260915_101816-022,Dália vetőmag,,Virágnövény-vetőmag
20260915_101816-023,Piros retek vetőmag,,Zöldségvetőmag
20260915_101816-024,Paradicsom vetőmag,,Zöldségvetőmag
20260915_101816-025,Paprika vetőmag,,Zöldségvetőmag
20260915_101816-026,Saláta vetőmag,,Zöldségvetőmag
20260915_101816-027,Sárgarépa vetőmag,,Zöldségvetőmag
20260915_101816-028,Uborka vetőmag,,Zöldségvetőmag
20260915_101816-029,Zöldbab vetőmag,,Zöldségvetőmag
20260915_101816-030,Zöld műanyag növénykötöző,,Növénykötöző
20260915_101816-031,Piros műanyag növénykötöző,,Növénykötöző
20260915_101816-032,Fehér műanyag virágcserép,,Virágcserép
20260915_101819-001,Rózsaszín-fehér tulipánhagyma csomag,,Virághagyma
20260915_101819-002,Sötétlila tulipánhagyma csomag,,Virághagyma
20260915_101819-003,Krémfehér tulipánhagyma csomag,,Virághagyma
20260915_101819-004,Piros tulipánhagyma csomag,,Virághagyma
20260915_101819-005,"Lila-fehér virághagyma csomag, pontos típus nem olvasható",,Virághagyma
20260915_101819-006,"Rózsaszín virághagyma csomag, pontos típus nem olvasható",,Virághagyma
20260915_101819-007,"Sárga virághagyma csomag, részben takart",,Virághagyma
20260915_101819-008,"Fehér-rózsaszín virághagyma csomag, részben takart",,Virághagyma
20260915_101819-009,Zöld csigacsapda,,Csigacsapda
20260915_101819-010,Narancssárga csigacsapda,,Csigacsapda
20260915_101819-011,Zöld műanyag növénykötöző,,Növénykötöző
20260915_101819-012,Zöld műanyag palántázótálca,,Palántázótálca
20260915_101819-013,"Zöld kerti termék dobozban, pontos típus nem olvasható",,Kerti kellék
20260915_101819-014,"Piros-zöld csomagolású kerti kellék, részben takart",,Kerti kellék
20260915_101821-001,Fehér tulipánhagyma csomag,,Tulipánhagyma
20260915_101821-002,Fehér-rózsaszín tulipánhagyma csomag,,Tulipánhagyma
20260915_101821-003,Rózsaszín tulipánhagyma csomag,,Tulipánhagyma
20260915_101821-004,Lazacszínű tulipánhagyma csomag,,Tulipánhagyma
20260915_101821-005,Piros tulipánhagyma csomag,,Tulipánhagyma
20260915_101821-006,Sárga tulipánhagyma csomag,,Tulipánhagyma
20260915_101821-007,Sárga-piros tulipánhagyma csomag,,Tulipánhagyma
20260915_101821-008,Lila tulipánhagyma csomag,,Tulipánhagyma
20260915_101821-009,Sötétlila tulipánhagyma csomag,,Tulipánhagyma
20260915_101821-010,Bordó tulipánhagyma csomag,,Tulipánhagyma
20260915_101821-011,Narancssárga tulipánhagyma csomag,,Tulipánhagyma
20260915_101821-012,Fehér nárciszhagyma csomag,,Nárciszhagyma
20260915_101821-013,Sárga nárciszhagyma csomag,,Nárciszhagyma
20260915_101821-014,"Rózsaszín-fehér virághagyma csomag, pontos típus nem olvasható",,Virághagyma
20260915_101821-015,"Lila virághagyma csomag, pontos típus nem olvasható",,Virághagyma
20260915_101821-016,"Kék-lila virághagyma csomag, részben takart",,Virághagyma
20260915_101821-017,"Sárga virághagyma csomag, részben takart",,Virághagyma
20260915_101821-018,Zöld műanyag növénykötöző,,Növénykötöző
20260915_101821-019,Piros műanyag növénykötöző,,Növénykötöző
20260915_101822-001,Fehér tulipánhagyma csomag,,Tulipánhagyma
20260915_101822-002,Fehér-rózsaszín tulipánhagyma csomag,,Tulipánhagyma
20260915_101822-003,Halványrózsaszín tulipánhagyma csomag,,Tulipánhagyma
20260915_101822-004,Rózsaszín tulipánhagyma csomag,,Tulipánhagyma
20260915_101822-005,Lazacszínű tulipánhagyma csomag,,Tulipánhagyma
20260915_101822-006,Piros tulipánhagyma csomag,,Tulipánhagyma
20260915_101822-007,Sárga tulipánhagyma csomag,,Tulipánhagyma
20260915_101822-008,Sárga-piros tulipánhagyma csomag,,Tulipánhagyma
20260915_101822-009,Lila tulipánhagyma csomag,,Tulipánhagyma
20260915_101822-010,Sötétlila tulipánhagyma csomag,,Tulipánhagyma
20260915_101822-011,Bordó tulipánhagyma csomag,,Tulipánhagyma
20260915_101822-012,Narancssárga tulipánhagyma csomag,,Tulipánhagyma
20260915_101822-013,Fehér nárciszhagyma csomag,,Nárciszhagyma
20260915_101822-014,Sárga nárciszhagyma csomag,,Nárciszhagyma
20260915_101822-015,"Fehér-lila virághagyma csomag, pontos típus nem olvasható",,Virághagyma
20260915_101822-016,"Rózsaszín-fehér virághagyma csomag, pontos típus nem olvasható",,Virághagyma
20260915_101822-017,"Lila virághagyma csomag, pontos típus nem olvasható",,Virághagyma
20260915_101822-018,"Kék-lila virághagyma csomag, részben takart",,Virághagyma
20260915_101822-019,"Sárga virághagyma csomag, részben takart",,Virághagyma
20260915_101827-001,Kisebb barna mázas fedeles kerámiaedény,,Kerámia tárolóedény
20260915_101827-002,Közepes barna mázas fedeles kerámiaedény,,Kerámia tárolóedény
20260915_101827-003,Nagyobb barna mázas fedeles kerámiaedény,,Kerámia tárolóedény
20260915_101827-004,Piros zománcozott tál,,Zománcozott tál
20260915_101827-005,Fekete mázas kerámia virágcserép,,Virágcserép
20260915_101827-006,Sterling Pro kézi kötözőgép,,Kötözőgép
20260915_101827-007,Zöld kötözőszalag-tekercs,,Kötözőszalag
20260915_101827-008,Átlátszó műanyag csomagolózacskó,,Csomagolózacskó
20260915_101827-009,Átlátszó légpárnás fólia,,Csomagolófólia
20260915_101827-010,Narancssárga gumigyűrű,,Gumigyűrű
20260915_101827-011,Fehér műanyag kötözőszalag,,Kötözőszalag
20260915_101827-012,Fekete műanyag kötözőszalag,,Kötözőszalag
20260915_101827-013,Fehér gömbölyű zsinórgombolyag,,Kötözőzsinór
20260915_101827-014,Natúr gömbölyű zsinórgombolyag,,Kötözőzsinór
20260915_101827-015,Narancssárga kötözőzsinór-gombolyag,,Kötözőzsinór
20260915_101827-016,Bordó kötözőzsinór-gombolyag,,Kötözőzsinór
20260915_101827-017,Rózsaszín kötözőzsinór-gombolyag,,Kötözőzsinór
20260915_101827-018,Lila-fehér kötözőzsinór-gombolyag,,Kötözőzsinór
20260915_101827-019,Sötétzöld cérnaorsó,,Cérna
20260915_101827-020,"Fehér műanyag gömb, pontos rendeltetés nem olvasható",,Műanyag gömb
20260915_101827-021,Fehér műanyag növényjelölő tábla,,Növényjelölő
20260915_101827-022,Fekete-fehér pettyes zománcozott tál,,Zománcozott tál
20260915_101827-023,Fekete-fehér pettyes zománcozott fazék,,Zománcozott fazék
20260915_101827-024,Fém lánc tekercsben,,Lánc
20260915_101827-025,Fém függesztőkampó lánccal,,Függesztőkampó
20260915_101830-001,Fekete-fehér pettyes műanyag dézsa,,Műanyag dézsa
20260915_101830-002,Piros műanyag dézsa,,Műanyag dézsa
20260915_101830-003,Sötétkék műanyag dézsa,,Műanyag dézsa
20260915_101830-004,Piros zománcozott tál,,Zománcozott tál
20260915_101830-005,Kisebb barna mázas fedeles kerámiaedény,,Kerámia tárolóedény
20260915_101830-006,Közepes barna mázas fedeles kerámiaedény,,Kerámia tárolóedény
20260915_101830-007,Nagyobb barna mázas fedeles kerámiaedény,,Kerámia tárolóedény
20260915_101830-008,Fekete mázas kerámia virágcserép,,Virágcserép
20260915_101830-009,Sterling Pro kézi kötözőgép,,Kötözőgép
20260915_101830-010,Zöld kötözőszalag-tekercs,,Kötözőszalag
20260915_101830-011,Átlátszó műanyag csomagolózacskó,,Csomagolózacskó
20260915_101830-012,Átlátszó légpárnás fólia,,Csomagolófólia
20260915_101830-013,Narancssárga gumigyűrű,,Gumigyűrű
20260915_101830-014,Fehér műanyag kötözőszalag,,Kötözőszalag
20260915_101830-015,Fekete műanyag kötözőszalag,,Kötözőszalag
20260915_101830-016,Sárga kötözőzsinór-gombolyag,,Kötözőzsinór
20260915_101830-017,Natúr gömbölyű zsinórgombolyag,,Kötözőzsinór
20260915_101830-018,Narancssárga kötözőzsinór-gombolyag,,Kötözőzsinór
20260915_101830-019,Bordó kötözőzsinór-gombolyag,,Kötözőzsinór
20260915_101830-020,Rózsaszín kötözőzsinór-gombolyag,,Kötözőzsinór
20260915_101830-021,Sötétzöld cérnaorsó,,Cérna
20260915_101832-001,Fekete-fehér pettyes műanyag dézsa,,Műanyag dézsa
20260915_101832-002,Piros műanyag dézsa,,Műanyag dézsa
20260915_101832-003,Sötétkék műanyag dézsa,,Műanyag dézsa
20260915_101832-004,Piros zománcozott tál,,Zománcozott tál
20260915_101832-005,Kisebb barna mázas fedeles kerámiaedény,,Kerámia tárolóedény
20260915_101832-006,Közepes barna mázas fedeles kerámiaedény,,Kerámia tárolóedény
20260915_101832-007,Nagyobb barna mázas fedeles kerámiaedény,,Kerámia tárolóedény
20260915_101832-008,Fekete mázas kerámia virágcserép,,Virágcserép
20260915_101832-009,Fekete-fehér pettyes zománcozott tál,,Zománcozott tál
20260915_101832-010,Fekete-fehér pettyes zománcozott fazék,,Zománcozott fazék
20260915_101832-011,Kisebb fém lánc tekercsben,,Lánc
20260915_101832-012,Nagyobb fém lánc tekercsben,,Lánc
20260915_101832-013,Fém függesztőkampó lánccal,,Függesztőkampó
20260915_101834-001,Nagyobb rozsdamentes acél fazék fedővel,,Fazék
20260915_101834-002,Kisebb rozsdamentes acél fazék fedővel,,Fazék
20260915_101834-003,Fekete zománcozott fazék fedővel,,Zománcozott fazék
20260915_101834-004,Kék-fehér pettyes zománcozott fazék,,Zománcozott fazék
20260915_101834-005,Piros-fehér pettyes zománcozott fazék,,Zománcozott fazék
20260915_101834-006,Kék-fehér pettyes zománcozott bögre,,Zománcozott bögre
20260915_101834-007,Piros-fehér pettyes zománcozott bögre,,Zománcozott bögre
20260915_101834-008,Fehér zománcozott fazék,,Zománcozott fazék
20260915_101834-009,Fehér zománcozott bögre,,Zománcozott bögre
20260915_101834-010,Fehér műanyag virágcserép,,Virágcserép
20260915_101834-011,Fehér bordázott műanyag virágcserép,,Virágcserép
20260915_101834-012,Barna bordázott műanyag virágcserép,,Virágcserép
20260915_101834-013,Terrakotta színű műanyag virágcserép,,Virágcserép
20260915_101834-014,Szürke műanyag virágcserép,,Virágcserép
20260915_101834-015,Kisebb horganyzott fém vödör,,Vödör
20260915_101834-016,Nagyobb horganyzott fém vödör,,Vödör
20260915_101834-017,Kisebb horganyzott fém kanna,,Kanna
20260915_101834-018,Nagyobb horganyzott fém kanna,,Kanna
20260915_101837-001,Bradas narancssárga-fekete mártott munkakesztyű,,Munkakesztyű
20260915_101837-002,"Fekete, erősen texturált mártott munkakesztyű",,Munkakesztyű
20260915_101837-003,"Aqua Grip kék-fehér csíkos, fekete mártott munkakesztyű",,Munkakesztyű
20260915_101837-004,Gebol világoskék-fekete mártott munkakesztyű,,Munkakesztyű
20260915_101837-005,Gebol sárga-szürke mártott munkakesztyű,,Munkakesztyű
20260915_101837-006,Gebol sárga-fehér mártott munkakesztyű,,Munkakesztyű
20260915_101837-007,"Fekete munkakesztyű zöld szegéllyel, pontos típus nem olvasható",,Munkakesztyű
20260915_101837-008,"Szürke-fekete mártott munkakesztyű, pontos típus nem olvasható",,Munkakesztyű
20260915_101837-009,"Fekete munkakesztyű sárga szegéllyel, pontos típus nem olvasható",,Munkakesztyű
20260915_101837-010,Piros-fekete sima mártott munkakesztyű,,Munkakesztyű
20260915_101837-011,Piros-fekete texturált mártott munkakesztyű,,Munkakesztyű
20260915_101837-012,Piros-sötétkék mártott munkakesztyű,,Munkakesztyű
20260915_101837-013,"Sárga csomagolású munkakesztyű, részben takart",,Munkakesztyű
20260915_101837-014,"Zöld csomagolású munkakesztyű, részben takart",,Munkakesztyű
20260915_101837-015,"Piros csomagolású munkakesztyű, részben takart",,Munkakesztyű
20260915_101839-001,FFG fekete nitril mártott munkakesztyű,,Munkakesztyű
20260915_101839-002,FFGROUP PU COATED GLOVES SECURITY GRIP fekete-sárga munkakesztyű,,Munkakesztyű
20260915_101839-003,BENMAN NITRILE ORANGE szürke-fekete munkakesztyű,,Munkakesztyű
20260915_101839-004,BENMAN NITRILE DOUBLE szürke-fekete munkakesztyű,,Munkakesztyű
20260915_101839-005,"BENMAN szürke-fekete munkakesztyű, pontos modell nem olvasható",,Munkakesztyű
20260915_101839-006,"BENMAN szürke-fehér tenyérvédős munkakesztyű, részben takart",,Munkakesztyű
20260915_101839-007,Sárga-szürke textil munkakesztyű,,Munkakesztyű
20260915_101839-008,Neonsárga-szürke textil munkakesztyű,,Munkakesztyű
20260915_101839-009,Neonsárga bevonatos munkakesztyű,,Munkakesztyű
20260915_101839-010,Zöld-fehér bevonatos munkakesztyű,,Munkakesztyű
20260915_101839-011,FIREANT piros-fekete munkakesztyű,,Munkakesztyű
20260915_101839-012,Lila-zöld-fehér textil munkakesztyű,,Munkakesztyű
20260915_101839-013,Zöld-fehér gumírozott munkakesztyű,,Munkakesztyű
20260915_101839-014,Bézs bőr munkakesztyű,,Munkakesztyű
20260915_101839-015,Fehér bőr munkakesztyű,,Munkakesztyű
20260915_101839-016,Piros-fehér bevonatos munkakesztyű,,Munkakesztyű
20260915_101839-017,"Fekete, párnázott térdvédő pár",,Térdvédő
20260915_101841-001,"Hosszú, narancssárga vegyszerálló kesztyű",,Védőkesztyű
20260915_101841-002,"Hosszú, kék vegyszerálló kesztyű",,Védőkesztyű
20260915_101841-003,"Hosszú, zöld vegyszerálló kesztyű",,Védőkesztyű
20260915_101841-004,Sárga háztartási gumikesztyű,,Gumikesztyű
20260915_101841-005,Kék háztartási gumikesztyű,,Gumikesztyű
20260915_101841-006,Rózsaszín háztartási gumikesztyű,,Gumikesztyű
20260915_101841-007,Piros-fekete erősített munkakesztyű,,Munkakesztyű
20260915_101841-008,Narancssárga-fekete erősített munkakesztyű,,Munkakesztyű
20260915_101841-009,Sárga-fekete erősített munkakesztyű,,Munkakesztyű
20260915_101841-010,Kék-fekete erősített munkakesztyű,,Munkakesztyű
20260915_101841-011,Szürke-fekete nitril mártott munkakesztyű,,Munkakesztyű
20260915_101841-012,Fekete nitril mártott munkakesztyű,,Munkakesztyű
20260915_101841-013,Neonsárga-fekete munkakesztyű,,Munkakesztyű
20260915_101841-014,Zöld-fehér textil munkakesztyű,,Munkakesztyű
20260915_101841-015,Bézs bőr munkakesztyű,,Munkakesztyű
20260915_101841-016,Fehér bőr munkakesztyű,,Munkakesztyű
20260915_101841-017,Piros-fehér bőr munkakesztyű,,Munkakesztyű
20260915_101841-018,Kék-fehér bőr munkakesztyű,,Munkakesztyű
20260915_101843-001,BENMAN NITRILE ORANGE szürke-fekete munkakesztyű,,Munkakesztyű
20260915_101843-002,BENMAN NITRILE DOUBLE szürke-fekete munkakesztyű,,Munkakesztyű
20260915_101843-003,FFGROUP PU COATED GLOVES SECURITY GRIP fekete-sárga munkakesztyű,,Munkakesztyű
20260915_101843-004,FIREANT piros-fekete munkakesztyű,,Munkakesztyű
20260915_101843-005,Sárga-szürke textil munkakesztyű,,Munkakesztyű
20260915_101843-006,Neonsárga-szürke textil munkakesztyű,,Munkakesztyű
20260915_101843-007,Neonsárga bevonatos munkakesztyű,,Munkakesztyű
20260915_101843-008,Zöld-fehér gumírozott munkakesztyű,,Munkakesztyű
20260915_101843-009,Lila-zöld-fehér textil munkakesztyű,,Munkakesztyű
20260915_101843-010,Bézs bőr munkakesztyű,,Munkakesztyű
20260915_101843-011,Fehér bőr munkakesztyű,,Munkakesztyű
20260915_101843-012,Piros-fehér bevonatos munkakesztyű,,Munkakesztyű
20260915_101843-013,"Fekete, párnázott térdvédő pár",,Térdvédő
20260915_101843-014,Fehér kötött pamutkesztyű,,Munkakesztyű
20260915_101843-015,Szürke kötött munkakesztyű,,Munkakesztyű
20260915_101902-001,CILLIT BANG EXPERT lila-narancssárga szórófejes tisztítószer,,Tisztítószer
20260915_101902-002,WELL DONE hideg zsíroldó szórófejes,,Hideg zsíroldó
20260915_101902-003,WELL DONE hideg zsíroldó utántöltő kannában,,Hideg zsíroldó
20260915_101902-004,SZAVO penész elleni szer kék címkével,,Penészeltávolító
20260915_101902-005,SZAVO penész elleni szer sárga címkével,,Penészeltávolító
20260915_101902-006,PKO fehér flakonos tisztítószer,,Tisztítószer
20260915_101902-007,Ultra fehérítő kék címkével,,Fehérítő
20260915_101902-008,Ultra fehérítő rózsaszín címkével,,Fehérítő
20260915_101902-009,WELL DONE OXI folttisztító,,Folttisztító
20260915_101902-010,Kék flakonos KO tisztítószer,,Tisztítószer
20260915_101902-011,Flóraszept fehér-zöld flakonos tisztítószer,,Fertőtlenítő tisztítószer
20260915_101902-012,SANYTOL türkiz szórófejes fertőtlenítő tisztítószer,,Fertőtlenítő tisztítószer
20260915_101902-013,SANYTOL fehér szórófejes fertőtlenítő tisztítószer,,Fertőtlenítő tisztítószer
20260915_101902-014,GLANC tisztító zöld folyadék,,Tisztítószer
20260915_101902-015,SZI-TI fehér flakonos tisztítószer,,Tisztítószer
20260915_101902-016,"Piros szórófejes tisztítószer, pontos típus nem olvasható",,Tisztítószer
20260915_101902-017,"Zöld szórófejes tisztítószer, pontos típus nem olvasható",,Tisztítószer
20260915_101902-018,"Piros aeroszolos tisztítószer, pontos típus nem olvasható",,Tisztítószer
20260915_101902-019,"Lila aeroszolos tisztítószer, pontos típus nem olvasható",,Tisztítószer
20260915_101902-020,"Rózsaszín flakonos öblítő, részben takart",,Öblítő
20260915_101902-021,Sárga folyékony szappan pumpás flakonban,,Folyékony szappan
20260915_101902-022,Rózsaszín folyékony szappan pumpás flakonban,,Folyékony szappan
20260915_101902-023,"Kék dobozos mosogatógép-tabletta, részben takart",,Mosogatógép-tabletta
20260915_101902-024,Sárga csomagolású háztartási törlőkendő,,Törlőkendő
20260915_101902-025,Lila csomagolású háztartási szivacs,,Mosogatószivacs
20260915_101904-001,CILLIT BANG EXPERT lila-narancssárga szórófejes tisztítószer,,Tisztítószer
20260915_101904-002,WELL DONE hideg zsíroldó szórófejes,,Hideg zsíroldó
20260915_101904-003,WELL DONE hideg zsíroldó utántöltő kannában,,Hideg zsíroldó
20260915_101904-004,SZAVO penész elleni szer kék címkével,,Penészeltávolító
20260915_101904-005,SZAVO penész elleni szer sárga címkével,,Penészeltávolító
20260915_101904-006,PKO fehér flakonos tisztítószer,,Tisztítószer
20260915_101904-007,Ultra fehérítő kék címkével,,Fehérítő
20260915_101904-008,Ultra fehérítő rózsaszín címkével,,Fehérítő
20260915_101904-009,WELL DONE OXI folttisztító,,Folttisztító
20260915_101904-010,Kék flakonos KO tisztítószer,,Tisztítószer
20260915_101904-011,Flóraszept fehér-zöld flakonos tisztítószer,,Fertőtlenítő tisztítószer
20260915_101904-012,SANYTOL türkiz szórófejes fertőtlenítő tisztítószer,,Fertőtlenítő tisztítószer
20260915_101904-013,SANYTOL fehér szórófejes fertőtlenítő tisztítószer,,Fertőtlenítő tisztítószer
20260915_101904-014,GLANC tisztító zöld folyadék,,Tisztítószer
20260915_101904-015,SZI-TI fehér flakonos tisztítószer,,Tisztítószer
20260915_101904-016,"Piros szórófejes tisztítószer, pontos típus nem olvasható",,Tisztítószer
20260915_101904-017,"Zöld szórófejes tisztítószer, pontos típus nem olvasható",,Tisztítószer
20260915_101904-018,"Piros aeroszolos tisztítószer, pontos típus nem olvasható",,Tisztítószer
20260915_101904-019,"Lila aeroszolos tisztítószer, pontos típus nem olvasható",,Tisztítószer
20260915_101904-020,"Rózsaszín flakonos öblítő, részben takart",,Öblítő
20260915_101904-021,Sárga folyékony szappan pumpás flakonban,,Folyékony szappan
20260915_101904-022,Rózsaszín folyékony szappan pumpás flakonban,,Folyékony szappan
20260915_101904-023,"Kék dobozos mosogatógép-tabletta, részben takart",,Mosogatógép-tabletta
20260915_101904-024,Sárga csomagolású háztartási törlőkendő,,Törlőkendő
20260915_101904-025,Lila csomagolású háztartási szivacs,,Mosogatószivacs
20260915_101904-026,Fehér műanyag mosogatókefe,,Mosogatókefe
20260915_101904-027,Színes nyelű fogkefe,,Fogkefe
20260915_101904-028,MORRIS metszőolló,,Metszőolló
20260915_101908-001,Kék-fehér eldobható pelenkacsomag,,Eldobható pelenka
20260915_101908-002,"Fehér eldobható pelenkacsomag, részben takart",,Eldobható pelenka
20260915_101908-003,Színes papírzsebkendő-csomag,,Papírzsebkendő
20260915_101908-004,Fehér toalettpapír-csomag,,Toalettpapír
20260915_101908-005,Rózsaszín szemeteszsák-tekercs,,Szemeteszsák
20260915_101908-006,Kék szemeteszsák-tekercs,,Szemeteszsák
20260915_101908-007,Fekete szemeteszsák-tekercs,,Szemeteszsák
20260915_101908-008,Zöld háztartási fóliatekercs,,Háztartási fólia
20260915_101908-009,Sárga szivacscsomag,,Mosogatószivacs
20260915_101908-010,Kék mosogatószivacs-csomag,,Mosogatószivacs
20260915_101908-011,Fehér műanyag lavor,,Lavor
20260915_101908-012,Kék műanyag lavor,,Lavor
20260915_101908-013,Fehér műanyag vödör,,Vödör
20260915_101908-014,Kék műanyag vödör,,Vödör
20260915_101908-015,Átlátszó pumpás folyékony szappan,,Folyékony szappan
20260915_101908-016,Rózsaszín pumpás folyékony szappan,,Folyékony szappan
20260915_101908-017,Zöld pumpás folyékony szappan,,Folyékony szappan
20260915_101908-018,"Fehér flakonos sampon, pontos típus nem olvasható",,Sampon
20260915_101908-019,"Fekete flakonos sampon, pontos típus nem olvasható",,Sampon
20260915_101908-020,Rózsaszín flakonos tusfürdő,,Tusfürdő
20260915_101908-021,Kék flakonos tusfürdő,,Tusfürdő
20260915_101908-022,Fehér flakonos testápoló,,Testápoló
20260915_101908-023,"Dobozos fogkrém, pontos változat nem olvasható",,Fogkrém
20260915_101908-024,"Csomagolt fogkefe, pontos változat nem olvasható",,Fogkefe
20260915_101908-025,"Sárga aeroszolos háztartási szer, azonosítás bizonytalan",,Háztartási vegyi áru
20260915_101908-026,"Kék aeroszolos háztartási szer, azonosítás bizonytalan",,Háztartási vegyi áru
20260915_101908-027,Fehér műanyag szappantartó,,Szappantartó
20260915_101908-028,Színes műanyag ruhacsipesz-csomag,,Ruhacsipesz
20260915_101911-001,Fehér papírtörlő-tekercs,,Papírtörlő
20260915_101911-002,Fehér toalettpapír-csomag,,Toalettpapír
20260915_101911-003,Színes papírzsebkendő-csomag,,Papírzsebkendő
20260915_101911-004,Kék eldobható pelenkacsomag,,Eldobható pelenka
20260915_101911-005,Fehér eldobható pelenkacsomag,,Eldobható pelenka
20260915_101911-006,Rózsaszín szemeteszsák-tekercs,,Szemeteszsák
20260915_101911-007,Kék szemeteszsák-tekercs,,Szemeteszsák
20260915_101911-008,Fekete szemeteszsák-tekercs,,Szemeteszsák
20260915_101911-009,Alufólia-tekercs,,Alufólia
20260915_101911-010,Sütőpapír-tekercs,,Sütőpapír
20260915_101911-011,Átlátszó háztartási fóliatekercs,,Háztartási fólia
20260915_101911-012,Színes mosogatószivacs-csomag,,Mosogatószivacs
20260915_101911-013,Fém dörzsszivacs-csomag,,Dörzsszivacs
20260915_101911-014,Sárga gumikesztyű,,Háztartási gumikesztyű
20260915_101911-015,Fehér műanyag lavor,,Lavor
20260915_101911-016,Kék műanyag lavor,,Lavor
20260915_101911-017,Szürke műanyag tárolókosár,,Tárolókosár
20260915_101911-018,Fehér műanyag vödör,,Vödör
20260915_101911-019,Kék műanyag vödör,,Vödör
20260915_101911-020,Átlátszó pumpás folyékony szappan,,Folyékony szappan
20260915_101911-021,Rózsaszín pumpás folyékony szappan,,Folyékony szappan
20260915_101911-022,Zöld pumpás folyékony szappan,,Folyékony szappan
20260915_101911-023,"Fehér flakonos sampon, pontos típus nem olvasható",,Sampon
20260915_101911-024,"Fekete flakonos sampon, pontos típus nem olvasható",,Sampon
20260915_101911-025,Kék flakonos tusfürdő,,Tusfürdő
20260915_101911-026,Rózsaszín flakonos tusfürdő,,Tusfürdő
20260915_101911-027,"Dobozos fogkrém, pontos változat nem olvasható",,Fogkrém
20260915_101911-028,"Csomagolt fogkefe, pontos változat nem olvasható",,Fogkefe
20260915_101911-029,Színes műanyag ruhacsipesz-csomag,,Ruhacsipesz
20260915_101911-030,Műanyag nyelű mosogatókefe,,Mosogatókefe
20260915_101920-001,Fehér-fekete hajszárító dobozban,,Hajszárító
20260915_101920-002,Fekete hajszárító dobozban,,Hajszárító
20260915_101920-003,Kézi ruhagőzölő dobozban,,Ruhagőzölő
20260915_101920-004,Elektromos szöszeltávolító dobozban,,Szöszeltávolító
20260915_101920-005,Fekete elektromos vízforraló dobozban,,Vízforraló
20260915_101920-006,Türkiz elektromos vízforraló,,Vízforraló
20260915_101920-007,Piros elektromos vízforraló,,Vízforraló
20260915_101920-008,"Fehér konyhai kisgép dobozban, pontos típus nem olvasható",,Konyhai kisgép
20260915_101920-009,Sárga-zöld permetezőflakon,,Kézi permetező
20260915_101920-010,"Átlátszó, piros fedelű fűszertartó",,Fűszertartó
20260915_101920-011,"Átlátszó, sárga fedelű fűszertartó",,Fűszertartó
20260915_101920-012,Üveg fűszerszóró fém fedéllel,,Fűszerszóró
20260915_101920-013,Magas bordázott üvegpalack,,Üvegpalack
20260915_101920-014,Átlátszó üveg fűszertartó,,Fűszertartó
20260915_101920-015,Fém fedelű üvegtároló,,Tárolóüveg
20260915_101920-016,Enger Cukormorzsoló dobozban,,Cukormorzsoló
20260915_101920-017,Kék kézi aprító,,Kézi aprító
20260915_101920-018,Átlátszó műanyag kancsó türkiz fedéllel,,Kancsó
20260915_101920-019,Fekete nyelű konyhakés,,Konyhakés
20260915_101920-020,Fa nyelű konyhakés,,Konyhakés
20260915_101920-021,Fa nyelű húsvilla,,Húsvilla
20260915_101920-022,Fém habverő,,Habverő
20260915_101920-023,Fém konyhai fogó,,Konyhai fogó
20260915_101920-024,Fehér műanyag konyhai lapát,,Konyhai lapát
20260915_101920-025,"Fém evőeszközkészlet, részben takart",,Evőeszközkészlet
20260915_101920-026,Fiskars Functional Form konyhai olló,,Konyhai olló
20260915_101920-027,Metalker digitális konyhai időzítő,,Konyhai időzítő
20260915_101920-028,Sütőzacskó-csomag,,Sütőzacskó
20260915_101920-029,Sütőpapír-tekercs,,Sütőpapír
20260915_101920-030,Alufólia-tekercs,,Alufólia
20260915_101920-031,Paclan szilikonos sütőpapír,,Sütőpapír
20260915_101920-032,"Bradas fekete kerti zsák, részben takart",,Kerti zsák
20260915_101925-001,Elektromos szöszeltávolító dobozban,,Szöszeltávolító
20260915_101925-002,Fehér-fekete hajszárító dobozban,,Hajszárító
20260915_101925-003,Fekete hajszárító dobozban,,Hajszárító
20260915_101925-004,Kézi ruhagőzölő dobozban,,Ruhagőzölő
20260915_101925-005,Vape Classic szúnyogirtó készülék utántöltővel,,Elektromos szúnyogirtó
20260915_101925-006,Vape szúnyogriasztó lapka,,Szúnyogriasztó lapka
20260915_101925-007,Protect elektromos rovarriasztó készülék,,Elektromos rovarriasztó
20260915_101925-008,Raid spirálos szúnyogriasztó,,Szúnyogriasztó spirál
20260915_101925-009,Kék légyfogó csomag,,Légyfogó
20260915_101925-010,Szürke műanyag tárolókosár,,Tárolókosár
20260915_101925-011,Ambition fekete nyelű szakácskés,,Szakácskés
20260915_101925-012,Ambition fekete nyelű zöldséghámozó,,Zöldséghámozó
20260915_101925-013,Ambition fekete nyelű konyhakés,,Konyhakés
20260915_101925-014,Fa nyelű konyhakés,,Konyhakés
20260915_101925-015,Fiskars fekete nyelű konyhakés,,Konyhakés
20260915_101925-016,Kék-fekete zöldséghámozó,,Zöldséghámozó
20260915_101925-017,Fehér nyelű konyhai lapát,,Konyhai lapát
20260915_101925-018,Fekete nyelű konyhai olló,,Konyhai olló
20260915_101925-019,Fém habverő,,Habverő
20260915_101925-020,Fém merőkanál,,Merőkanál
20260915_101925-021,"Fém evőeszközkészlet, részben takart",,Evőeszközkészlet
20260915_101925-022,Sütőzacskó-csomag,,Sütőzacskó
20260915_101925-023,Sütőpapír-tekercs,,Sütőpapír
20260915_101925-024,Alufólia-tekercs,,Alufólia
20260915_101925-025,Háztartási fóliatekercs,,Háztartási fólia
20260915_101925-026,BioStop légycsapda,,Légycsapda
20260915_101925-027,Átlátszó fedeles műanyag tárolódoboz,,Tárolódoboz
20260915_101925-028,"Piros-fehér csomagolt háztartási termék, azonosítás bizonytalan",,Háztartási kellék
20260915_101931-001,Elektromos szöszeltávolító dobozban,,Szöszeltávolító
20260915_101931-002,Páramentesítő készülék dobozban,,Páramentesítő
20260915_101931-003,Fényfüzér meleg fehér fényekkel,,Fényfüzér
20260915_101931-004,Fényfüzér hideg fehér fényekkel,,Fényfüzér
20260915_101931-005,Szúnyogháló méteres kiszerelésben,,Szúnyogháló
20260915_101931-006,"Zöld csomagolt rovarfogó termék, pontos típus nem olvasható",,Rovarcsapda
20260915_101931-007,Protect kristályos rovarirtó szer,,Rovarirtó szer
20260915_101931-008,Enger hamutartó,,Hamutartó
20260915_101931-009,Üveg hamutartó,,Hamutartó
20260915_101931-010,"Sárga fémdobozos háztartási termék, azonosítás bizonytalan",,Háztartási kellék
20260915_101931-011,"Fehér elektromos konyhai eszköz, részben takart",,Konyhai kisgép
20260915_101931-012,Fehér nyelű konyhai eszköz,,Konyhai eszköz
20260915_101931-013,Zöld nyelű konyhai eszköz,,Konyhai eszköz
20260915_101931-014,Ambition fekete nyelű szakácskés,,Szakácskés
20260915_101931-015,Ambition fekete nyelű zöldséghámozó,,Zöldséghámozó
20260915_101931-016,Ambition fekete nyelű konyhakés,,Konyhakés
20260915_101931-017,Estella fekete nyelű kés,,Konyhakés
20260915_101931-018,Fa nyelű konyhakés,,Konyhakés
20260915_101931-019,Kék-fekete zöldséghámozó,,Zöldséghámozó
20260915_101931-020,Fekete zöldséghámozó,,Zöldséghámozó
20260915_101931-021,Fém habverő,,Habverő
20260915_101931-022,"Fém evőeszközkészlet, részben takart",,Evőeszközkészlet
20260915_101931-023,BioStop darázscsapda,,Darázscsapda
20260915_101931-024,"Bros rovarcsapda, pontos változat nem olvasható",,Rovarcsapda
20260915_101931-025,Sárga gömb alakú darázscsapda,,Darázscsapda
20260915_101931-026,Narancssárga gömb alakú darázscsapda,,Darázscsapda
20260915_101931-027,Átlátszó fedeles műanyag tárolódoboz,,Tárolódoboz
20260915_101931-028,Fekete műanyag tálca,,Tálca
20260915_101931-029,"Piros-fehér csomagolt háztartási termék, azonosítás bizonytalan",,Háztartási kellék
20260915_101931-030,"Zöld szövet kerti zsák, részben takart",,Kerti zsák
20260915_101935-001,"Piros kerámia virágcserép, pontos típus nem olvasható",,Virágcserép
20260915_101935-002,"Fehér kerámia virágcserép, pontos típus nem olvasható",,Virágcserép
20260915_101935-003,"Barna kerámia virágcserép, részben takart",,Virágcserép
20260915_101935-004,"Sárga dobozos rovarirtó szer, pontos típus nem olvasható",,Rovarirtó szer
20260915_101935-005,BROS BioStop gyümölcsmuslica-csapda,,Rovarcsapda
20260915_101935-006,"BROS BioStop molycsapda, pontos változat nem olvasható",,Rovarcsapda
20260915_101935-007,"FREGON darázs- és légycsapda utántöltő, azonosítás bizonytalan",,Rovarcsapda-utántöltő
20260915_101935-008,"Zöld flakonos növényvédő szer, pontos típus nem olvasható",,Növényvédő szer
20260915_101935-009,"Fehér flakonos növényvédő szer, pontos típus nem olvasható",,Növényvédő szer
20260915_101935-010,"Lila aeroszolos rovarirtó, pontos típus nem olvasható",,Rovarirtó aeroszol
20260915_101935-011,"Fehér aeroszolos rovarirtó, pontos típus nem olvasható",,Rovarirtó aeroszol
20260915_101935-012,KILRAT rágcsálóirtó csalétek,,Rágcsálóirtó szer
20260915_101935-013,"Piros-fekete dobozos rágcsálóirtó szer, pontos típus nem olvasható",,Rágcsálóirtó szer
20260915_101935-014,"Kék dobozos egérfogó, pontos típus nem olvasható",,Egérfogó
20260915_101935-015,"Piros dobozos rovarcsapda, pontos típus nem olvasható",,Rovarcsapda
20260915_101939-001,Piros-fehér gomba alakú kerti dísz,,Kerti dísz
20260915_101939-002,Narancssárga-fehér gomba alakú kerti dísz,,Kerti dísz
20260915_101939-003,"Kék átlátszó rovarcsapda, pontos típus nem olvasható",,Rovarcsapda
20260915_101939-004,BROS BioStop ragacsos rovarcsapda,,Rovarcsapda
20260915_101939-005,FREGON sárga ragacsos rovarcsapda,,Rovarcsapda
20260915_101939-006,"Fehér-zöld szórófejes rovarirtó szer, pontos típus nem olvasható",,Rovarirtó szer
20260915_101939-007,"Zöld flakonos növényvédő szer, pontos típus nem olvasható",,Növényvédő szer
20260915_101939-008,"BROS aeroszolos rovarirtó, lila kupakkal",,Rovarirtó aeroszol
20260915_101939-009,"Zöld-fekete aeroszolos rovarirtó, pontos típus nem olvasható",,Rovarirtó aeroszol
20260915_101939-010,"Sárga-fekete aeroszolos rovarirtó, pontos típus nem olvasható",,Rovarirtó aeroszol
20260915_101939-011,"Fehér-fekete aeroszolos rovarirtó, pontos típus nem olvasható",,Rovarirtó aeroszol
20260915_101939-012,"Fehér flakonos rovarirtó por, pontos típus nem olvasható",,Rovarirtó por
20260915_101939-013,"Zöld-fehér flakonos rovarirtó por, pontos típus nem olvasható",,Rovarirtó por
20260915_101939-014,KILRAT rágcsálóirtó csalétek,,Rágcsálóirtó szer
20260915_101939-015,"Piros-fekete dobozos rágcsálóirtó szer, pontos típus nem olvasható",,Rágcsálóirtó szer
20260915_101939-016,"Kék dobozos egérfogó, pontos típus nem olvasható",,Egérfogó
20260915_101939-017,"Sárga-piros dobozos rovarcsapda, pontos típus nem olvasható",,Rovarcsapda
20260915_101944-001,KILRAT rágcsálóirtó csalétek,,Rágcsálóirtó szer
20260915_101944-002,"Piros-fekete dobozos rágcsálóirtó szer, pontos típus nem olvasható",,Rágcsálóirtó szer
20260915_101944-003,"Kék dobozos egérfogó, pontos típus nem olvasható",,Egérfogó
20260915_101944-004,"Sárga-piros dobozos rovarcsapda, pontos típus nem olvasható",,Rovarcsapda
20260915_101944-005,"Zöld aeroszolos rovarirtó, pontos típus nem olvasható",,Rovarirtó aeroszol
20260915_101944-006,"Sárga aeroszolos rovarirtó, pontos típus nem olvasható",,Rovarirtó aeroszol
20260915_101944-007,"Fekete aeroszolos rovarirtó, pontos típus nem olvasható",,Rovarirtó aeroszol
20260915_101944-008,"Fehér aeroszolos rovarirtó, pontos típus nem olvasható",,Rovarirtó aeroszol
20260915_101944-009,"Fehér flakonos rovarirtó por, pontos típus nem olvasható",,Rovarirtó por
20260915_101944-010,"Zöld-fehér flakonos rovarirtó por, pontos típus nem olvasható",,Rovarirtó por
20260915_101944-011,BROS BioStop ragacsos rovarcsapda,,Rovarcsapda
20260915_101944-012,FREGON sárga ragacsos rovarcsapda,,Rovarcsapda
20260915_101944-013,"Fehér-zöld szórófejes növényvédő szer, pontos típus nem olvasható",,Növényvédő szer
20260915_101944-014,"Zöld flakonos növényvédő szer, pontos típus nem olvasható",,Növényvédő szer
20260915_101944-015,"Sárga flakonos növényvédő szer, pontos típus nem olvasható",,Növényvédő szer
20260915_101944-016,"Fehér flakonos növényápoló szer, pontos típus nem olvasható",,Növényápoló szer
20260915_101944-017,Átlátszó szórófejes flakon,,Permetezőflakon
20260915_101944-018,"Lila aeroszolos rovarirtó, pontos típus nem olvasható",,Rovarirtó aeroszol
20260915_101949-001,"Zöld, tök alakú mécsestartó",,Mécsestartó
20260915_101949-002,"Narancssárga, mosolygó tök alakú mécsestartó",,Mécsestartó
20260915_101949-003,"Narancssárga, kerek tök alakú mécsestartó",,Mécsestartó
20260915_101949-004,Átlátszó poharas mécses,,Mécses
20260915_101949-005,"Bronzszínű, kis üveg sírmécses",,Sírmécses
20260915_101949-006,"Ezüstszínű, kis üveg sírmécses",,Sírmécses
20260915_101949-007,"Aranyszínű, kis üveg sírmécses",,Sírmécses
20260915_101949-008,"Piros, kis üveg sírmécses",,Sírmécses
20260915_101949-009,"Fekete talpú, kerek üveg sírlámpás",,Sírlámpás
20260915_101949-010,"Aranyszínű, díszes üveg sírlámpás",,Sírlámpás
20260915_101949-011,"Bronzszínű, díszes üveg sírlámpás",,Sírlámpás
20260915_101949-012,"Szürke, szögletes üveg sírlámpás keresztmintával",,Sírlámpás
20260915_101949-013,"Szürke, szögletes üveg sírlámpás virágmintával",,Sírlámpás
20260915_101949-014,"Fehér, kerek üveg sírlámpás",,Sírlámpás
20260915_101949-015,"Ezüstszínű, kerek üveg sírlámpás",,Sírlámpás
20260915_101949-016,"Sötétkék, kerek üveg sírlámpás",,Sírlámpás
20260915_101949-017,Piros műanyag sírmécses,,Sírmécses
20260915_101949-018,Fehér műanyag sírmécses,,Sírmécses
20260915_101949-019,Átlátszó műanyag sírmécses,,Sírmécses
20260915_101949-020,"Lila, gömbölyű üveg mécsestartó",,Mécsestartó
20260915_101949-021,"Aranyszínű, gömbölyű üveg mécsestartó",,Mécsestartó
20260915_101949-022,Zöld mikroszálas portörlő kesztyű,,Portörlő kesztyű
20260915_101949-023,Szürke tollseprű fa nyéllel,,Tollseprű
20260915_101949-024,"Barna, díszes fém madáritató tál",,Madáritató
20260915_101949-025,Fehér teamécses csomag,,Teamécses
20260915_101957-001,Sárga-narancssárga virágmintás szélforgó,,Szélforgó
20260915_101957-002,Zöld-kék sárkánymintás szélforgó,,Szélforgó
20260915_101957-003,Narancssárga-zöld csíkos szélforgó,,Szélforgó
20260915_101957-004,Sárga műanyag virágcserép,,Virágcserép
20260915_101957-005,Piros műanyag virágcserép,,Virágcserép
20260915_101957-006,Zöld műanyag virágcserép,,Virágcserép
20260915_101957-007,Fényvisszaverő láthatósági mellény,,Láthatósági mellény
20260915_101957-008,Fekete fém GARDEN feliratú kerti fogas,,Kerti fogas
20260915_101957-009,Méhmintás ÉDES feliratú zsák,,Tárolózsák
20260915_101957-010,Napraforgómag madáreleség,,Madáreleség
20260915_101957-011,Földimogyorós madáreleség,,Madáreleség
20260915_101957-012,"Magkeverék madáreleség, zöld címkés",,Madáreleség
20260915_101957-013,"Magkeverék madáreleség, fehér címkés",,Madáreleség
20260915_101957-014,Sárga cinkegolyó,,Madáreleség
20260915_101957-015,Barna cinkegolyó,,Madáreleség
20260915_101957-016,Hengeres faggyús madáreleség,,Madáreleség
20260915_101957-017,"Tálcás madáreleség, pontos összetétel nem olvasható",,Madáreleség
20260915_101957-018,"Hosszú, átlátszó csomagolású madáreleség",,Madáreleség
20260915_101957-019,Zöld hálós madáreleség,,Madáreleség
20260915_101957-020,Narancssárga mikroszálas portörlő,,Portörlő
20260915_101957-021,"Fekete fém madáretető-állvány, részben takart",,Madáretető-állvány
20260915_102000-001,Sárga dughagyma,,Dughagyma
20260915_102000-002,Lilahagyma dughagyma,,Dughagyma
20260915_102000-003,Fehér dughagyma,,Dughagyma
20260915_102000-004,Zöld rekeszes csavartároló,,Csavartároló
20260915_102000-005,Átlátszó fedeles piros szerszámos doboz,,Szerszámos doboz
20260915_102000-006,Átlátszó fedeles rózsaszín szerszámos doboz,,Szerszámos doboz
20260915_102000-007,"Horganyzott hatlapfejű csavar, több méretben",,Hatlapfejű csavar
20260915_102000-008,"Horganyzott anya, több méretben",,Anya
20260915_102000-009,"Horganyzott alátét, több méretben",,Alátét
20260915_102000-010,"Horganyzott facsavar, több méretben",,Facsavar
20260915_102000-011,"Fekete gépcsavar, több méretben",,Gépcsavar
20260915_102000-012,Fehér kötél,,Kötél
20260915_102000-013,"Fém bútorfogantyú, pontos típus nem olvasható",,Bútorfogantyú
20260915_102000-014,"Fém szellőzőrács, pontos típus nem olvasható",,Szellőzőrács
20260915_102005-001,"Horganyzott hatlapfejű csavar, több méretben",,Hatlapfejű csavar
20260915_102005-002,"Horganyzott kapupántcsavar, több méretben",,Kapupántcsavar
20260915_102005-003,"Horganyzott facsavar, több méretben",,Facsavar
20260915_102005-004,"Fekete gépcsavar, több méretben",,Gépcsavar
20260915_102005-005,"Horganyzott anya, több méretben",,Anya
20260915_102005-006,"Horganyzott alátét, több méretben",,Alátét
20260915_102005-007,Horganyzott szemescsavar,,Szemescsavar
20260915_102005-008,Horganyzott kampós csavar,,Kampós csavar
20260915_102005-009,Horganyzott tipli és csavar készlet,,Rögzítőkészlet
20260915_102005-010,"Fém ajtó- vagy bútorfogantyú, azonosítás bizonytalan",,Fogantyú
20260915_102005-011,Centropen marker készlet,,Marker
20260915_102005-012,Zöld rekeszes csavartároló,,Csavartároló
20260915_102005-013,Átlátszó fedeles piros szerszámos doboz,,Szerszámos doboz
20260915_102005-014,Átlátszó fedeles rózsaszín szerszámos doboz,,Szerszámos doboz
20260915_102009-001,Loctite Super Bond pillanatragasztó,,Pillanatragasztó
20260915_102009-002,"Horganyzott karabiner, több méretben",,Karabiner
20260915_102009-003,"Horganyzott csavaros láncszem, több méretben",,Csavaros láncszem
20260915_102009-004,Horganyzott forgó lánckapocs,,Forgó lánckapocs
20260915_102009-005,"Horganyzott sekli, több méretben",,Sekli
20260915_102009-006,Horganyzott rugós kapocs,,Rugós kapocs
20260915_102009-007,"Horganyzott S-kampó, több méretben",,S-kampó
20260915_102009-008,Horganyzott mennyezeti kampó,,Kampó
20260915_102009-009,Horganyzott szemescsavar,,Szemescsavar
20260915_102009-010,"Horganyzott kötélbilincs, több méretben",,Kötélbilincs
20260915_102009-011,Horganyzott gyűrűs rögzítőelem,,Rögzítőgyűrű
20260915_102009-012,Fém csigakerék kampóval,,Csigakerék
20260915_102009-013,Fém feszítőcsavar,,Feszítőcsavar
20260915_102009-014,"Menetes fémszár, több méretben",,Menetes szár
20260915_102009-015,"Fém kábel- vagy kötélrögzítő készlet, részben takart",,Rögzítőkészlet
20260915_102009-016,"Fúrószár készlet, részben takart",,Fúrószárkészlet
20260915_102015-001,Bopon gyepműtrágya,,Gyepműtrágya
20260915_102015-002,Bopon gyepműtrágya Moha Stop,,Gyepműtrágya
20260915_102015-003,Bopon gyepműtrágya Gyom Stop,,Gyepműtrágya
20260915_102015-004,Bopon rózsa műtrágya,,Rózsaműtrágya
20260915_102015-005,Bopon kerti mész,,Kerti mész
20260915_102015-006,TerraSol gyeptrágya Mohás gyepre,,Gyeptrágya
20260915_102015-007,Loctite Super Bond pillanatragasztó,,Pillanatragasztó
20260915_102015-008,Centropen marker készlet,,Marker
20260915_102015-009,Zöld rekeszes csavartároló,,Csavartároló
20260915_102015-010,"Horganyzott hatlapfejű csavar, több méretben",,Hatlapfejű csavar
20260915_102015-011,"Horganyzott anya, több méretben",,Anya
20260915_102015-012,"Horganyzott alátét, több méretben",,Alátét
20260915_102015-013,"Horganyzott karabiner, több méretben",,Karabiner
20260915_102015-014,"Horganyzott S-kampó, több méretben",,S-kampó
20260915_102015-015,"Horganyzott csavaros láncszem, több méretben",,Csavaros láncszem
20260915_102015-016,"Fém kötélbilincs, több méretben",,Kötélbilincs
20260915_102015-017,Átlátszó fedeles piros szerszámos doboz,,Szerszámos doboz
20260915_102015-018,Átlátszó fedeles rózsaszín szerszámos doboz,,Szerszámos doboz
20260915_102015-019,Sárga dughagyma,,Dughagyma
20260915_102015-020,Lilahagyma dughagyma,,Dughagyma
20260915_102021-001,Bopon rózsa műtrágya,,Rózsaműtrágya
20260915_102021-002,Bopon gyepműtrágya,,Gyepműtrágya
20260915_102021-003,Bopon gyepműtrágya Moha Stop,,Gyepműtrágya
20260915_102021-004,Bopon gyepműtrágya Gyom Stop,,Gyepműtrágya
20260915_102021-005,Horganyzott hatlapfejű csavar 12 × 100,,Hatlapfejű csavar
20260915_102021-006,Horganyzott hatlapfejű csavar 10 × 90,,Hatlapfejű csavar
20260915_102021-007,Horganyzott hatlapfejű csavar 8 × 120,,Hatlapfejű csavar
20260915_102021-008,Horganyzott hatlapfejű csavar 8 × 70,,Hatlapfejű csavar
20260915_102021-009,Horganyzott hatlapfejű csavar 6 × 30,,Hatlapfejű csavar
20260915_102021-010,Horganyzott hatlapfejű csavar 12 × 80,,Hatlapfejű csavar
20260915_102021-011,Horganyzott hatlapfejű csavar 10 × 70,,Hatlapfejű csavar
20260915_102021-012,Horganyzott hatlapfejű csavar 8 × 100,,Hatlapfejű csavar
20260915_102021-013,Horganyzott hatlapfejű csavar 6 × 60,,Hatlapfejű csavar
20260915_102021-014,Horganyzott hatlapfejű csavar 6 × 70,,Hatlapfejű csavar
20260915_102021-015,Horganyzott hatlapfejű csavar 12 × 60,,Hatlapfejű csavar
20260915_102021-016,Horganyzott hatlapfejű csavar 10 × 60,,Hatlapfejű csavar
20260915_102021-017,Horganyzott hatlapfejű csavar 8 × 90,,Hatlapfejű csavar
20260915_102021-018,Horganyzott hatlapfejű csavar 6 × 50,,Hatlapfejű csavar
20260915_102021-019,Horganyzott hatlapfejű csavar 6 × 45,,Hatlapfejű csavar
20260915_102021-020,Horganyzott hatlapfejű csavar 10 × 50,,Hatlapfejű csavar
20260915_102021-021,Horganyzott hatlapfejű csavar 8 × 80,,Hatlapfejű csavar
20260915_102021-022,Horganyzott hatlapfejű csavar 6 × 40,,Hatlapfejű csavar
20260915_102021-023,Horganyzott hatlapfejű csavar 6 × 35,,Hatlapfejű csavar
20260915_102021-024,Horganyzott hatlapfejű csavar 8 × 60,,Hatlapfejű csavar
20260915_102021-025,Centropen marker készlet,,Marker
20260915_102024-001,Fekete nyelű rozsdamentes merőkanál,,Merőkanál
20260915_102024-002,Fekete nyelű rozsdamentes habszedő kanál,,Habszedő kanál
20260915_102024-003,Fekete nyelű rozsdamentes lapát,,Konyhai lapát
20260915_102024-004,Fekete nyelű rozsdamentes burgonyanyomó,,Burgonyanyomó
20260915_102024-005,Fa nyelű konyhai eszköz,,Konyhai eszköz
20260915_102024-006,Piros műanyag tál,,Tál
20260915_102024-007,Kék műanyag tál,,Tál
20260915_102024-008,Lila műanyag tál,,Tál
20260915_102024-009,Zöld műanyag tál,,Tál
20260915_102024-010,Fém nyelű szűrőkanál,,Szűrőkanál
20260915_102024-011,Rozsdamentes konyhai szűrő,,Konyhai szűrő
20260915_102024-012,Fekete sütőforma,,Sütőforma
20260915_102024-013,Szürke tepsi,,Tepsi
20260915_102024-014,Fém kézi habverő,,Habverő
20260915_102024-015,Fa sodrófa,,Sodrófa
20260915_102028-001,Fehér kerek tányér,,Tányér
20260915_102028-002,Fehér mélytányér,,Mélytányér
20260915_102028-003,Fehér tálka,,Tálka
20260915_102028-004,Szürke kerámia tálka,,Tálka
20260915_102028-005,Zöld kerámia tálka,,Tálka
20260915_102028-006,Mintás szögletes műanyag tálca,,Tálca
20260915_102028-007,Átlátszó üveg sütőtál,,Sütőtál
20260915_102028-008,Barna üveg sütőtál,,Sütőtál
20260915_102028-009,Fekete téglalap alakú sütőforma,,Sütőforma
20260915_102028-010,Szürke kerek sütőforma,,Sütőforma
20260915_102028-011,Rozsdamentes konyhai szűrő,,Konyhai szűrő
20260915_102028-012,Fa nyelű rozsdamentes konyhai szűrő,,Konyhai szűrő
20260915_102028-013,Fekete nyelű konyhai olló,,Konyhai olló
20260915_102028-014,Fém kézi habverő,,Habverő
20260915_102028-015,Rózsaszín műanyag mérőkanál-készlet,,Mérőkanál-készlet
20260915_102045-001,Piros műanyag keverőtál,,Keverőtál
20260915_102045-002,Kék műanyag keverőtál,,Keverőtál
20260915_102045-003,Lila műanyag keverőtál,,Keverőtál
20260915_102045-004,Fekete nyelű szilikon konyhai lapát,,Konyhai lapát
20260915_102045-005,Piros nyelű lyukas konyhai kanál,,Konyhai kanál
20260915_102045-006,Fekete nyelű merőkanál,,Merőkanál
20260915_102045-007,Fa sodrófa,,Sodrófa
20260915_102045-008,Fehér kerek tányér,,Tányér
20260915_102045-009,Fehér mélytányér,,Mélytányér
20260915_102045-010,Fehér tálka,,Tálka
20260915_102045-011,Mintás szögletes tálca,,Tálca
20260915_102045-012,Átlátszó üveg sütőtál,,Sütőtál
20260915_102045-013,Barna üveg sütőtál,,Sütőtál
20260915_102045-014,Fekete téglalap alakú sütőforma,,Sütőforma
20260915_102045-015,Szürke kerek sütőforma,,Sütőforma
20260915_102050-001,Fehér kerek lapostányér,,Tányér
20260915_102050-002,Fehér kerek mélytányér,,Mélytányér
20260915_102050-003,Fehér kerek tálka,,Tálka
20260915_102050-004,Zöld kerámia tálka,,Tálka
20260915_102050-005,Mintás szögletes tálca,,Tálca
20260915_102050-006,Átlátszó téglalap alakú üveg sütőtál,,Sütőtál
20260915_102050-007,Barna ovális üveg sütőtál,,Sütőtál
20260915_102050-008,Fekete téglalap alakú sütőforma,,Sütőforma
20260915_102050-009,Szürke kerek sütőforma,,Sütőforma
20260915_102050-010,Rozsdamentes finomszűrő,,Konyhai szűrő
20260915_102050-011,Fa nyelű rozsdamentes szűrő,,Konyhai szűrő
20260915_102050-012,Fekete nyelű konyhai olló,,Konyhai olló
20260915_102050-013,Fém kézi habverő,,Habverő
20260915_102050-014,Rózsaszín műanyag mérőkanál-készlet,,Mérőkanál-készlet
20260915_102050-015,Sárga műanyag mérőkanál-készlet,,Mérőkanál-készlet
20260915_102050-016,Piros műanyag keverőtál,,Keverőtál
20260915_102050-017,Fa sodrófa,,Sodrófa
20260915_102056-001,Fehér kerek lapostányér,,Tányér
20260915_102056-002,Fehér kerek mélytányér,,Mélytányér
20260915_102056-003,Fehér kerek tálka,,Tálka
20260915_102056-004,Mintás szögletes tálca,,Tálca
20260915_102056-005,Átlátszó téglalap alakú üveg sütőtál,,Sütőtál
20260915_102056-006,Barna ovális üveg sütőtál,,Sütőtál
20260915_102056-007,Fekete téglalap alakú sütőforma,,Sütőforma
20260915_102056-008,Szürke kerek sütőforma,,Sütőforma
20260915_102056-009,Rozsdamentes konyhai szűrő,,Konyhai szűrő
20260915_102056-010,Fa nyelű rozsdamentes konyhai szűrő,,Konyhai szűrő
20260915_102056-011,Fém kézi habverő,,Habverő
20260915_102056-012,Fekete nyelű konyhai olló,,Konyhai olló
20260915_102056-013,Rózsaszín műanyag mérőkanál-készlet,,Mérőkanál-készlet
20260915_102056-014,Sárga műanyag mérőkanál-készlet,,Mérőkanál-készlet
20260915_102056-015,Piros nyelű lyukas konyhai kanál,,Konyhai kanál
20260915_102056-016,Fekete nyelű merőkanál,,Merőkanál
20260915_102056-017,Átlátszó üvegpalack csappal,,Italadagoló palack
20260915_102056-018,Átlátszó üvegkulacs,,Kulacs
20260915_102056-019,Átlátszó talpas pohár,,Pohár
20260915_102056-020,Fehér műanyag hulladékgyűjtő,,Hulladékgyűjtő
20260915_102059-001,Nagy rozsdamentes acél lapos reszelő,,Konyhai reszelő
20260915_102059-002,Kisebb rozsdamentes acél lapos reszelő,,Konyhai reszelő
20260915_102059-003,Fehér keretes kézi reszelő,,Konyhai reszelő
20260915_102059-004,Rozsdamentes acél habverő,,Habverő
20260915_102059-005,Színes szilikon habverő,,Habverő
20260915_102059-006,Fa fakanál,,Fakanál
20260915_102059-007,Fa lyukas fakanál,,Fakanál
20260915_102059-008,Fa spatula,,Konyhai spatula
20260915_102059-009,Fekete műanyag merőkanál,,Merőkanál
20260915_102059-010,Fekete műanyag szűrőkanál,,Szűrőkanál
20260915_102059-011,Fekete műanyag krumplinyomó,,Krumplinyomó
20260915_102059-012,Rozsdamentes acél merőkanál,,Merőkanál
20260915_102059-013,Rozsdamentes acél szűrőkanál,,Szűrőkanál
20260915_102059-014,Rozsdamentes acél krumplinyomó,,Krumplinyomó
20260915_102059-015,"Kék nyelű konyhai eszköz, pontos típus nem olvasható",,Konyhai eszköz
20260915_102059-016,"Piros nyelű konyhai eszköz, pontos típus nem olvasható",,Konyhai eszköz
20260915_102059-017,Fekete nyelű konyhai kés,,Konyhai kés
20260915_102059-018,Piros nyelű konyhai kés,,Konyhai kés
20260915_102059-019,Rozsdamentes acél kézi citrusfacsaró,,Citrusfacsaró
20260915_102059-020,Rozsdamentes acél teaszűrő,,Teaszűrő
20260915_102059-021,Kerek rozsdamentes acél fedő,,Edényfedő
20260915_102059-022,Színes műanyag vágódeszka,,Vágódeszka
20260915_102059-023,Mintás műanyag tálca,,Tálca
20260915_102059-024,Átlátszó műanyag pohár,,Pohár
20260915_102059-025,Fedeles műanyag tárolódoboz,,Élelmiszertároló doboz
20260915_102059-026,Fehér tányér,,Tányér
20260915_102059-027,Rozsdamentes acél keverőtál,,Keverőtál
20260915_102105-001,Piros-fehér pöttyös zománcozott bögre,,Bögre
20260915_102105-002,Piros zománcozott bögre,,Bögre
20260915_102105-003,Fehér zománcozott bögre,,Bögre
20260915_102105-004,Piros zománcozott nyeles kiöntőedény,,Kiöntőedény
20260915_102105-005,Piros-fehér pöttyös zománcozott nyeles kiöntőedény,,Kiöntőedény
20260915_102105-006,Piros zománcozott fazék,,Fazék
20260915_102105-007,Piros-fehér pöttyös zománcozott fazék,,Fazék
20260915_102105-008,Fekete zománcozott fazék,,Fazék
20260915_102105-009,Piros zománcozott lábas,,Lábas
20260915_102105-010,Fekete zománcozott lábas,,Lábas
20260915_102105-011,Rozsdamentes acél fazék,,Fazék
20260915_102105-012,Rozsdamentes acél bögre,,Bögre
20260915_102105-013,Rozsdamentes acél keverőtál,,Keverőtál
20260915_102105-014,Rozsdamentes acél ételhordó,,Ételhordó
20260915_102105-015,Tapadásmentes serpenyő,,Serpenyő
20260915_102105-016,Gránitmintás serpenyő,,Serpenyő
20260915_102105-017,Kerek sütőforma,,Sütőforma
20260915_102105-018,Rozsdamentes hasábburgonya-vágó,,Hasábburgonya-vágó
20260915_102105-019,Fehér kézi citrusprés,,Citrusprés
20260915_102105-020,"Fekete multifunkciós konyhai eszköz, részben takart",,Konyhai eszköz
20260915_102105-021,Fa vágódeszka,,Vágódeszka
20260915_102105-022,Mintás lábtörlő,,Lábtörlő
20260915_102110-001,Fehér műanyag páramentesítő készülék,,Páramentesítő
20260915_102110-002,"Dobozos páramentesítő tabletta, két darabos",,Páramentesítő utántöltő
20260915_102110-003,"Tasakos páramentesítő, pontos típus nem olvasható",,Páramentesítő
20260915_102110-004,ErDal piros-fehér cipőápoló flakon,,Cipőápoló
20260915_102110-005,ErDal fekete cipőápoló flakon,,Cipőápoló
20260915_102110-006,ErDal bézs cipőápoló flakon,,Cipőápoló
20260915_102110-007,Fekete cipőkrém tégely,,Cipőkrém
20260915_102110-008,Piros cipőkrém tégely,,Cipőkrém
20260915_102110-009,Hosszú nyelű cipőkanál,,Cipőkanál
20260915_102110-010,Fa nyelű cipőkefe,,Cipőkefe
20260915_102110-011,Műanyag nyelű cipőkefe,,Cipőkefe
20260915_102110-012,Kék nyelű mosogatókefe,,Mosogatókefe
20260915_102110-013,Szürke nyelű mosogatókefe,,Mosogatókefe
20260915_102110-014,Kerek fekete tisztítókefe,,Tisztítókefe
20260915_102110-015,Hansaplast Aqua Protect sebtapasz,,Sebtapasz
20260915_102110-016,Hansaplast Universal sebtapasz,,Sebtapasz
20260915_102110-017,Fekete ruhakefe,,Ruhakefe
20260915_102110-018,Kék ruhakefe,,Ruhakefe
20260915_102110-019,Fa nyelű súrolókefe,,Súrolókefe
20260915_102110-020,Nagy fa nyelű kefe,,Tisztítókefe
20260915_102110-021,Zöld mikroszálas portörlő,,Portörlő
20260915_102110-022,Színes mikroszálas törlőkendő,,Törlőkendő
20260915_102110-023,Fekete gumiszőnyeg,,Lábtörlő
20260915_102110-024,Szürke lábtörlő,,Lábtörlő
20260915_102114-001,Fehér műanyag páramentesítő készülék,,Páramentesítő
20260915_102114-002,"Dobozos páramentesítő tabletta, két darabos",,Páramentesítő utántöltő
20260915_102114-003,"Tasakos páramentesítő, pontos típus nem olvasható",,Páramentesítő
20260915_102114-004,ErDal piros-fehér cipőápoló flakon,,Cipőápoló
20260915_102114-005,ErDal fekete cipőápoló flakon,,Cipőápoló
20260915_102114-006,ErDal bézs cipőápoló flakon,,Cipőápoló
20260915_102114-007,Piros cipőkrém tégely,,Cipőkrém
20260915_102114-008,Fekete cipőkrém tégely,,Cipőkrém
20260915_102114-009,Hansaplast Aqua Protect sebtapasz,,Sebtapasz
20260915_102114-010,Hansaplast Universal sebtapasz,,Sebtapasz
20260915_102114-011,Kék nyelű mosogatókefe,,Mosogatókefe
20260915_102114-012,Szürke nyelű mosogatókefe,,Mosogatókefe
20260915_102114-013,Fa nyelű cipőkefe,,Cipőkefe
20260915_102114-014,Műanyag nyelű cipőkefe,,Cipőkefe
20260915_102114-015,Hosszú nyelű cipőkanál,,Cipőkanál
20260915_102114-016,Fa nyelű súrolókefe,,Súrolókefe
20260915_102114-017,Nagy fa nyelű kefe,,Tisztítókefe
20260915_102114-018,Fekete ruhakefe,,Ruhakefe
20260915_102114-019,Kék ruhakefe,,Ruhakefe
20260915_102114-020,Zöld mikroszálas portörlő,,Portörlő
20260915_102114-021,Színes mikroszálas törlőkendő,,Törlőkendő
20260915_102114-022,Fekete gumiszőnyeg,,Lábtörlő
20260915_102114-023,Szürke lábtörlő,,Lábtörlő
20260915_102118-001,Kisebb piros-fehér pöttyös zománcozott bögre,,Bögre
20260915_102118-002,Nagyobb piros-fehér pöttyös zománcozott bögre,,Bögre
20260915_102118-003,Fehér zománcozott bögre,,Bögre
20260915_102118-004,Piros zománcozott bögre,,Bögre
20260915_102118-005,Kisebb piros zománcozott nyeles kiöntőedény,,Kiöntőedény
20260915_102118-006,Nagyobb piros zománcozott nyeles kiöntőedény,,Kiöntőedény
20260915_102118-007,Piros-fehér pöttyös zománcozott nyeles kiöntőedény,,Kiöntőedény
20260915_102118-008,Kisebb piros zománcozott fazék,,Fazék
20260915_102118-009,Nagyobb piros zománcozott fazék,,Fazék
20260915_102118-010,Kisebb fekete zománcozott fazék,,Fazék
20260915_102118-011,Nagyobb fekete zománcozott fazék,,Fazék
20260915_102118-012,Piros zománcozott lábas,,Lábas
20260915_102118-013,Fekete zománcozott lábas,,Lábas
20260915_102118-014,Kisebb rozsdamentes acél fazék,,Fazék
20260915_102118-015,Nagyobb rozsdamentes acél fazék,,Fazék
20260915_102118-016,Kisebb rozsdamentes acél bögre,,Bögre
20260915_102118-017,Nagyobb rozsdamentes acél bögre,,Bögre
20260915_102118-018,Rozsdamentes acél keverőtál,,Keverőtál
20260915_102118-019,Rozsdamentes acél ételhordó,,Ételhordó
20260915_102118-020,Gránitmintás serpenyő,,Serpenyő
20260915_102118-021,Fekete tapadásmentes serpenyő,,Serpenyő
20260915_102118-022,Kerek sütőforma,,Sütőforma
20260915_102118-023,Rozsdamentes hasábburgonya-vágó,,Hasábburgonya-vágó
20260915_102118-024,Fehér kézi citrusprés,,Citrusprés
20260915_102118-025,Fa vágódeszka,,Vágódeszka
20260915_102118-026,Mintás lábtörlő,,Lábtörlő
20260915_102134-001,VitaFlóra Orchidea tápoldat,,Tápoldat
20260915_102134-002,VitaFlóra Muskátli tápoldat,,Tápoldat
20260915_102134-003,VitaFlóra Leander tápoldat,,Tápoldat
20260915_102134-004,VitaFlóra Citrus tápoldat,,Tápoldat
20260915_102134-005,VitaFlóra Kaktusz tápoldat,,Tápoldat
20260915_102134-006,VitaFlóra Virágzó növény tápoldat,,Tápoldat
20260915_102134-007,VitaFlóra Zöld növény tápoldat,,Tápoldat
20260915_102134-008,VitaFlóra Szobanövény tápoldat,,Tápoldat
20260915_102134-009,VitaFlóra Univerzális tápoldat,,Tápoldat
20260915_102134-010,"VitaFlóra kisebb, fehér flakonos növénytáp, pontos típus nem olvasható",,Növénytáp
20260915_102134-011,"Zöld flakonos növénytáp piros kupakkal, pontos típus nem olvasható",,Növénytáp
20260915_102134-012,"Barna flakonos növénytáp piros kupakkal, pontos típus nem olvasható",,Növénytáp
20260915_102134-013,"Zöld flakonos, kézi szórófejes növényápoló szer, pontos típus nem olvasható",,Növényápoló szer
20260915_102134-014,"Fehér flakonos, kézi szórófejes növényápoló szer, pontos típus nem olvasható",,Növényápoló szer
20260915_102134-015,"Kék-fehér dobozos növényápoló szer, pontos típus nem olvasható",,Növényápoló szer
20260915_102134-016,"Zöld-fehér dobozos növényápoló szer, pontos típus nem olvasható",,Növényápoló szer
20260915_102134-017,"Piros-fekete dobozos növényápoló szer, pontos típus nem olvasható",,Növényápoló szer
20260915_102134-018,"Ragasztós rovarfogó lap, sárga",,Rovarcsapda
20260915_102134-019,Fehér műanyag kézi permetező,,Kézi permetező
20260915_102134-020,Fekete-piros kézi lámpa,,Kézi lámpa
20260915_102134-021,EMOS dobozos LED-fényforrás,,LED-fényforrás
20260915_102134-022,"Duracell elemek, részben takart",,Elem
20260915_102134-023,"GP gombelemek, több jelöléssel, részben takart",,Gombelem
20260915_102134-024,Kerti gyerek nagyító zöld csomagolásban,,Nagyító
20260915_102134-025,Kerti gyerek iránytű zöld csomagolásban,,Iránytű
20260915_102134-026,Háromdarabos karabinerkészlet zöld csomagolásban,,Karabinerkészlet
20260915_102136-001,"EMOS LED BULB fényfüzér, 90 lm, 10 m",,LED-fényfüzér
20260915_102136-002,EMOS hordozható LED-lámpa,,LED-lámpa
20260915_102136-003,Duracell Optimum AA elem,,AA elem
20260915_102136-004,Duracell Optimum AAA elem,,AAA elem
20260915_102136-005,"Duracell Plus D elem, 2 darabos",,D elem
20260915_102136-006,"Duracell Plus C elem, 2 darabos",,C elem
20260915_102136-007,Duracell 9 V elem,,9 V-os elem
20260915_102136-008,VARTA Longlife Max Power AA elem,,AA elem
20260915_102136-009,VARTA Recharge Accu Power AAA akkumulátor,,AAA akkumulátor
20260915_102136-010,GP Ultra Plus AAA elem,,AAA elem
20260915_102136-011,GP CR2032 lítium gombelem,,Gombelem
20260915_102136-012,GP CR2025 lítium gombelem,,Gombelem
20260915_102136-013,GP CR2016 lítium gombelem,,Gombelem
20260915_102136-014,"GP gombelem, további méret, jelölése részben takart",,Gombelem
20260915_102136-015,technik Flashlight P9 kézi lámpa,,Kézi lámpa
20260915_102136-016,"28 SUPER LED mágneses, akasztható munkalámpa",,Munkalámpa
20260915_102136-017,Kids in the Garden KOMPAS zöld iránytű,,Iránytű
20260915_102136-018,Kids in the Garden MAGNIFYING GLASS zöld nagyító,,Nagyító
20260915_102136-019,Kids in the Garden SET OF 3 CARABINERS karabinerkészlet,,Karabinerkészlet
20260915_102136-020,"Kids in the Garden zsákos kerti gyermektermék, pontos típus nem olvasható",,Kerti gyermekeszköz
20260915_102136-021,Kids in the Garden növényjelölő tábla,,Növényjelölő
20260915_102136-022,"Zöld-piros összecsukható lámpa, pontos márka nem olvasható",,Kempinglámpa
20260915_102136-023,Loctite pillanatragasztó piros-fehér tubusban,,Pillanatragasztó
20260915_102136-024,"Celfix kék csomagolású aprócikk, pontos típus nem olvasható",,Szerelési aprócikk
20260915_102136-025,"Fehér elektromos csatlakozó, több méret, részben takart",,Elektromos csatlakozó
20260915_102136-026,"Kék elektromos csatlakozó, több méret, részben takart",,Elektromos csatlakozó
20260915_102136-027,Hortenzia feliratú dobozos növénytáp,,Növénytáp
20260915_102136-028,Rózsa feliratú dobozos növénytáp,,Növénytáp
20260915_102136-029,Gyeptrágya feliratú dobozos növénytáp,,Gyeptrágya
20260915_102136-030,Mohás gyep feliratú dobozos gyepápoló szer,,Gyepápoló szer
20260915_102136-031,Sárga nyelű olló,,Olló
20260915_102136-032,Fekete-narancssárga összecsukható kézi szerszám,,Kézi szerszám
20260915_102136-033,"Zöld-fekete kézi mérőszalag, pontos típus nem olvasható",,Mérőszalag
20260915_102136-034,BC batteries AAA R03 elem,,AAA elem
20260915_102136-035,Sárga-zöld csíkos virág alakú szélforgó,,Szélforgó
20260915_102136-036,Narancssárga-sárga virág alakú szélforgó,,Szélforgó
20260915_102136-037,Barna papír növényi hulladékgyűjtő zsák,,Kerti hulladékgyűjtő zsák
20260915_102217-001,Fekete-rózsaszín virágmintás Muskátli virágföldje zsák,,Virágföld
20260915_102217-002,"Szürke-fekete, virágmintás Muskátli virágföldje zsák",,Virágföld
20260915_102217-003,"Barna-fekete, virágmintás Muskátli virágföldje zsák",,Virágföld
20260915_102217-004,Zöld-fehér Muskátli virágföldje zsák,,Virágföld
20260915_102224-001,"FLORIMO sárga zsákos virágföld, pontos típus nem olvasható",,Virágföld
20260915_102224-002,"FLORIMO barna-fehér zsákos virágföld, pontos típus nem olvasható",,Virágföld
20260915_102224-003,"FLORIMO zöld-fehér zsákos virágföld, pontos típus nem olvasható",,Virágföld
20260915_102224-004,GUARDEN rhododendron feliratú virágföld,,Rhododendron virágföld
20260915_102224-005,"Barna zsákos szerves trágya, pontos típus nem olvasható",,Szerves trágya
20260915_102224-006,"Fehér zsákos kertészeti termék, részben takart, azonosítás bizonytalan",,Kertészeti termék
20260915_102227-001,"Szarvasmarhatrágya feliratú, szarvasmarhás zsák",,Szarvasmarhatrágya
20260915_102227-002,GUARDEN rhododendron feliratú virágföld,,Rhododendron virágföld
20260915_102227-003,"Fehér zsákos kertészeti termék, részben takart, pontos típus nem olvasható",,Kertészeti termék
20260915_102230-001,"Bige őszi gyeptrágya, 5 kg",,Gyeptrágya
20260915_102230-002,STALLATICO pelletált szerves marhatrágya vödörben,,Szerves marhatrágya
20260915_102230-003,"Fehér zsákos granulátumos trágya, pontos típus nem olvasható",,Granulátumos trágya
20260915_102230-004,"Zsákos szarvasmarhatrágya, részben takart",,Szarvasmarhatrágya
20260915_102232-001,"Átlátszó, magas növényvédő búra",,Növényvédő búra
20260915_102232-002,"Piros, hosszabb téglalap alakú balkonláda rácsos peremmel",,Balkonláda
20260915_102232-003,"Piros, rövidebb téglalap alakú balkonláda rácsos peremmel",,Balkonláda
20260915_102232-004,"Kisebb kézi nyomáspermetező, áttetsző tartállyal",,Nyomáspermetező
20260915_102232-005,"Nagyobb kézi nyomáspermetező, áttetsző tartállyal",,Nyomáspermetező
20260915_102232-006,"Fekete, sekély kerek műanyag alátét, kisebb",,Virágcserép-alátét
20260915_102232-007,"Fekete, sekély kerek műanyag alátét, nagyobb",,Virágcserép-alátét
20260915_102232-008,"Fekete, mélyebb kerek műanyag termesztőedény",,Termesztőedény
20260915_102232-009,"Fehér zsákos kertészeti termék, pontos típus nem olvasható",,Zsákos kertészeti termék
20260915_102232-010,Speciális gyepműtrágya vödörben,,Gyepműtrágya
20260915_102232-011,"STALLATICO pelletált szerves marhatrágya vödörben, részben takart",,Szerves marhatrágya
20260915_102232-012,"FLORIMO 50 l zsákos virágföld, zöld címkeváltozat, pontos típus nem olvasható",,Virágföld
20260915_102232-013,"FLORIMO 50 l zsákos virágföld, lila címkeváltozat, pontos típus nem olvasható",,Virágföld
20260915_102236-001,Laza szalma fekete zsákban,,Szalma
20260915_102236-002,"FLORIMO 20 l zsákos virágföld, pontos típus nem olvasható",,Virágföld
20260915_102236-003,"FLORIMO 50 l zsákos virágföld, pontos típus nem olvasható",,Virágföld
20260915_102241-001,"Fekete, keskeny tekercses műanyag gyepszegély",,Gyepszegély
20260915_102241-002,"Zöld, keskeny tekercses műanyag gyepszegély",,Gyepszegély
20260915_102241-003,"Zöld, közepes szélességű tekercses műanyag gyepszegély",,Gyepszegély
20260915_102241-004,"Zöld, széles tekercses műanyag gyepszegély",,Gyepszegély
20260915_102241-005,Zöld tekercses műanyag gyepszegély fa mintás címkével,,Gyepszegély
20260915_102241-006,Zöld tekercses műanyag gyepszegély kék fa mintás címkével,,Gyepszegély
20260915_102241-007,"Mr Flexx fekete tekercses gyepszegély, 6 m",,Gyepszegély
20260915_102241-008,"FLORIMO 25 l zsákos virágföld barna földképes címkével, pontos típus nem olvasható",,Virágföld
20260915_102241-009,"FLORIMO 25 l zsákos virágföld rózsaszín virágos címkével, pontos típus nem olvasható",,Virágföld
20260915_102241-010,"FLORIMO 20 l zsákos virágföld zöld-sárga csomagolásban, pontos típus nem olvasható",,Virágföld
20260915_102241-011,"FLORIMO 20 l zsákos virágföld ciklámenképes kék csomagolásban, pontos típus nem olvasható",,Virágföld
20260915_102241-012,"FLORIMO 40 l zsákos virágföld világoskék csomagolásban, pontos típus nem olvasható",,Virágföld
20260915_102241-013,Kék nyelű kézi kerti lapát,,Kerti lapát
20260915_102241-014,"Barna műanyag kerti csatlakozóelem, pontos típus nem olvasható",,Kerti csatlakozóelem
20260915_102241-015,"Szürke-fehér műanyag kerti csatlakozóelem, pontos típus nem olvasható",,Kerti csatlakozóelem
20260915_102241-016,"Fa madárodú, részben látható",,Madárodú
20260915_102244-001,"Natúr fa madáretető, nyitott előlappal és lapos ferde tetővel",,Madáretető
20260915_102244-002,Natúr fa madárodú kerek röpnyílással,,Madárodú
20260915_102244-003,Keskeny fa madáretető fekete ferde tetővel,,Madáretető
20260915_102244-004,Függeszthető fa madáretető fekete nyeregtetővel,,Madáretető
20260915_102244-005,Talpas fa madáretető fekete nyeregtetővel,,Madáretető
20260915_102244-006,Spirál alakú fém madáreleség-tartó,,Madáreleség-tartó
20260915_102244-007,Gömbölyű dróthálós madáreleség-tartó,,Madáreleség-tartó
20260915_102244-008,"Sárga zsákos virágföld piros virágképpel, pontos típus nem olvasható",,Virágföld
20260915_102244-009,"Kék zsákos virágföld rózsaképpel, pontos típus nem olvasható",,Virágföld
20260915_102244-010,"Zöld zsákos virágföld rózsaszín virágképpel, pontos típus nem olvasható",,Virágföld
20260915_102244-011,"Zöld-fehér zsákos kertészeti földtermék, pontos típus nem olvasható",,Kertészeti földtermék
20260915_102244-012,"Barna-sárga zsákos virágföld, pontos típus nem olvasható",,Virágföld
20260915_102244-013,"Világoskék zsákos virágföld, 20 l, pontos típus nem olvasható",,Virágföld
20260915_102244-014,"Világoskék zsákos virágföld, 40 l, pontos típus nem olvasható",,Virágföld
20260915_102244-015,"Rózsaszín zsákos virágföld gyümölcsképpel, pontos típus nem olvasható",,Virágföld
20260915_102244-016,"FLORIMO általános virágföld, 10 l",,Általános virágföld
20260915_102244-017,"FLORIMO világoskék zsákos virágföld, pontos típus nem olvasható",,Virágföld
20260915_102244-018,Kisebb fekete műanyag dézsa,,Műanyag dézsa
20260915_102244-019,Közepes fekete műanyag dézsa,,Műanyag dézsa
20260915_102244-020,Nagyobb fekete műanyag dézsa,,Műanyag dézsa
20260915_102244-021,Nagy zöld műanyag dézsa,,Műanyag dézsa
20260915_102244-022,"Kék műanyag dézsa, részben takart",,Műanyag dézsa
20260915_102244-023,"Magas fehér műanyag tartály, részben takart",,Műanyag tartály
