unique_id,termék neve,termék típusa,leírás,setaljbe_egyezes,forrás
20260915_101514-017,Kotyogós kávéfőző tömítés- és szűrőkészlet,Kávéfőző-alkatrész,,2 Személyes Kotyogós Kávéfőző,https://setaljbe.hu/termek/gazdabolt/2-szemelyes-kotyogos-kavefozo
20260915_101442-004,Aranyfény szúnyogriasztó olaj,Lámpaolaj,,Aranyfény szúnyog riasztó lámpaolaj,https://setaljbe.hu/termek/gazdabolt/aranyfeny-szunyog-riaszto-lampaolaj
20260915_101608-028,"Dobozos asztali ventilátor, részben látható",Ventilátor,,Asztali ventillátor,https://setaljbe.hu/termek/gazdabolt/asztali-ventillator
20260915_101609-013,"Fehér asztali ventilátor, dobozban",Ventilátor,,Asztali ventillátor,https://setaljbe.hu/termek/gazdabolt/asztali-ventillator
20260915_101609-014,"Fekete asztali ventilátor, dobozban",Ventilátor,,Asztali ventillátor,https://setaljbe.hu/termek/gazdabolt/asztali-ventillator
20260915_101612-007,Home fehér asztali ventilátor,Ventilátor,,Asztali ventillátor,https://setaljbe.hu/termek/gazdabolt/asztali-ventillator
20260915_101709-014,"Benman betonfúró, 10 mm",Betonfúró,,Betonfúró,https://setaljbe.hu/termek/gazdabolt/betonfuro
20260915_101709-011,"Benman betonfúró, 6 mm",Betonfúró,,Betonfúró,https://setaljbe.hu/termek/gazdabolt/betonfuro
20260915_101709-013,"Benman betonfúró, 8 mm, hosszabb kivitel",Betonfúró,,Betonfúró,https://setaljbe.hu/termek/gazdabolt/betonfuro
20260915_101709-012,"Benman betonfúró, 8 mm, rövidebb kivitel",Betonfúró,,Betonfúró,https://setaljbe.hu/termek/gazdabolt/betonfuro
20260915_101709-017,"Benman hosszú betonfúró, jobb oldalon, mérete nem olvasható",Betonfúró,,Betonfúró,https://setaljbe.hu/termek/gazdabolt/betonfuro
20260915_101711-002,"FFG hosszabb betonfúró, pontos méret nem olvasható",Betonfúró,,Betonfúró,https://setaljbe.hu/termek/gazdabolt/betonfuro
20260915_101711-001,"FFG rövidebb betonfúró, pontos méret nem olvasható",Betonfúró,,Betonfúró,https://setaljbe.hu/termek/gazdabolt/betonfuro
20260915_101711-005,"GRAPHITE hosszú betonfúró, pontos méret nem olvasható",Betonfúró,,Betonfúró,https://setaljbe.hu/termek/gazdabolt/betonfuro
20260915_101711-004,"GRAPHITE vastagabb betonfúró, pontos méret nem olvasható",Betonfúró,,Betonfúró,https://setaljbe.hu/termek/gazdabolt/betonfuro
20260915_101711-003,"GRAPHITE vékonyabb betonfúró, pontos méret nem olvasható",Betonfúró,,Betonfúró,https://setaljbe.hu/termek/gazdabolt/betonfuro
20260915_101709-016,"Graphite betonfúró, hosszabb kivitel",Betonfúró,,Betonfúró,https://setaljbe.hu/termek/gazdabolt/betonfuro
20260915_101709-015,"Graphite betonfúró, rövidebb kivitel",Betonfúró,,Betonfúró,https://setaljbe.hu/termek/gazdabolt/betonfuro
20260915_101709-018,"Graphite hosszú betonfúró, nagy átmérőjű kivitel",Betonfúró,,Betonfúró,https://setaljbe.hu/termek/gazdabolt/betonfuro
20260915_101716-034,"Hosszú betonfúró, részben takart, mérete nem olvasható",Betonfúró,,Betonfúró,https://setaljbe.hu/termek/gazdabolt/betonfuro
20260915_101703-012,"Fém bilincs vagy rögzítőpánt, csomagolva",Rögzítőelem,,Bilincsek,https://setaljbe.hu/termek/gazdabolt/bilincsek
20260915_101747-036,Fém kábelbilincs csomagban,Kábelbilincs,,Bilincsek,https://setaljbe.hu/termek/gazdabolt/bilincsek
20260915_101608-017,"Horganyzott csőbilincs, piros szorítókarral",Csőbilincs,,Bilincsek,https://setaljbe.hu/termek/gazdabolt/bilincsek
20260915_101608-018,"Horganyzott csőbilincs, szorítócsavarral",Csőbilincs,,Bilincsek,https://setaljbe.hu/termek/gazdabolt/bilincsek
20260915_101614-068,Szöges kábelrögzítő bilincs,Kábelrögzítő,"Kábelek falon, fa felületen vagy szegély mellett történő rögzítésére szolgáló apró bilincs. Segít rendezetten vezetni a vezetéket.",Bilincsek,https://setaljbe.hu/termek/gazdabolt/bilincsek
20260915_102015-016,"Fém kötélbilincs, több méretben",Kötélbilincs,,"Bilincsek; Karabínerek, bilincsek",https://setaljbe.hu/termek/gazdabolt/bilincsek; https://setaljbe.hu/termek/gazdabolt/karabinerek-bilincsek
20260915_102009-010,"Horganyzott kötélbilincs, több méretben",Kötélbilincs,,"Bilincsek; Karabínerek, bilincsek",https://setaljbe.hu/termek/gazdabolt/bilincsek; https://setaljbe.hu/termek/gazdabolt/karabinerek-bilincsek
20260915_102000-009,"Horganyzott alátét, több méretben",Alátét,,Csavar alátét,https://setaljbe.hu/termek/gazdabolt/csavar-alatet
20260915_101747-028,"Csavarhúzókészlet, részben takart",Csavarhúzókészlet,,Csavarhúzó,https://setaljbe.hu/termek/gazdabolt/csavarhuzo
20260915_101720-001,FF GROUP dobozos csavarhúzókészlet,Csavarhúzókészlet,,Csavarhúzó,https://setaljbe.hu/termek/gazdabolt/csavarhuzo
20260915_101714-010,"FF GROUP hosszabb sárga-fekete csavarhúzó, fejprofilja nem olvasható",Csavarhúzó,,Csavarhúzó,https://setaljbe.hu/termek/gazdabolt/csavarhuzo
20260915_101714-009,"FF GROUP rövidebb sárga-fekete csavarhúzó, fejprofilja nem olvasható",Csavarhúzó,,Csavarhúzó,https://setaljbe.hu/termek/gazdabolt/csavarhuzo
20260915_101720-028,"Hosszabb piros-fekete csavarhúzó, fejprofilja nem olvasható",Csavarhúzó,,Csavarhúzó,https://setaljbe.hu/termek/gazdabolt/csavarhuzo
20260915_101747-029,Piros-fekete csavarhúzó,Csavarhúzó,,Csavarhúzó,https://setaljbe.hu/termek/gazdabolt/csavarhuzo
20260915_101716-026,"Piros-fekete csavarhúzó, fejprofilja nem olvasható",Csavarhúzó,,Csavarhúzó,https://setaljbe.hu/termek/gazdabolt/csavarhuzo
20260915_101718-031,"Piros-fekete nyelű csavarhúzó, részben takart",Csavarhúzó,,Csavarhúzó,https://setaljbe.hu/termek/gazdabolt/csavarhuzo
20260915_101714-014,"Piros-fekete nyelű hosszabb csavarhúzó, fejprofilja nem olvasható",Csavarhúzó,,Csavarhúzó,https://setaljbe.hu/termek/gazdabolt/csavarhuzo
20260915_101714-013,"Piros-fekete nyelű rövidebb csavarhúzó, fejprofilja nem olvasható",Csavarhúzó,,Csavarhúzó,https://setaljbe.hu/termek/gazdabolt/csavarhuzo
20260915_101714-012,Rövid sárga-fekete marokcsavarhúzó,Csavarhúzó,,Csavarhúzó,https://setaljbe.hu/termek/gazdabolt/csavarhuzo
20260915_101720-027,"Rövidebb piros-fekete csavarhúzó, fejprofilja nem olvasható",Csavarhúzó,,Csavarhúzó,https://setaljbe.hu/termek/gazdabolt/csavarhuzo
20260915_101714-011,"STANLEY hosszú sárga-fekete csavarhúzó, fejprofilja nem olvasható",Csavarhúzó,,Csavarhúzó,https://setaljbe.hu/termek/gazdabolt/csavarhuzo
20260915_101747-030,Sárga-fekete csavarhúzó,Csavarhúzó,,Csavarhúzó,https://setaljbe.hu/termek/gazdabolt/csavarhuzo
20260915_101656-039,"Sárga-fekete csavarhúzó, bal szélen",Csavarhúzó,,Csavarhúzó,https://setaljbe.hu/termek/gazdabolt/csavarhuzo
20260915_101716-025,"Sárga-fekete hosszabb csavarhúzó, fejprofilja nem olvasható",Csavarhúzó,,Csavarhúzó,https://setaljbe.hu/termek/gazdabolt/csavarhuzo
20260915_101720-026,Sárga-fekete marokcsavarhúzó,Csavarhúzó,,Csavarhúzó,https://setaljbe.hu/termek/gazdabolt/csavarhuzo
20260915_101716-024,"Sárga-fekete rövidebb csavarhúzó, fejprofilja nem olvasható",Csavarhúzó,,Csavarhúzó,https://setaljbe.hu/termek/gazdabolt/csavarhuzo
20260915_101716-014,TOP TOOLS precíziós csavarhúzókészlet,Csavarhúzókészlet,,Csavarhúzó,https://setaljbe.hu/termek/gazdabolt/csavarhuzo
20260915_101756-012,"Csavarok csomagban, pontos típus nem olvasható",Csavar,,Csavarok,https://setaljbe.hu/termek/gazdabolt/csavarok
20260915_102000-011,"Fekete gépcsavar, több méretben",Gépcsavar,,Csavarok,https://setaljbe.hu/termek/gazdabolt/csavarok
20260915_102009-013,Fém feszítőcsavar,Feszítőcsavar,,Csavarok,https://setaljbe.hu/termek/gazdabolt/csavarok
20260915_102000-010,"Horganyzott facsavar, több méretben",Facsavar,,Csavarok,https://setaljbe.hu/termek/gazdabolt/csavarok
20260915_102021-020,Horganyzott hatlapfejű csavar 10 × 50,Hatlapfejű csavar,,Csavarok,https://setaljbe.hu/termek/gazdabolt/csavarok
20260915_102021-016,Horganyzott hatlapfejű csavar 10 × 60,Hatlapfejű csavar,,Csavarok,https://setaljbe.hu/termek/gazdabolt/csavarok
20260915_102021-011,Horganyzott hatlapfejű csavar 10 × 70,Hatlapfejű csavar,,Csavarok,https://setaljbe.hu/termek/gazdabolt/csavarok
20260915_102021-006,Horganyzott hatlapfejű csavar 10 × 90,Hatlapfejű csavar,,Csavarok,https://setaljbe.hu/termek/gazdabolt/csavarok
20260915_102021-005,Horganyzott hatlapfejű csavar 12 × 100,Hatlapfejű csavar,,Csavarok,https://setaljbe.hu/termek/gazdabolt/csavarok
20260915_102021-015,Horganyzott hatlapfejű csavar 12 × 60,Hatlapfejű csavar,,Csavarok,https://setaljbe.hu/termek/gazdabolt/csavarok
20260915_102021-010,Horganyzott hatlapfejű csavar 12 × 80,Hatlapfejű csavar,,Csavarok,https://setaljbe.hu/termek/gazdabolt/csavarok
20260915_102021-009,Horganyzott hatlapfejű csavar 6 × 30,Hatlapfejű csavar,,Csavarok,https://setaljbe.hu/termek/gazdabolt/csavarok
20260915_102021-023,Horganyzott hatlapfejű csavar 6 × 35,Hatlapfejű csavar,,Csavarok,https://setaljbe.hu/termek/gazdabolt/csavarok
20260915_102021-022,Horganyzott hatlapfejű csavar 6 × 40,Hatlapfejű csavar,,Csavarok,https://setaljbe.hu/termek/gazdabolt/csavarok
20260915_102021-019,Horganyzott hatlapfejű csavar 6 × 45,Hatlapfejű csavar,,Csavarok,https://setaljbe.hu/termek/gazdabolt/csavarok
20260915_102021-018,Horganyzott hatlapfejű csavar 6 × 50,Hatlapfejű csavar,,Csavarok,https://setaljbe.hu/termek/gazdabolt/csavarok
20260915_102021-013,Horganyzott hatlapfejű csavar 6 × 60,Hatlapfejű csavar,,Csavarok,https://setaljbe.hu/termek/gazdabolt/csavarok
20260915_102021-014,Horganyzott hatlapfejű csavar 6 × 70,Hatlapfejű csavar,,Csavarok,https://setaljbe.hu/termek/gazdabolt/csavarok
20260915_102021-012,Horganyzott hatlapfejű csavar 8 × 100,Hatlapfejű csavar,,Csavarok,https://setaljbe.hu/termek/gazdabolt/csavarok
20260915_102021-007,Horganyzott hatlapfejű csavar 8 × 120,Hatlapfejű csavar,,Csavarok,https://setaljbe.hu/termek/gazdabolt/csavarok
20260915_102021-024,Horganyzott hatlapfejű csavar 8 × 60,Hatlapfejű csavar,,Csavarok,https://setaljbe.hu/termek/gazdabolt/csavarok
20260915_102021-008,Horganyzott hatlapfejű csavar 8 × 70,Hatlapfejű csavar,,Csavarok,https://setaljbe.hu/termek/gazdabolt/csavarok
20260915_102021-021,Horganyzott hatlapfejű csavar 8 × 80,Hatlapfejű csavar,,Csavarok,https://setaljbe.hu/termek/gazdabolt/csavarok
20260915_102021-017,Horganyzott hatlapfejű csavar 8 × 90,Hatlapfejű csavar,,Csavarok,https://setaljbe.hu/termek/gazdabolt/csavarok
20260915_102000-007,"Horganyzott hatlapfejű csavar, több méretben",Hatlapfejű csavar,,Csavarok,https://setaljbe.hu/termek/gazdabolt/csavarok
20260915_102005-008,Horganyzott kampós csavar,Kampós csavar,,Csavarok,https://setaljbe.hu/termek/gazdabolt/csavarok
20260915_102005-002,"Horganyzott kapupántcsavar, több méretben",Kapupántcsavar,,Csavarok,https://setaljbe.hu/termek/gazdabolt/csavarok
20260915_102005-007,Horganyzott szemescsavar,Szemescsavar,,Csavarok,https://setaljbe.hu/termek/gazdabolt/csavarok
20260915_101718-004,BENMAN BASIC CUT dekopírfűrészlap-készlet,Dekopírfűrészlap-készlet,,Dekopír fűrészlap készlet,https://setaljbe.hu/termek/gazdabolt/dekopir-fureszlap-keszlet
20260915_101716-017,C2730 jelölésű dekopírfűrészlap-készlet,Dekopírfűrészlap-készlet,,Dekopír fűrészlap készlet,https://setaljbe.hu/termek/gazdabolt/dekopir-fureszlap-keszlet
20260915_101718-006,RAIDER dekopírfűrészlap-készlet,Dekopírfűrészlap-készlet,,Dekopír fűrészlap készlet,https://setaljbe.hu/termek/gazdabolt/dekopir-fureszlap-keszlet
20260915_101716-018,RANGER dekopírfűrészlap-készlet,Dekopírfűrészlap-készlet,,Dekopír fűrészlap készlet,https://setaljbe.hu/termek/gazdabolt/dekopir-fureszlap-keszlet
20260915_101716-016,"Zöld jelölésű dekopírfűrészlap-készlet, márkája nem olvasható",Dekopírfűrészlap-készlet,,Dekopír fűrészlap készlet,https://setaljbe.hu/termek/gazdabolt/dekopir-fureszlap-keszlet
20260915_101528-017,"Ecsetkészlet, csomagolva",Festőecsetkészlet,,Ecset,https://setaljbe.hu/termek/gazdabolt/ecset
20260915_101528-004,Fa nyelű keskeny laposecset,Festőecset,,Ecset,https://setaljbe.hu/termek/gazdabolt/ecset
20260915_101528-007,Fa nyelű kék sörtéjű laposecset,Festőecset,,Ecset,https://setaljbe.hu/termek/gazdabolt/ecset
20260915_101528-005,Fa nyelű közepes laposecset,Festőecset,,Ecset,https://setaljbe.hu/termek/gazdabolt/ecset
20260915_101528-006,Fa nyelű széles laposecset,Festőecset,,Ecset,https://setaljbe.hu/termek/gazdabolt/ecset
20260915_101758-021,Festőecset fa nyéllel,Festőecset,,Ecset,https://setaljbe.hu/termek/gazdabolt/ecset
20260915_101528-008,Kék nyelű keskeny laposecset,Festőecset,,Ecset,https://setaljbe.hu/termek/gazdabolt/ecset
20260915_101528-009,Kék nyelű közepes laposecset,Festőecset,,Ecset,https://setaljbe.hu/termek/gazdabolt/ecset
20260915_101528-010,Kék nyelű széles laposecset,Festőecset,,Ecset,https://setaljbe.hu/termek/gazdabolt/ecset
20260915_101528-014,Lakkozott fa nyelű keskeny laposecset,Festőecset,,Ecset,https://setaljbe.hu/termek/gazdabolt/ecset
20260915_101528-015,Lakkozott fa nyelű közepes laposecset,Festőecset,,Ecset,https://setaljbe.hu/termek/gazdabolt/ecset
20260915_101528-016,Lakkozott fa nyelű széles laposecset,Festőecset,,Ecset,https://setaljbe.hu/termek/gazdabolt/ecset
20260915_101528-011,Sárga nyelű keskeny laposecset,Festőecset,,Ecset,https://setaljbe.hu/termek/gazdabolt/ecset
20260915_101528-012,Sárga nyelű közepes laposecset,Festőecset,,Ecset,https://setaljbe.hu/termek/gazdabolt/ecset
20260915_101528-013,Sárga nyelű széles laposecset,Festőecset,,Ecset,https://setaljbe.hu/termek/gazdabolt/ecset
20260915_101528-001,Zöld nyelű keskeny laposecset,Festőecset,,Ecset,https://setaljbe.hu/termek/gazdabolt/ecset
20260915_101528-002,Zöld nyelű közepes laposecset,Festőecset,,Ecset,https://setaljbe.hu/termek/gazdabolt/ecset
20260915_101528-003,Zöld nyelű széles laposecset,Festőecset,,Ecset,https://setaljbe.hu/termek/gazdabolt/ecset
20260915_102136-013,GP CR2016 lítium gombelem,Gombelem,,"Elemek, gombelemek",https://setaljbe.hu/termek/gazdabolt/elemek-gombelemek
20260915_102136-012,GP CR2025 lítium gombelem,Gombelem,,"Elemek, gombelemek",https://setaljbe.hu/termek/gazdabolt/elemek-gombelemek
20260915_102136-011,GP CR2032 lítium gombelem,Gombelem,,"Elemek, gombelemek",https://setaljbe.hu/termek/gazdabolt/elemek-gombelemek
20260915_102136-014,"GP gombelem, további méret, jelölése részben takart",Gombelem,,"Elemek, gombelemek",https://setaljbe.hu/termek/gazdabolt/elemek-gombelemek
20260915_102134-023,"GP gombelemek, több jelöléssel, részben takart",Gombelem,,"Elemek, gombelemek",https://setaljbe.hu/termek/gazdabolt/elemek-gombelemek
20260915_101422-003,Hosszú nyelű szemétszedő csipesz,Szemétszedő eszköz,,Esschert Design Szemétszedő csipesz,https://setaljbe.hu/termek/gazdabolt/esschert-design-szemetszedo-csipesz
20260915_101533-021,"Hosszú nyelű szemétszedő csipesz, narancssárga fogórésszel",Szemétszedő eszköz,,Esschert Design Szemétszedő csipesz,https://setaljbe.hu/termek/gazdabolt/esschert-design-szemetszedo-csipesz
20260915_101614-033,Felületre szerelhető dupla dugalj,Dupla dugalj,"Két készülék csatlakoztatását lehetővé tevő falon kívüli aljzat. Praktikus megoldás műhelyekben, tárolókban és mellékhelyiségekben.",Falon kívüli csatlakozó aljzat,https://setaljbe.hu/termek/gazdabolt/falon-kivuli-csatlakozo-aljzat
20260915_101614-032,Felületre szerelhető földelt dugalj,Földelt dugalj,"Falra szerelhető hálózati csatlakozóaljzat földelt készülékekhez. Olyan helyeken használható, ahol falon kívüli szerelés szükséges.",Falon kívüli csatlakozó aljzat,https://setaljbe.hu/termek/gazdabolt/falon-kivuli-csatlakozo-aljzat
20260915_101614-037,Süllyesztett földelt dugaljbetét,Dugaljbetét,Falba süllyesztett kivitelű hálózati csatlakozóaljzat védőérintkezővel. Lakások és irodák szabványos villanyszerelvénye.,Falon kívüli csatlakozó aljzat,https://setaljbe.hu/termek/gazdabolt/falon-kivuli-csatlakozo-aljzat
20260915_101949-007,"Aranyszínű, kis üveg sírmécses",Sírmécses,,Fedeles mécses,https://setaljbe.hu/termek/gazdabolt/fedeles-mecses
20260915_101949-005,"Bronzszínű, kis üveg sírmécses",Sírmécses,,Fedeles mécses,https://setaljbe.hu/termek/gazdabolt/fedeles-mecses
20260915_101949-006,"Ezüstszínű, kis üveg sírmécses",Sírmécses,,Fedeles mécses,https://setaljbe.hu/termek/gazdabolt/fedeles-mecses
20260915_101949-018,Fehér műanyag sírmécses,Sírmécses,,Fedeles mécses,https://setaljbe.hu/termek/gazdabolt/fedeles-mecses
20260915_101949-017,Piros műanyag sírmécses,Sírmécses,,Fedeles mécses,https://setaljbe.hu/termek/gazdabolt/fedeles-mecses
20260915_101949-008,"Piros, kis üveg sírmécses",Sírmécses,,Fedeles mécses,https://setaljbe.hu/termek/gazdabolt/fedeles-mecses
20260915_101949-019,Átlátszó műanyag sírmécses,Sírmécses,,Fedeles mécses,https://setaljbe.hu/termek/gazdabolt/fedeles-mecses
20260915_101949-004,Átlátszó poharas mécses,Mécses,,Fedeles mécses,https://setaljbe.hu/termek/gazdabolt/fedeles-mecses
20260915_101855-032,"Hypo / fehérítő – fehér flakon, kék kupak",fehérítő,"Fehér flakonos, kék kupakos tisztítószer vagy fehérítő; a márka nem olvasható.",Fehérítő,https://setaljbe.hu/termek/gazdabolt/feherito
20260915_101902-007,Ultra fehérítő kék címkével,Fehérítő,,Fehérítő,https://setaljbe.hu/termek/gazdabolt/feherito
20260915_101902-008,Ultra fehérítő rózsaszín címkével,Fehérítő,,Fehérítő,https://setaljbe.hu/termek/gazdabolt/feherito
20260915_101407-011,Fiskars 2 az 1-ben fejsze- és késélező,Szerszámélező,,"Fejsze, kés élező",https://setaljbe.hu/termek/gazdabolt/fejsze-kes-elezo
20260915_101902-011,Flóraszept fehér-zöld flakonos tisztítószer,Fertőtlenítő tisztítószer,,Fertőtlentő szer,https://setaljbe.hu/termek/gazdabolt/fertotlento-szer
20260915_101902-013,SANYTOL fehér szórófejes fertőtlenítő tisztítószer,Fertőtlenítő tisztítószer,,Fertőtlentő szer,https://setaljbe.hu/termek/gazdabolt/fertotlento-szer
20260915_101902-012,SANYTOL türkiz szórófejes fertőtlenítő tisztítószer,Fertőtlenítő tisztítószer,,Fertőtlentő szer,https://setaljbe.hu/termek/gazdabolt/fertotlento-szer
20260915_101855-021,Sanytol fehér-zöld spray,fertőtlenítő tisztítószer,Fehér/zöld Sanytol vagy hasonló fertőtlenítő/fürdőszobai tisztító spray.,Fertőtlentő szer,https://setaljbe.hu/termek/gazdabolt/fertotlento-szer
20260915_101855-019,Sanytol fertőtlenítő felülettisztító – nagy flakon,fertőtlenítő tisztítószer,"Türkiz színű Sanytol flakon, fertőtlenítő felület- vagy padlótisztító.",Fertőtlentő szer,https://setaljbe.hu/termek/gazdabolt/fertotlento-szer
20260915_101855-020,Sanytol fertőtlenítő spray,fertőtlenítő spray,"Türkiz színű, szórófejes Sanytol tisztítószer.",Fertőtlentő szer,https://setaljbe.hu/termek/gazdabolt/fertotlento-szer
20260915_101855-034,Zöld flakonos fertőtlenítő tisztítószer,fertőtlenítő tisztítószer,"Zöld színű, keresztet ábrázoló címkés tisztítószer.",Fertőtlentő szer,https://setaljbe.hu/termek/gazdabolt/fertotlento-szer
20260915_101747-032,"Csiszolókorong, barna",Csiszolókorong,,Flex vágó- és csiszoló korongok,https://setaljbe.hu/termek/gazdabolt/flex-vago-es-csiszolo-korongok
20260915_101802-004,"Dobozos csiszolókorong, pontos típus nem olvasható",Csiszolókorong,,Flex vágó- és csiszoló korongok,https://setaljbe.hu/termek/gazdabolt/flex-vago-es-csiszolo-korongok
20260915_101802-002,"Fekete vágó- és csiszolókorongok, több méret",Vágó- és csiszolókorong,,Flex vágó- és csiszoló korongok,https://setaljbe.hu/termek/gazdabolt/flex-vago-es-csiszolo-korongok
20260915_101756-005,Gyémánt vágókorong,Vágókorong,,Flex vágó- és csiszoló korongok,https://setaljbe.hu/termek/gazdabolt/flex-vago-es-csiszolo-korongok
20260915_101802-003,"Kék vágó- és csiszolókorongok, több méret",Vágó- és csiszolókorong,,Flex vágó- és csiszoló korongok,https://setaljbe.hu/termek/gazdabolt/flex-vago-es-csiszolo-korongok
20260915_101756-004,Lamellás csiszolókorong,Csiszolókorong,,Flex vágó- és csiszoló korongok,https://setaljbe.hu/termek/gazdabolt/flex-vago-es-csiszolo-korongok
20260915_101758-024,"Vágó- és csiszolókorongok, többféle, pontos típus nem olvasható",Vágó- és csiszolókorong,,Flex vágó- és csiszoló korongok,https://setaljbe.hu/termek/gazdabolt/flex-vago-es-csiszolo-korongok
20260915_101747-033,"Vágókorong, fekete",Vágókorong,,Flex vágó- és csiszoló korongok,https://setaljbe.hu/termek/gazdabolt/flex-vago-es-csiszolo-korongok
20260915_101756-001,"Vágókorong, kisebb, fekete",Vágókorong,,Flex vágó- és csiszoló korongok,https://setaljbe.hu/termek/gazdabolt/flex-vago-es-csiszolo-korongok
20260915_101756-002,"Vágókorong, nagyobb, fekete",Vágókorong,,Flex vágó- és csiszoló korongok,https://setaljbe.hu/termek/gazdabolt/flex-vago-es-csiszolo-korongok
20260915_101709-010,"FFG spirális fúrószár, hosszú kivitel, anyaghoz rendelése nem olvasható",Fúrószár,,Fém fúrószár,https://setaljbe.hu/termek/gazdabolt/fem-furoszar
20260915_101709-009,"FFG spirális fúrószár, rövid kivitel, anyaghoz rendelése nem olvasható",Fúrószár,,Fém fúrószár,https://setaljbe.hu/termek/gazdabolt/fem-furoszar
20260915_101747-031,Fém fúrószár csomagban,Fúrószár,,Fém fúrószár,https://setaljbe.hu/termek/gazdabolt/fem-furoszar
20260915_101756-013,Fúrószár csomagban,Fúrószár,,Fém fúrószár,https://setaljbe.hu/termek/gazdabolt/fem-furoszar
20260915_101711-007,"Milwaukee 10,0 mm-es fúrószár",Fúrószár,,Fém fúrószár,https://setaljbe.hu/termek/gazdabolt/fem-furoszar
20260915_101711-006,"Milwaukee 8,0 mm-es fúrószár",Fúrószár,,Fém fúrószár,https://setaljbe.hu/termek/gazdabolt/fem-furoszar
20260915_101711-008,"Milwaukee hosszú, 6,0 mm-es fúrószár",Fúrószár,,Fém fúrószár,https://setaljbe.hu/termek/gazdabolt/fem-furoszar
20260915_101714-020,"Milwaukee piros tasakos hosszú fúrószár, mérete nem olvasható",Fúrószár,,Fém fúrószár,https://setaljbe.hu/termek/gazdabolt/fem-furoszar
20260915_101711-016,"Piros tasakos hosszú fúrószár, felirata nem olvasható",Fúrószár,,Fém fúrószár,https://setaljbe.hu/termek/gazdabolt/fem-furoszar
20260915_101714-023,"TOP TOOLS csomagolt hosszú fúrószár, pontos mérete nem olvasható",Fúrószár,,Fém fúrószár,https://setaljbe.hu/termek/gazdabolt/fem-furoszar
20260915_101805-018,Zöld műanyag bevonatú kötöződrót csomagban,Kötöződrót,,Fémdrót,https://setaljbe.hu/termek/gazdabolt/femdrot
20260915_101609-026,Agro-Largo Sport fűmagkeverék,Fűmag,,Fűmag keverék intenzív használatra,https://setaljbe.hu/termek/gazdabolt/fumag-keverek-intenziv-hasznalatra
20260915_101608-005,"Agro-Largo Sport fűmagkeverék intenzív használatra, 1 kg",Fűmag,,Fűmag keverék intenzív használatra,https://setaljbe.hu/termek/gazdabolt/fumag-keverek-intenziv-hasznalatra
20260915_101608-009,"Agro-Largo Sports pázsit fűmag, nagy zsák",Fűmag,,Fűmag keverék intenzív használatra,https://setaljbe.hu/termek/gazdabolt/fumag-keverek-intenziv-hasznalatra
20260915_101419-012,Barna nyelű kézi lombseprű,Kézi lombseprű,,"Gereblye, lombseprű",https://setaljbe.hu/termek/gazdabolt/gereblye-lombsepru
20260915_101344-024,Ezüstszínű drót lombseprű sötét nyéllel,Kézi gereblye,,"Gereblye, lombseprű",https://setaljbe.hu/termek/gazdabolt/gereblye-lombsepru
20260915_101347-035,"Ezüstszínű drótból készült, legyező alakú kézi gereblye",Kézi gereblye,,"Gereblye, lombseprű",https://setaljbe.hu/termek/gazdabolt/gereblye-lombsepru
20260915_101336-021,Ezüstszínű keskeny drót lombseprű piros nyéllel,Kézi lombseprű,,"Gereblye, lombseprű",https://setaljbe.hu/termek/gazdabolt/gereblye-lombsepru
20260915_101336-023,Fekete egyenes fogú gereblye piros nyéllel,Kézi gereblye,,"Gereblye, lombseprű",https://setaljbe.hu/termek/gazdabolt/gereblye-lombsepru
20260915_101051-008,Fekete fém kerti gereblye egyenes fogakkal,Kerti gereblye,,"Gereblye, lombseprű",https://setaljbe.hu/termek/gazdabolt/gereblye-lombsepru
20260915_101051-007,Fekete keskeny drótfogú gereblye – jobb oldalon,Kerti gereblye,,"Gereblye, lombseprű",https://setaljbe.hu/termek/gazdabolt/gereblye-lombsepru
20260915_101422-013,Fekete kézi lombseprű,Kézi lombseprű,,"Gereblye, lombseprű",https://setaljbe.hu/termek/gazdabolt/gereblye-lombsepru
20260915_101051-006,"Fekete széles, legyező alakú lombseprű",Kerti gereblye,,"Gereblye, lombseprű",https://setaljbe.hu/termek/gazdabolt/gereblye-lombsepru
20260915_101336-008,"Fekete, egyenes fogú kézi gereblye fa nyéllel",Kézi gereblye,,"Gereblye, lombseprű",https://setaljbe.hu/termek/gazdabolt/gereblye-lombsepru
20260915_101336-022,"Fekete, széles fogú legyezőgereblye piros nyéllel",Kézi lombseprű,,"Gereblye, lombseprű",https://setaljbe.hu/termek/gazdabolt/gereblye-lombsepru
20260915_101403-002,"Fiskars fekete műanyag lombseprű, nyéllel",Lombseprű,,"Gereblye, lombseprű",https://setaljbe.hu/termek/gazdabolt/gereblye-lombsepru
20260915_101407-012,Fiskars fém kerti gereblye,Gereblye,,"Gereblye, lombseprű",https://setaljbe.hu/termek/gazdabolt/gereblye-lombsepru
20260915_101403-001,"Fiskars fém kerti gereblye, nyéllel",Gereblye,,"Gereblye, lombseprű",https://setaljbe.hu/termek/gazdabolt/gereblye-lombsepru
20260915_101336-015,Kis fém lombseprű fa nyéllel,Kézi lombseprű,,"Gereblye, lombseprű",https://setaljbe.hu/termek/gazdabolt/gereblye-lombsepru
20260915_101051-001,Limezöld műanyag lombseprű,Kerti gereblye,,"Gereblye, lombseprű",https://setaljbe.hu/termek/gazdabolt/gereblye-lombsepru
20260915_101344-019,Narancssárga műanyag legyező alakú lombseprű,Lombseprű,,"Gereblye, lombseprű",https://setaljbe.hu/termek/gazdabolt/gereblye-lombsepru
20260915_101051-004,Narancssárga műanyag lombseprű ívelt fogakkal,Kerti gereblye,,"Gereblye, lombseprű",https://setaljbe.hu/termek/gazdabolt/gereblye-lombsepru
20260915_101051-002,"Narancssárga, hosszúkás műanyag legyezőgereblye",Kerti gereblye,,"Gereblye, lombseprű",https://setaljbe.hu/termek/gazdabolt/gereblye-lombsepru
20260915_101100-020,Piros műanyag egyenes fogú gereblyefej – bal alsó részen,Kerti gereblye,,"Gereblye, lombseprű",https://setaljbe.hu/termek/gazdabolt/gereblye-lombsepru
20260915_101100-021,Piros műanyag legyezőgereblye-fej – bal alsó részen,Kerti gereblye,,"Gereblye, lombseprű",https://setaljbe.hu/termek/gazdabolt/gereblye-lombsepru
20260915_101051-003,Piros műanyag lombseprű ívelt fogakkal,Kerti gereblye,,"Gereblye, lombseprű",https://setaljbe.hu/termek/gazdabolt/gereblye-lombsepru
20260915_101051-005,Sárga műanyag lombseprű,Kerti gereblye,,"Gereblye, lombseprű",https://setaljbe.hu/termek/gazdabolt/gereblye-lombsepru
20260915_101351-009,"Türkiz, széles, réselt gereblyefej",Lombseprű,,"Gereblye, lombseprű",https://setaljbe.hu/termek/gazdabolt/gereblye-lombsepru
20260915_101351-008,Ezüstszínű drót lombseprűfej,Lombseprű,,"Gereblye, lombseprű; Seprű fejek",https://setaljbe.hu/termek/gazdabolt/gereblye-lombsepru; https://setaljbe.hu/termek/gazdabolt/sepru-fejek
20260915_101427-016,"Fiskars fekete lombseprűfej, narancssárga címkével",Lombseprű,,"Gereblye, lombseprű; Seprű fejek",https://setaljbe.hu/termek/gazdabolt/gereblye-lombsepru; https://setaljbe.hu/termek/gazdabolt/sepru-fejek
20260915_101410-016,Fiskars fekete műanyag lombseprűfej,Lombseprű,,"Gereblye, lombseprű; Seprű fejek",https://setaljbe.hu/termek/gazdabolt/gereblye-lombsepru; https://setaljbe.hu/termek/gazdabolt/sepru-fejek
20260915_101413-008,Fiskars fekete széles lombseprűfej,Lombseprű,,"Gereblye, lombseprű; Seprű fejek",https://setaljbe.hu/termek/gazdabolt/gereblye-lombsepru; https://setaljbe.hu/termek/gazdabolt/sepru-fejek
20260915_101413-009,Fiskars keskenyebb fekete lombseprűfej,Lombseprű,,"Gereblye, lombseprű; Seprű fejek",https://setaljbe.hu/termek/gazdabolt/gereblye-lombsepru; https://setaljbe.hu/termek/gazdabolt/sepru-fejek
20260915_101422-001,Fém lombseprűfej,Lombseprű,,"Gereblye, lombseprű; Seprű fejek",https://setaljbe.hu/termek/gazdabolt/gereblye-lombsepru; https://setaljbe.hu/termek/gazdabolt/sepru-fejek
20260915_101336-007,Narancssárga műanyag legyező alakú lombseprűfej,Lombseprűfej,,"Gereblye, lombseprű; Seprű fejek",https://setaljbe.hu/termek/gazdabolt/gereblye-lombsepru; https://setaljbe.hu/termek/gazdabolt/sepru-fejek
20260915_101427-012,Narancssárga műanyag lombseprűfej,Lombseprű,,"Gereblye, lombseprű; Seprű fejek",https://setaljbe.hu/termek/gazdabolt/gereblye-lombsepru; https://setaljbe.hu/termek/gazdabolt/sepru-fejek
20260915_101608-007,Agro-Largo Multi Green gyeptrágya,Gyeptrágya,,Gyeptrágya,https://setaljbe.hu/termek/gazdabolt/gyeptragya
20260915_101608-008,Agro-Largo felújító gyeptrágya,Gyeptrágya,,Gyeptrágya,https://setaljbe.hu/termek/gazdabolt/gyeptragya
20260915_102230-001,"Bige őszi gyeptrágya, 5 kg",Gyeptrágya,,Gyeptrágya,https://setaljbe.hu/termek/gazdabolt/gyeptragya
20260915_102015-001,Bopon gyepműtrágya,Gyepműtrágya,,Gyeptrágya,https://setaljbe.hu/termek/gazdabolt/gyeptragya
20260915_102015-003,Bopon gyepműtrágya Gyom Stop,Gyepműtrágya,,Gyeptrágya,https://setaljbe.hu/termek/gazdabolt/gyeptragya
20260915_102015-002,Bopon gyepműtrágya Moha Stop,Gyepműtrágya,,Gyeptrágya,https://setaljbe.hu/termek/gazdabolt/gyeptragya
20260915_102232-010,Speciális gyepműtrágya vödörben,Gyepműtrágya,,Gyeptrágya,https://setaljbe.hu/termek/gazdabolt/gyeptragya
20260915_102015-006,TerraSol gyeptrágya Mohás gyepre,Gyeptrágya,,Gyeptrágya,https://setaljbe.hu/termek/gazdabolt/gyeptragya
20260915_101614-079,Agro-Largo Gyors Kelés fűmagkeverék 1 kg,Fűmagkeverék,Gyors kezdeti fejlődésre összeállított fűmagkeverék új gyep telepítéséhez vagy ritkult területek felülvetéséhez. A doboz jelölése szerint 1 kg körülbelül 35 négyzetméterre elegendő.,Gyorskelésű fűmag keverék,https://setaljbe.hu/termek/gazdabolt/gyorskelesu-fumag-keverek
20260915_101609-023,Agro-Largo gyors kelésű fűmagkeverék,Fűmag,,Gyorskelésű fűmag keverék,https://setaljbe.hu/termek/gazdabolt/gyorskelesu-fumag-keverek
20260915_101608-002,"Agro-Largo gyors kelésű fűmagkeverék, 1 kg",Fűmag,,Gyorskelésű fűmag keverék,https://setaljbe.hu/termek/gazdabolt/gyorskelesu-fumag-keverek
20260915_101902-002,WELL DONE hideg zsíroldó szórófejes,Hideg zsíroldó,,Hideg zsíroldó,https://setaljbe.hu/termek/gazdabolt/hideg-zsiroldo
20260915_101902-003,WELL DONE hideg zsíroldó utántöltő kannában,Hideg zsíroldó,,Hideg zsíroldó,https://setaljbe.hu/termek/gazdabolt/hideg-zsiroldo
20260915_101618-007,Ezüstszínű lánc,Lánc,,Horganyzott lánc,https://setaljbe.hu/termek/gazdabolt/horganyzott-lanc
20260915_101827-024,Fém lánc tekercsben,Lánc,,Horganyzott lánc,https://setaljbe.hu/termek/gazdabolt/horganyzott-lanc
20260915_101805-020,Fémlánc kék dobra tekercselve,Lánc,,Horganyzott lánc,https://setaljbe.hu/termek/gazdabolt/horganyzott-lanc
20260915_102009-003,"Horganyzott csavaros láncszem, több méretben",Csavaros láncszem,,Horganyzott lánc,https://setaljbe.hu/termek/gazdabolt/horganyzott-lanc
20260915_102009-004,Horganyzott forgó lánckapocs,Forgó lánckapocs,,Horganyzott lánc,https://setaljbe.hu/termek/gazdabolt/horganyzott-lanc
20260915_101832-011,Kisebb fém lánc tekercsben,Lánc,,Horganyzott lánc,https://setaljbe.hu/termek/gazdabolt/horganyzott-lanc
20260915_101832-012,Nagyobb fém lánc tekercsben,Lánc,,Horganyzott lánc,https://setaljbe.hu/termek/gazdabolt/horganyzott-lanc
20260915_101618-006,Sárgás fémszínű lánc,Lánc,,Horganyzott lánc,https://setaljbe.hu/termek/gazdabolt/horganyzott-lanc
20260915_101756-031,"Digitális hőmérő, pontos típus nem olvasható",Hőmérő,,Hőmérő,https://setaljbe.hu/termek/gazdabolt/homero
20260915_101440-020,"Szobahőmérő, fa alaplappal",Hőmérő,,Hőmérő,https://setaljbe.hu/termek/gazdabolt/homero
20260915_101447-026,"Szobahőmérő, fehér házban",Hőmérő,,Hőmérő,https://setaljbe.hu/termek/gazdabolt/homero
20260915_101716-031,Csomagolt fekete imbuszkulcskészlet,Imbuszkulcskészlet,,Imbuszkulcs készlet,https://setaljbe.hu/termek/gazdabolt/imbuszkulcs-keszlet
20260915_101714-026,"Egyenként csomagolt L alakú imbuszkulcs, mérete nem olvasható",Imbuszkulcs,,Imbuszkulcs készlet,https://setaljbe.hu/termek/gazdabolt/imbuszkulcs-keszlet
20260915_101714-025,Fekete tartós imbuszkulcskészlet,Imbuszkulcskészlet,,Imbuszkulcs készlet,https://setaljbe.hu/termek/gazdabolt/imbuszkulcs-keszlet
20260915_101718-020,TOPEX CrV imbuszkulcskészlet,Imbuszkulcskészlet,,Imbuszkulcs készlet,https://setaljbe.hu/termek/gazdabolt/imbuszkulcs-keszlet
20260915_101720-005,TOPEX imbuszkulcskészlet,Imbuszkulcskészlet,,Imbuszkulcs készlet,https://setaljbe.hu/termek/gazdabolt/imbuszkulcs-keszlet
20260915_101718-021,VOREL imbuszkulcskészlet,Imbuszkulcskészlet,,Imbuszkulcs készlet,https://setaljbe.hu/termek/gazdabolt/imbuszkulcs-keszlet
20260915_102136-037,Barna papír növényi hulladékgyűjtő zsák,Kerti hulladékgyűjtő zsák,,Kerti zöldhulladékgyűjtő zsák,https://setaljbe.hu/termek/gazdabolt/kerti-zoldhulladekgyujto-zsak
20260915_101827-001,Kisebb barna mázas fedeles kerámiaedény,Kerámia tárolóedény,,Kerámia edény,https://setaljbe.hu/termek/gazdabolt/keramia-edeny
20260915_101827-002,Közepes barna mázas fedeles kerámiaedény,Kerámia tárolóedény,,Kerámia edény,https://setaljbe.hu/termek/gazdabolt/keramia-edeny
20260915_101827-003,Nagyobb barna mázas fedeles kerámiaedény,Kerámia tárolóedény,,Kerámia edény,https://setaljbe.hu/termek/gazdabolt/keramia-edeny
20260915_101419-014,Barna nyelű ültetőlapát,Ültetőlapát,,Kis kerti ásó,https://setaljbe.hu/termek/gazdabolt/kis-kerti-aso
20260915_101336-024,"Ezüstszínű, széles, lekerekített ültetőlapát sötét nyéllel",Kézi ültetőlapát,,Kis kerti ásó,https://setaljbe.hu/termek/gazdabolt/kis-kerti-aso
20260915_101747-006,Fa nyelű keskeny ültetőlapát,Ültetőlapát,,Kis kerti ásó,https://setaljbe.hu/termek/gazdabolt/kis-kerti-aso
20260915_101747-005,Fa nyelű kézi ültetőlapát,Ültetőlapát,,Kis kerti ásó,https://setaljbe.hu/termek/gazdabolt/kis-kerti-aso
20260915_101336-010,Fekete hegyes ültetőlapát fekete-piros nyéllel,Kézi ültetőlapát,,Kis kerti ásó,https://setaljbe.hu/termek/gazdabolt/kis-kerti-aso
20260915_101336-011,Fekete széles ültetőlapát fekete-piros nyéllel,Kézi ültetőlapát,,Kis kerti ásó,https://setaljbe.hu/termek/gazdabolt/kis-kerti-aso
20260915_101339-032,Narancssárga nyelű polírozott fém széles ültetőlapát,Kézi ültetőlapát,,Kis kerti ásó,https://setaljbe.hu/termek/gazdabolt/kis-kerti-aso
20260915_101336-012,Polírozott fém hegyes ültetőlapát fa nyéllel,Kézi ültetőlapát,,Kis kerti ásó,https://setaljbe.hu/termek/gazdabolt/kis-kerti-aso
20260915_101347-034,Türkiz széles kézi ültetőlapát fekete nyéllel,Kézi ültetőlapát,,Kis kerti ásó,https://setaljbe.hu/termek/gazdabolt/kis-kerti-aso
20260915_101344-023,Türkiz széles ültetőlapát fekete nyéllel,Kézi ültetőlapát,,Kis kerti ásó,https://setaljbe.hu/termek/gazdabolt/kis-kerti-aso
20260915_101427-013,Zöld kézi ültetőlapát,Ültetőlapát,,Kis kerti ásó,https://setaljbe.hu/termek/gazdabolt/kis-kerti-aso
20260915_101920-017,Kék kézi aprító,Kézi aprító,,Konyhai aprító,https://setaljbe.hu/termek/gazdabolt/konyhai-aprito
20260915_101651-025,Fekete nyelű kézifűrész,Kézifűrész,,Kézi fafűrész,https://setaljbe.hu/termek/gazdabolt/kezi-fafuresz
20260915_101651-026,Narancssárga-fekete nyelű kézifűrész,Kézifűrész,,Kézi fafűrész,https://setaljbe.hu/termek/gazdabolt/kezi-fafuresz
20260915_101533-020,"Narancssárga-fekete nyelű kézifűrész, felül részben takart",Kézifűrész,,Kézi fafűrész,https://setaljbe.hu/termek/gazdabolt/kezi-fafuresz
20260915_101718-016,STANLEY fekete nyelű kézifűrész,Kézifűrész,,Kézi fafűrész,https://setaljbe.hu/termek/gazdabolt/kezi-fafuresz
20260915_101718-017,"STANLEY rövid fűrészlapos kézifűrész, pontos típus részben takart",Kézifűrész,,Kézi fafűrész,https://setaljbe.hu/termek/gazdabolt/kezi-fafuresz
20260915_101651-024,Sárga nyelű kézifűrész,Kézifűrész,,Kézi fafűrész,https://setaljbe.hu/termek/gazdabolt/kezi-fafuresz
20260915_101758-020,Kézi kefe műanyag nyéllel,Kézi kefe,,Kézi kefék,https://setaljbe.hu/termek/gazdabolt/kezi-kefek
20260915_101720-030,Fehér fonott kötél fekete jelöléssel,Kötél,,Kötél,https://setaljbe.hu/termek/gazdabolt/kotel
20260915_101714-033,"Fehér fonott kötél piros jelöléssel, részben takart",Kötél,,Kötél,https://setaljbe.hu/termek/gazdabolt/kotel
20260915_101720-031,Fehér fonott kötél piros-fekete jelöléssel,Kötél,,Kötél,https://setaljbe.hu/termek/gazdabolt/kotel
20260915_102000-012,Fehér kötél,Kötél,,Kötél,https://setaljbe.hu/termek/gazdabolt/kotel
20260915_101618-010,"Fehér kötél, fekete száljelöléssel",Kötél,,Kötél,https://setaljbe.hu/termek/gazdabolt/kotel
20260915_101618-008,"Fehér kötél, piros száljelöléssel",Kötél,,Kötél,https://setaljbe.hu/termek/gazdabolt/kotel
20260915_101618-009,"Fehér kötél, zöld száljelöléssel",Kötél,,Kötél,https://setaljbe.hu/termek/gazdabolt/kotel
20260915_101629-016,Fehér-narancssárga mintás fonott kötél,Kötél,,Kötél,https://setaljbe.hu/termek/gazdabolt/kotel
20260915_101618-011,Fehér-narancssárga mintás kötél,Kötél,,Kötél,https://setaljbe.hu/termek/gazdabolt/kotel
20260915_101618-012,Natúr barna sodrott kötél,Kötél,,Kötél,https://setaljbe.hu/termek/gazdabolt/kotel
20260915_101629-017,"Natúr barna sodrott kötél, vastag kivitel",Kötél,,Kötél,https://setaljbe.hu/termek/gazdabolt/kotel
20260915_101629-018,"Natúr barna sodrott kötél, vékonyabb kivitel",Kötél,,Kötél,https://setaljbe.hu/termek/gazdabolt/kotel
20260915_101714-034,Natúr színű sodrott kötél,Kötél,,Kötél,https://setaljbe.hu/termek/gazdabolt/kotel
20260915_101714-032,Vastagabb fehér fonott kötél fekete jelöléssel,Kötél,,Kötél,https://setaljbe.hu/termek/gazdabolt/kotel
20260915_101720-033,Vastagabb natúr sodrott kötél,Kötél,,Kötél,https://setaljbe.hu/termek/gazdabolt/kotel
20260915_101714-031,Vékonyabb fehér fonott kötél fekete jelöléssel,Kötél,,Kötél,https://setaljbe.hu/termek/gazdabolt/kotel
20260915_101720-032,Vékonyabb natúr sodrott kötél,Kötél,,Kötél,https://setaljbe.hu/termek/gazdabolt/kotel
20260915_101614-015,"Commel E27 LED izzó 10,5 W",E27 LED izzó,Közepes-nagy fényerejű LED izzó mindennapi otthoni világításhoz. A szabványos E27 foglalatba egyszerűen behelyezhető.,Led izzó,https://setaljbe.hu/termek/gazdabolt/led-izzo
20260915_101614-014,"Commel E27 LED izzó 12,5 W",E27 LED izzó,"Energiatakarékos LED fényforrás szabványos E27 foglalathoz. Jó választás mennyezeti, függesztett és állólámpákba.",Led izzó,https://setaljbe.hu/termek/gazdabolt/led-izzo
20260915_101614-013,"Commel E27 LED izzó 15,2 W",E27 LED izzó,"Nagy fényerejű, hagyományos E27 foglalatba csavarható LED fényforrás. Általános beltéri világításhoz és nagyobb fényigényű helyiségekhez ajánlható.",Led izzó,https://setaljbe.hu/termek/gazdabolt/led-izzo
20260915_101614-016,"Commel E27 LED izzó 7,5 W",E27 LED izzó,"Általános célú, alacsony fogyasztású LED fényforrás. Szobák, előterek és kisebb helyiségek lámpatesteiben használható.",Led izzó,https://setaljbe.hu/termek/gazdabolt/led-izzo
20260915_101614-022,Commel GU5.3 LED spotizzó,GU5.3 LED spotizzó,"Kéttüskés GU5.3 foglalathoz készült, irányított fényű LED spot. Mennyezeti és bútorvilágító lámpatestekben használható.",Led izzó,https://setaljbe.hu/termek/gazdabolt/led-izzo
20260915_101614-018,Commel LED izzó 4 W,LED izzó,"Kompakt, energiatakarékos fényforrás kisebb lámpatestekhez. Dekorációs és tájékozódó világításhoz is használható.",Led izzó,https://setaljbe.hu/termek/gazdabolt/led-izzo
20260915_101614-017,"Commel LED izzó 5,1 W",LED izzó,"Kisebb teljesítményű LED fényforrás hangulat- vagy kiegészítő világításhoz. Olyan lámpatestekhez praktikus, ahol mérsékeltebb fényerő szükséges.",Led izzó,https://setaljbe.hu/termek/gazdabolt/led-izzo
20260915_101614-020,Commel gyertya alakú LED izzó,LED gyertyaizzó,"Karcsú, gyertya formájú LED izzó csillárokhoz, falikarokhoz és dekoratív lámpákhoz. Klasszikus megjelenést kínál korszerű, takarékos technológiával.",Led izzó,https://setaljbe.hu/termek/gazdabolt/led-izzo
20260915_101612-026,Commel gyertyaformájú LED-izzó,LED-fényforrás,,Led izzó,https://setaljbe.hu/termek/gazdabolt/led-izzo
20260915_101612-025,Commel hagyományos körteformájú LED-izzó,LED-fényforrás,,Led izzó,https://setaljbe.hu/termek/gazdabolt/led-izzo
20260915_101614-019,Commel mini gömb LED izzó,Mini gömb LED izzó,"Kis méretű, gömb formájú LED fényforrás dekoratív lámpákhoz és kisebb burákhoz. Kompakt kialakítása szűkebb lámpatestekben is előnyös.",Led izzó,https://setaljbe.hu/termek/gazdabolt/led-izzo
20260915_101614-021,Commel reflektor LED izzó,LED reflektorizzó,"Irányított fényt adó LED fényforrás spot- és kiemelő világításhoz. Polcok, munkafelületek vagy kisebb területek célzott megvilágítására alkalmas.",Led izzó,https://setaljbe.hu/termek/gazdabolt/led-izzo
20260915_101609-030,"Dobozos LED-izzó, pontos típus nem olvasható",LED-fényforrás,,Led izzó,https://setaljbe.hu/termek/gazdabolt/led-izzo
20260915_101614-025,E14 LED gyertyaizzó 5 W,E14 LED gyertyaizzó,"Keskeny, gyertya formájú LED fényforrás kis menetes foglalathoz. Csillárokhoz és kisebb búrájú lámpákhoz alkalmas.",Led izzó,https://setaljbe.hu/termek/gazdabolt/led-izzo
20260915_102134-021,EMOS dobozos LED-fényforrás,LED-fényforrás,,Led izzó,https://setaljbe.hu/termek/gazdabolt/led-izzo
20260915_101711-018,"Fehér LED-fényforrás, részben takart, pontos típus nem olvasható",LED-fényforrás,,Led izzó,https://setaljbe.hu/termek/gazdabolt/led-izzo
20260915_101714-035,"Fehér dobozos LED-fényforrás, részben takart",LED-fényforrás,,Led izzó,https://setaljbe.hu/termek/gazdabolt/led-izzo
20260915_101608-026,"Fehér dobozos LED-fényforrások, pontos típus nem olvasható",LED-fényforrás,,Led izzó,https://setaljbe.hu/termek/gazdabolt/led-izzo
20260915_101612-027,"X-LED dobozos LED-fényforrás, típusa nem olvasható",LED-fényforrás,,Led izzó,https://setaljbe.hu/termek/gazdabolt/led-izzo
20260915_101614-027,XQ-lite E14 LED izzó,E14 LED izzó,"Kis menetes foglalathoz használható kompakt LED fényforrás. Éjjeli lámpákhoz, falikarokhoz és kisebb lámpatestekhez praktikus.",Led izzó,https://setaljbe.hu/termek/gazdabolt/led-izzo
20260915_101614-026,XQ-lite E27 LED izzó,E27 LED izzó,Szabványos nagy menetes foglalathoz készült LED fényforrás. Általános lakásvilágításhoz használható alacsony energiafogyasztással.,Led izzó,https://setaljbe.hu/termek/gazdabolt/led-izzo
20260915_101614-028,XQ-lite LED gyertyaizzó,LED gyertyaizzó,Dekoratív gyertya formájú LED fényforrás csillárokhoz és falikarokhoz. Keskeny kialakítása kisebb burákban is jól használható.,Led izzó,https://setaljbe.hu/termek/gazdabolt/led-izzo
20260915_101614-029,XQ-lite LED spotizzó,LED spotizzó,Irányított fényt biztosító kompakt LED fényforrás spotlámpákhoz. Kiemelő és munkafelület-világításhoz is alkalmazható.,Led izzó,https://setaljbe.hu/termek/gazdabolt/led-izzo
20260915_101347-006,Fekete kúpos szórófej narancssárga gyűrűvel,Tömlőszórófej,,Locsoló fej,https://setaljbe.hu/termek/gazdabolt/locsolo-fej
20260915_101347-036,Fekete állítható tömlőszórófej ezüstszínű gyűrűvel,Tömlőszórófej,,Locsoló fej,https://setaljbe.hu/termek/gazdabolt/locsolo-fej
20260915_101347-015,"Fekete, pisztolymarkolatú tömlős locsolófej",Tömlőre csatlakoztatható szórópisztoly,,Locsoló fej,https://setaljbe.hu/termek/gazdabolt/locsolo-fej
20260915_101347-021,Türkiz egyenes állítható tömlőszórófej,Tömlőszórófej,,Locsoló fej,https://setaljbe.hu/termek/gazdabolt/locsolo-fej
20260915_101344-011,Türkiz hajlított tömlős szórófej,Tömlőszórófej,,Locsoló fej,https://setaljbe.hu/termek/gazdabolt/locsolo-fej
20260915_101344-010,"Türkiz, egyenes, állítható szórófej",Tömlőszórófej,,Locsoló fej,https://setaljbe.hu/termek/gazdabolt/locsolo-fej
20260915_101342-008,"Türkiz, hosszú, kúpos, állítható tömlőszórófej",Tömlőszórófej,,Locsoló fej,https://setaljbe.hu/termek/gazdabolt/locsolo-fej
20260915_101342-016,"Türkiz-szürke, hajlított, állítható szórófej",Tömlőszórófej,,Locsoló fej,https://setaljbe.hu/termek/gazdabolt/locsolo-fej
20260915_101608-013,Zöld-fekete elektromos légycsapó,Elektromos rovarirtó,,Légycsapó,https://setaljbe.hu/termek/gazdabolt/legycsapo
20260915_101957-021,"Fekete fém madáretető-állvány, részben takart",Madáretető-állvány,,Madáretető,https://setaljbe.hu/termek/gazdabolt/madareteto
20260915_102244-004,Függeszthető fa madáretető fekete nyeregtetővel,Madáretető,,Madáretető,https://setaljbe.hu/termek/gazdabolt/madareteto
20260915_101219-018,Függeszthető fa madáretető nyeregtetővel,Madáretető,,Madáretető,https://setaljbe.hu/termek/gazdabolt/madareteto
20260915_102244-003,Keskeny fa madáretető fekete ferde tetővel,Madáretető,,Madáretető,https://setaljbe.hu/termek/gazdabolt/madareteto
20260915_102244-001,"Natúr fa madáretető, nyitott előlappal és lapos ferde tetővel",Madáretető,,Madáretető,https://setaljbe.hu/termek/gazdabolt/madareteto
20260915_102244-005,Talpas fa madáretető fekete nyeregtetővel,Madáretető,,Madáretető,https://setaljbe.hu/termek/gazdabolt/madareteto
20260915_101949-024,"Barna, díszes fém madáritató tál",Madáritató,,Madáritató,https://setaljbe.hu/termek/gazdabolt/madaritato
20260915_101347-031,Ezüstszínű fém metszőolló türkiz markolatbetétekkel,Metszőolló,,Metszőolló,https://setaljbe.hu/termek/gazdabolt/metszoollo
20260915_101747-011,Fekete-sárga metszőolló,Metszőolló,,Metszőolló,https://setaljbe.hu/termek/gazdabolt/metszoollo
20260915_101344-027,Fekete-türkiz metszőolló,Metszőolló,,Metszőolló,https://setaljbe.hu/termek/gazdabolt/metszoollo
20260915_101347-030,Fekete-türkiz metszőolló sötét pengével,Metszőolló,,Metszőolló,https://setaljbe.hu/termek/gazdabolt/metszoollo
20260915_101407-009,Fiskars fehér-fekete mellévágó metszőolló,Metszőolló,,Metszőolló,https://setaljbe.hu/termek/gazdabolt/metszoollo
20260915_101407-005,Fiskars fekete mellévágó metszőolló,Metszőolló,,Metszőolló,https://setaljbe.hu/termek/gazdabolt/metszoollo
20260915_101407-008,Fiskars fekete-narancssárga mellévágó metszőolló,Metszőolló,,Metszőolló,https://setaljbe.hu/termek/gazdabolt/metszoollo
20260915_101407-006,Fiskars fekete-narancssárga rávágó metszőolló,Metszőolló,,Metszőolló,https://setaljbe.hu/termek/gazdabolt/metszoollo
20260915_101407-007,Fiskars különleges kiadású rózsaszín mellévágó metszőolló,Metszőolló,,Metszőolló,https://setaljbe.hu/termek/gazdabolt/metszoollo
20260915_101422-010,"Gardena EasyCut mellévágó metszőolló, 20 mm",Metszőolló,,Metszőolló,https://setaljbe.hu/termek/gazdabolt/metszoollo
20260915_101419-010,"Gardena EasyCut metszőolló, 20 mm vágási átmérő",Metszőolló,,Metszőolló,https://setaljbe.hu/termek/gazdabolt/metszoollo
20260915_101422-011,"Gardena mellévágó metszőolló, 18 mm",Metszőolló,,Metszőolló,https://setaljbe.hu/termek/gazdabolt/metszoollo
20260915_101427-014,"Kék-zöld metszőolló, függőcsomagolásban",Metszőolló,,Metszőolló,https://setaljbe.hu/termek/gazdabolt/metszoollo
20260915_101904-028,MORRIS metszőolló,Metszőolló,,Metszőolló,https://setaljbe.hu/termek/gazdabolt/metszoollo
20260915_101747-010,Piros nyelű kézi metszőolló,Metszőolló,,Metszőolló,https://setaljbe.hu/termek/gazdabolt/metszoollo
20260915_101347-029,Szürke-türkiz metszőolló széles ezüstszínű pengével,Metszőolló,,Metszőolló,https://setaljbe.hu/termek/gazdabolt/metszoollo
20260915_101347-028,"Teljesen türkizszínű, ívelt nyelű metszőolló",Metszőolló,,Metszőolló,https://setaljbe.hu/termek/gazdabolt/metszoollo
20260915_101347-032,Türkiz gyűrűs nyelű metszőolló,Kerti olló,,Metszőolló,https://setaljbe.hu/termek/gazdabolt/metszoollo
20260915_101344-025,Türkiz metszőolló gyűrűs fogantyúkkal,Kerti olló,,Metszőolló,https://setaljbe.hu/termek/gazdabolt/metszoollo
20260915_101347-027,Türkiz nyelű mellévágó metszőolló ezüstszínű ívelt pengével,Metszőolló,,Metszőolló,https://setaljbe.hu/termek/gazdabolt/metszoollo
20260915_101344-026,Türkiz nyelű metszőolló ívelt pengékkel,Metszőolló,,Metszőolló,https://setaljbe.hu/termek/gazdabolt/metszoollo
20260915_101336-018,Virágmintás kézi ültetőlapát,Kézi ültetőlapát,,Mintás kis kerti ásó; Kis kerti ásó,https://setaljbe.hu/termek/gazdabolt/mintas-kis-kerti-aso; https://setaljbe.hu/termek/gazdabolt/kis-kerti-aso
20260915_101855-002,Jar kézi mosogatószer – piros változat,mosogatószer,"Fehér flakonos Jar mosogatószer, pirosas címkével; a pontos illatváltozat a fotó alapján nem teljesen olvasható.",Mosogatószerek,https://setaljbe.hu/termek/gazdabolt/mosogatoszerek
20260915_101855-001,Jar kézi mosogatószer – zöld változat,mosogatószer,"Fehér flakonos Jar mosogatószer, zöldes címkével; a pontos illatváltozat a fotó alapján nem teljesen olvasható.",Mosogatószerek,https://setaljbe.hu/termek/gazdabolt/mosogatoszerek
20260915_101855-035,Zöld kézi mosogatószer,mosogatószer,Zöld flakonos kézi mosogatószer a legalsó polcon.,Mosogatószerek,https://setaljbe.hu/termek/gazdabolt/mosogatoszerek
20260915_101533-015,Furatos mágnes,Mágnes,,Mágnes,https://setaljbe.hu/termek/gazdabolt/magnes
20260915_101533-014,Gumibevonatos mágnes,Mágnes,,Mágnes,https://setaljbe.hu/termek/gazdabolt/magnes
20260915_101533-011,Kampós mágnes,Mágnes,,Mágnes,https://setaljbe.hu/termek/gazdabolt/magnes
20260915_101533-012,Korongmágnes,Mágnes,,Mágnes,https://setaljbe.hu/termek/gazdabolt/magnes
20260915_101536-030,"Korongmágnes, bemutatótáblán",Mágnes,,Mágnes,https://setaljbe.hu/termek/gazdabolt/magnes
20260915_101533-018,Kék színes korongmágnes,Hűtőmágnes,,Mágnes,https://setaljbe.hu/termek/gazdabolt/magnes
20260915_101533-028,Lapmágnes,Mágnes,,Mágnes,https://setaljbe.hu/termek/gazdabolt/magnes
20260915_101533-016,Narancssárga színes korongmágnes,Hűtőmágnes,,Mágnes,https://setaljbe.hu/termek/gazdabolt/magnes
20260915_101533-017,Rózsaszín színes korongmágnes,Hűtőmágnes,,Mágnes,https://setaljbe.hu/termek/gazdabolt/magnes
20260915_101533-013,Téglatest alakú mágnes,Mágnes,,Mágnes,https://setaljbe.hu/termek/gazdabolt/magnes
20260915_101536-031,"Téglatest alakú mágnes, bemutatótáblán",Mágnes,,Mágnes,https://setaljbe.hu/termek/gazdabolt/magnes
20260915_101533-019,Zöld színes korongmágnes,Hűtőmágnes,,Mágnes,https://setaljbe.hu/termek/gazdabolt/magnes
20260915_101701-002,"FFG mérőszalag, 7,5 m",Mérőszalag,,Mérőszalag,https://setaljbe.hu/termek/gazdabolt/meroszalag
20260915_101714-029,"Fémtokos mérőszalag, felirata nem olvasható",Mérőszalag,,Mérőszalag,https://setaljbe.hu/termek/gazdabolt/meroszalag
20260915_101747-014,"Mérőszalag, kisebb",Mérőszalag,,Mérőszalag,https://setaljbe.hu/termek/gazdabolt/meroszalag
20260915_101747-015,"Mérőszalag, nagyobb",Mérőszalag,,Mérőszalag,https://setaljbe.hu/termek/gazdabolt/meroszalag
20260915_101625-028,"Narancssárga-fekete mérőszalag, háttérben",Mérőszalag,,Mérőszalag,https://setaljbe.hu/termek/gazdabolt/meroszalag
20260915_101701-004,"Nyitott tekercses hosszú mérőszalag, sárga házzal",Mérőszalag,,Mérőszalag,https://setaljbe.hu/termek/gazdabolt/meroszalag
20260915_101756-014,Sárga-fekete mérőszalag,Mérőszalag,,Mérőszalag,https://setaljbe.hu/termek/gazdabolt/meroszalag
20260915_101701-003,"Sárga-fekete mérőszalag, kisebb kivitel",Mérőszalag,,Mérőszalag,https://setaljbe.hu/termek/gazdabolt/meroszalag
20260915_102136-033,"Zöld-fekete kézi mérőszalag, pontos típus nem olvasható",Mérőszalag,,Mérőszalag,https://setaljbe.hu/termek/gazdabolt/meroszalag
20260915_101514-018,Barna műanyag kézi citrusprés,Citrusprés,,Műanyag citrom facsaró,https://setaljbe.hu/termek/gazdabolt/muanyag-citrom-facsaro
20260915_101433-012,"Fehér citrusprés, átlátszó gyűjtőedénnyel",Citrusprés,,Műanyag citrom facsaró,https://setaljbe.hu/termek/gazdabolt/muanyag-citrom-facsaro
20260915_101546-020,Fehér kézi citrusprés,Citrusprés,,Műanyag citrom facsaró,https://setaljbe.hu/termek/gazdabolt/muanyag-citrom-facsaro
20260915_101551-035,"Fehér kézi citrusprés, átlátszó gyűjtőedénnyel",Citrusprés,,Műanyag citrom facsaró,https://setaljbe.hu/termek/gazdabolt/muanyag-citrom-facsaro
20260915_102059-019,Rozsdamentes acél kézi citrusfacsaró,Citrusfacsaró,,Műanyag citrom facsaró,https://setaljbe.hu/termek/gazdabolt/muanyag-citrom-facsaro
20260915_101512-026,Műanyag szemetes vagy papírkosár,Háztartási műanyag áru,"Felső polcon látható magasabb, hengeres vagy szögletes műanyag edény.",Műanyag kuka,https://setaljbe.hu/termek/gazdabolt/muanyag-kuka
20260915_101834-012,Barna bordázott műanyag virágcserép,Virágcserép,,Műanyag virágcserép,https://setaljbe.hu/termek/gazdabolt/muanyag-viragcserep
20260915_101834-011,Fehér bordázott műanyag virágcserép,Virágcserép,,Műanyag virágcserép,https://setaljbe.hu/termek/gazdabolt/muanyag-viragcserep
20260915_101125-005,Fehér kerek műanyag virágcserép – extra nagy,Virágcserép,,Műanyag virágcserép,https://setaljbe.hu/termek/gazdabolt/muanyag-viragcserep
20260915_101125-008,Fehér kerek műanyag virágcserép – kicsi,Virágcserép,,Műanyag virágcserép,https://setaljbe.hu/termek/gazdabolt/muanyag-viragcserep
20260915_101125-007,Fehér kerek műanyag virágcserép – közepes,Virágcserép,,Műanyag virágcserép,https://setaljbe.hu/termek/gazdabolt/muanyag-viragcserep
20260915_101125-009,Fehér kerek műanyag virágcserép – legkisebb látható méret,Virágcserép,,Műanyag virágcserép,https://setaljbe.hu/termek/gazdabolt/muanyag-viragcserep
20260915_101125-006,Fehér kerek műanyag virágcserép – nagy,Virágcserép,,Műanyag virágcserép,https://setaljbe.hu/termek/gazdabolt/muanyag-viragcserep
20260915_101816-032,Fehér műanyag virágcserép,Virágcserép,,Műanyag virágcserép,https://setaljbe.hu/termek/gazdabolt/muanyag-viragcserep
20260915_101750-002,"Fehér, kisebb, kerek műanyag virágcserép",Virágcserép,,Műanyag virágcserép,https://setaljbe.hu/termek/gazdabolt/muanyag-viragcserep
20260915_101750-001,"Fehér, nagy, kerek műanyag virágcserép",Virágcserép,,Műanyag virágcserép,https://setaljbe.hu/termek/gazdabolt/muanyag-viragcserep
20260915_101750-003,"Fekete, kerek műanyag virágcserép",Virágcserép,,Műanyag virágcserép,https://setaljbe.hu/termek/gazdabolt/muanyag-viragcserep
20260915_102232-006,"Fekete, sekély kerek műanyag alátét, kisebb",Virágcserép-alátét,,Műanyag virágcserép,https://setaljbe.hu/termek/gazdabolt/muanyag-viragcserep
20260915_102232-007,"Fekete, sekély kerek műanyag alátét, nagyobb",Virágcserép-alátét,,Műanyag virágcserép,https://setaljbe.hu/termek/gazdabolt/muanyag-viragcserep
20260915_101957-005,Piros műanyag virágcserép,Virágcserép,,Műanyag virágcserép,https://setaljbe.hu/termek/gazdabolt/muanyag-viragcserep
20260915_101834-014,Szürke műanyag virágcserép,Virágcserép,,Műanyag virágcserép,https://setaljbe.hu/termek/gazdabolt/muanyag-viragcserep
20260915_101957-004,Sárga műanyag virágcserép,Virágcserép,,Műanyag virágcserép,https://setaljbe.hu/termek/gazdabolt/muanyag-viragcserep
20260915_101125-003,Sötétbarna kerek műanyag virágcserép – kicsi,Virágcserép,,Műanyag virágcserép,https://setaljbe.hu/termek/gazdabolt/muanyag-viragcserep
20260915_101125-002,Sötétbarna kerek műanyag virágcserép – közepes,Virágcserép,,Műanyag virágcserép,https://setaljbe.hu/termek/gazdabolt/muanyag-viragcserep
20260915_101125-001,Sötétbarna kerek műanyag virágcserép – nagy,Virágcserép,,Műanyag virágcserép,https://setaljbe.hu/termek/gazdabolt/muanyag-viragcserep
20260915_101125-004,Sötétbarna magas keskeny műanyag virágcserép,Virágcserép,,Műanyag virágcserép,https://setaljbe.hu/termek/gazdabolt/muanyag-viragcserep
20260915_101750-004,"Sötétzöld, kerek műanyag virágcserép",Virágcserép,,Műanyag virágcserép,https://setaljbe.hu/termek/gazdabolt/muanyag-viragcserep
20260915_101834-013,Terrakotta színű műanyag virágcserép,Virágcserép,,Műanyag virágcserép,https://setaljbe.hu/termek/gazdabolt/muanyag-viragcserep
20260915_101957-006,Zöld műanyag virágcserép,Virágcserép,,Műanyag virágcserép,https://setaljbe.hu/termek/gazdabolt/muanyag-viragcserep
20260915_101119-032,Átlátszó kerek műanyag virágcserepek – az alsó szélen a méretek nem láthatók,Átlátszó virágcserép,,Műanyag virágcserép,https://setaljbe.hu/termek/gazdabolt/muanyag-viragcserep
20260915_101106-011,"Átlátszó műanyag virágcserép – keskeny, legkisebb látható méret",Átlátszó virágcserép,,Műanyag virágcserép,https://setaljbe.hu/termek/gazdabolt/muanyag-viragcserep
20260915_101106-010,Átlátszó műanyag virágcserép – kis méret,Átlátszó virágcserép,,Műanyag virágcserép,https://setaljbe.hu/termek/gazdabolt/muanyag-viragcserep
20260915_101106-009,Átlátszó műanyag virágcserép – közepes méret,Átlátszó virágcserép,,Műanyag virágcserép,https://setaljbe.hu/termek/gazdabolt/muanyag-viragcserep
20260915_101106-008,Átlátszó műanyag virágcserép – nagy méret,Átlátszó virágcserép,,Műanyag virágcserép,https://setaljbe.hu/termek/gazdabolt/muanyag-viragcserep
20260915_101612-012,"Commel leszúrható napelemes lámpa, rácsos búrával",Napelemes kerti lámpa,,Napelemes kerti lámpa,https://setaljbe.hu/termek/gazdabolt/napelemes-kerti-lampa
20260915_101609-008,Ezüstszínű leszúrható napelemes lámpa,Napelemes kerti lámpa,,Napelemes kerti lámpa,https://setaljbe.hu/termek/gazdabolt/napelemes-kerti-lampa
20260915_101609-009,Fehér tojásdad búrájú leszúrható napelemes lámpa,Napelemes kerti lámpa,,Napelemes kerti lámpa,https://setaljbe.hu/termek/gazdabolt/napelemes-kerti-lampa
20260915_101609-007,Fekete leszúrható napelemes fáklyalámpa,Napelemes kerti lámpa,,Napelemes kerti lámpa,https://setaljbe.hu/termek/gazdabolt/napelemes-kerti-lampa
20260915_101609-010,Fekete-fehér hasábos leszúrható napelemes lámpa,Napelemes kerti lámpa,,Napelemes kerti lámpa,https://setaljbe.hu/termek/gazdabolt/napelemes-kerti-lampa
20260915_101614-011,Leszúrható napelemes kerti lámpa,Szolár kerti lámpa,"Kerti utak, ágyások és bejárók jelzőfényeként használható. A leszúrható szár gyors, vezeték nélküli elhelyezést tesz lehetővé.",Napelemes kerti lámpa,https://setaljbe.hu/termek/gazdabolt/napelemes-kerti-lampa
20260915_101614-007,Napelemes dekorlámpa rácsmintás burával,Szolár dekorlámpa,"A mintás burán át hangulatos fényrajzot vetítő kültéri szolárlámpa. Kertben, teraszon vagy kerti út mellett dekorációként használható.",Napelemes kerti lámpa,https://setaljbe.hu/termek/gazdabolt/napelemes-kerti-lampa
20260915_101612-019,"Napelemes díszlámpa, virágos fényhatással",Napelemes dekorlámpa,,Napelemes kerti lámpa,https://setaljbe.hu/termek/gazdabolt/napelemes-kerti-lampa
20260915_101614-012,Napelemes fali lámpa,Szolár fali lámpa,"Falra szerelhető, napenergiával működő kültéri lámpa bejáratok és melléképületek környékére. Hálózati bekötés nélkül biztosít tájékozódó fényt.",Napelemes kerti lámpa,https://setaljbe.hu/termek/gazdabolt/napelemes-kerti-lampa
20260915_101612-017,"Napelemes fali lámpa, sárgás búrával",Napelemes fali lámpa,,Napelemes kerti lámpa,https://setaljbe.hu/termek/gazdabolt/napelemes-kerti-lampa
20260915_101614-008,Napelemes hengeres kerti lámpa,Szolár kerti lámpa,"Hengeres kialakítású kültéri fény, amely napközben feltöltődik, majd este hangulatvilágítást ad. Terasz, járda vagy növényágyás közelében használható.",Napelemes kerti lámpa,https://setaljbe.hu/termek/gazdabolt/napelemes-kerti-lampa
20260915_101614-004,Napelemes házszám-megvilágító lámpa,Szolár kültéri lámpa,"Nappal napenergiával töltődik, sötétedés után pedig megvilágítja a házszámot. Olyan helyen is használható, ahol nincs kiépített hálózati vezeték.",Napelemes kerti lámpa,https://setaljbe.hu/termek/gazdabolt/napelemes-kerti-lampa
20260915_101608-027,"Napelemes kerti lámpa, dobozban",Kerti lámpa,,Napelemes kerti lámpa,https://setaljbe.hu/termek/gazdabolt/napelemes-kerti-lampa
20260915_101614-010,Napelemes virágmintás dekorlámpa,Szolár dekorlámpa,Virágos díszítésű szolárlámpa kertek és teraszok esti hangulatvilágításához. Kábelezés nélkül telepíthető napos helyre.,Napelemes kerti lámpa,https://setaljbe.hu/termek/gazdabolt/napelemes-kerti-lampa
20260915_101609-012,Üvegmozaik hatású napelemes dekorlámpa,Napelemes kerti lámpa,,Napelemes kerti lámpa,https://setaljbe.hu/termek/gazdabolt/napelemes-kerti-lampa
20260915_101609-011,"„Napelemes” jelentésű felirattal ellátott, sárgás búrájú kerti lámpa",Napelemes kerti lámpa,,Napelemes kerti lámpa,https://setaljbe.hu/termek/gazdabolt/napelemes-kerti-lampa
20260915_101802-012,Fa markolatú fém nyárs,Nyárs,,Nyárs,https://setaljbe.hu/termek/gazdabolt/nyars
20260915_101802-013,Sötét fa markolatú fém nyárs,Nyárs,,Nyárs,https://setaljbe.hu/termek/gazdabolt/nyars
20260915_102134-012,"Barna flakonos növénytáp piros kupakkal, pontos típus nem olvasható",Növénytáp,,Növény tápoldatok,https://setaljbe.hu/termek/gazdabolt/noveny-tapoldatok
20260915_102136-027,Hortenzia feliratú dobozos növénytáp,Növénytáp,,Növény tápoldatok,https://setaljbe.hu/termek/gazdabolt/noveny-tapoldatok
20260915_102139-029,Növénytáp zöld flakonban – fehér virágos,Növénytáp,Zöld flakonos folyékony tápoldat fehér virágos növényekhez.,Növény tápoldatok,https://setaljbe.hu/termek/gazdabolt/noveny-tapoldatok
20260915_102139-028,Növénytáp zöld flakonban – piros virágos,Növénytáp,"Zöld műanyag flakonos folyékony növénytáp, piros virágokhoz.",Növény tápoldatok,https://setaljbe.hu/termek/gazdabolt/noveny-tapoldatok
20260915_102139-030,Növénytáp zöld flakonban – rózsaszín virágos,Növénytáp,"Zöld flakonos tápoldat dísznövényekhez, rózsaszín virágos címkével.",Növény tápoldatok,https://setaljbe.hu/termek/gazdabolt/noveny-tapoldatok
20260915_102139-031,Növénytáp zöld flakonban – általános,Növénytáp,Általános felhasználású folyékony növénytáp zöld flakonban.,Növény tápoldatok,https://setaljbe.hu/termek/gazdabolt/noveny-tapoldatok
20260915_102136-028,Rózsa feliratú dobozos növénytáp,Növénytáp,,Növény tápoldatok,https://setaljbe.hu/termek/gazdabolt/noveny-tapoldatok
20260915_102134-004,VitaFlóra Citrus tápoldat,Tápoldat,,Növény tápoldatok,https://setaljbe.hu/termek/gazdabolt/noveny-tapoldatok
20260915_102134-005,VitaFlóra Kaktusz tápoldat,Tápoldat,,Növény tápoldatok,https://setaljbe.hu/termek/gazdabolt/noveny-tapoldatok
20260915_102134-003,VitaFlóra Leander tápoldat,Tápoldat,,Növény tápoldatok,https://setaljbe.hu/termek/gazdabolt/noveny-tapoldatok
20260915_102134-002,VitaFlóra Muskátli tápoldat,Tápoldat,,Növény tápoldatok,https://setaljbe.hu/termek/gazdabolt/noveny-tapoldatok
20260915_102134-001,VitaFlóra Orchidea tápoldat,Tápoldat,,Növény tápoldatok,https://setaljbe.hu/termek/gazdabolt/noveny-tapoldatok
20260915_102134-008,VitaFlóra Szobanövény tápoldat,Tápoldat,,Növény tápoldatok,https://setaljbe.hu/termek/gazdabolt/noveny-tapoldatok
20260915_102134-009,VitaFlóra Univerzális tápoldat,Tápoldat,,Növény tápoldatok,https://setaljbe.hu/termek/gazdabolt/noveny-tapoldatok
20260915_102134-006,VitaFlóra Virágzó növény tápoldat,Tápoldat,,Növény tápoldatok,https://setaljbe.hu/termek/gazdabolt/noveny-tapoldatok
20260915_102134-007,VitaFlóra Zöld növény tápoldat,Tápoldat,,Növény tápoldatok,https://setaljbe.hu/termek/gazdabolt/noveny-tapoldatok
20260915_102134-010,"VitaFlóra kisebb, fehér flakonos növénytáp, pontos típus nem olvasható",Növénytáp,,Növény tápoldatok,https://setaljbe.hu/termek/gazdabolt/noveny-tapoldatok
20260915_102134-011,"Zöld flakonos növénytáp piros kupakkal, pontos típus nem olvasható",Növénytáp,,Növény tápoldatok,https://setaljbe.hu/termek/gazdabolt/noveny-tapoldatok
20260915_102136-029,Gyeptrágya feliratú dobozos növénytáp,Gyeptrágya,,Növény tápoldatok; Gyeptrágya,https://setaljbe.hu/termek/gazdabolt/noveny-tapoldatok; https://setaljbe.hu/termek/gazdabolt/gyeptragya
20260915_101949-022,Zöld mikroszálas portörlő kesztyű,Portörlő kesztyű,,Növényápoló kesztyű,https://setaljbe.hu/termek/gazdabolt/novenyapolo-kesztyu
20260915_102241-016,"Fa madárodú, részben látható",Madárodú,,"Odúk, etetők",https://setaljbe.hu/termek/gazdabolt/oduk-etetok
20260915_102244-002,Natúr fa madárodú kerek röpnyílással,Madárodú,,"Odúk, etetők",https://setaljbe.hu/termek/gazdabolt/oduk-etetok
20260915_101217-013,"Fekete kerek palántanevelő cserép, részben látható",Virágcserép,,Palántázó- és nevelőcserepek,https://setaljbe.hu/termek/gazdabolt/palantazo-es-nevelocserepek
20260915_101734-037,Műanyag palántanevelő cserépsor,Palántanevelő edény,,Palántázó- és nevelőcserepek,https://setaljbe.hu/termek/gazdabolt/palantazo-es-nevelocserepek
20260915_101819-012,Zöld műanyag palántázótálca,Palántázótálca,,Palántázó- és nevelőcserepek,https://setaljbe.hu/termek/gazdabolt/palantazo-es-nevelocserepek
20260915_101902-004,SZAVO penész elleni szer kék címkével,Penészeltávolító,,Penész elleni szer,https://setaljbe.hu/termek/gazdabolt/penesz-elleni-szer
20260915_101902-005,SZAVO penész elleni szer sárga címkével,Penészeltávolító,,Penész elleni szer,https://setaljbe.hu/termek/gazdabolt/penesz-elleni-szer
20260915_102110-002,"Dobozos páramentesítő tabletta, két darabos",Páramentesítő utántöltő,,Páramentesítő,https://setaljbe.hu/termek/gazdabolt/paramentesito
20260915_102110-001,Fehér műanyag páramentesítő készülék,Páramentesítő,,Páramentesítő,https://setaljbe.hu/termek/gazdabolt/paramentesito
20260915_101931-002,Páramentesítő készülék dobozban,Páramentesítő,,Páramentesítő,https://setaljbe.hu/termek/gazdabolt/paramentesito
20260915_102110-003,"Tasakos páramentesítő, pontos típus nem olvasható",Páramentesítő,,Páramentesítő,https://setaljbe.hu/termek/gazdabolt/paramentesito
20260915_102059-011,Fekete műanyag krumplinyomó,Krumplinyomó,,Rozsdamentes krumplitörő,https://setaljbe.hu/termek/gazdabolt/rozsdamentes-krumplitoro
20260915_102059-014,Rozsdamentes acél krumplinyomó,Krumplinyomó,,Rozsdamentes krumplitörő,https://setaljbe.hu/termek/gazdabolt/rozsdamentes-krumplitoro
20260915_101509-002,"Rozsdamentes ételtermosz, 1400 ml",Ételtermosz,,Rozsdamentes termosz,https://setaljbe.hu/termek/gazdabolt/rozsdamentes-termosz
20260915_101509-001,"Rozsdamentes ételtermosz, 1800 ml",Ételtermosz,,Rozsdamentes termosz,https://setaljbe.hu/termek/gazdabolt/rozsdamentes-termosz
20260915_102110-015,Hansaplast Aqua Protect sebtapasz,Sebtapasz,,Sebtapasz,https://setaljbe.hu/termek/gazdabolt/sebtapasz
20260915_102110-016,Hansaplast Universal sebtapasz,Sebtapasz,,Sebtapasz,https://setaljbe.hu/termek/gazdabolt/sebtapasz
20260915_101051-012,"Kis természetes sörtéjű, fa hátlapos kefe",Kefe / seprűfej,,Seprű fejek,https://setaljbe.hu/termek/gazdabolt/sepru-fejek
20260915_101051-021,Kék sörtéjű seprűfej – részben takarásban a zöld seprűk mögött,Kültéri seprű,,Seprű fejek,https://setaljbe.hu/termek/gazdabolt/sepru-fejek
20260915_101336-004,"Sárga seprűfej világos sörtékkel, hálós védőhuzatban",Seprűfej,,Seprű fejek,https://setaljbe.hu/termek/gazdabolt/sepru-fejek
20260915_101336-005,"Zöld seprűfej világos sörtékkel, hálós védőborításban",Seprűfej,,Seprű fejek,https://setaljbe.hu/termek/gazdabolt/sepru-fejek
20260915_101908-007,Fekete szemeteszsák-tekercs,Szemeteszsák,,Szemeteszsákok,https://setaljbe.hu/termek/gazdabolt/szemeteszsakok
20260915_101908-006,Kék szemeteszsák-tekercs,Szemeteszsák,,Szemeteszsákok,https://setaljbe.hu/termek/gazdabolt/szemeteszsakok
20260915_101533-027,"Papír szemeteszsák, csomagban, háttérben",Szemeteszsák,,Szemeteszsákok,https://setaljbe.hu/termek/gazdabolt/szemeteszsakok
20260915_101447-034,"Pely szemeteszsák, 35 liter",Szemeteszsák,,Szemeteszsákok,https://setaljbe.hu/termek/gazdabolt/szemeteszsakok
20260915_101908-005,Rózsaszín szemeteszsák-tekercs,Szemeteszsák,,Szemeteszsákok,https://setaljbe.hu/termek/gazdabolt/szemeteszsakok
20260915_101500-025,"Fémszínű teáskanna, fekete fogantyúval, háttérben",Teáskanna,,Teás kanna,https://setaljbe.hu/termek/gazdabolt/teas-kanna
20260915_101500-023,"Piros teáskanna, fekete fogantyúval, háttérben",Teáskanna,,Teás kanna,https://setaljbe.hu/termek/gazdabolt/teas-kanna
20260915_101500-024,"Türkiz teáskanna, fekete fogantyúval, háttérben",Teáskanna,,Teás kanna,https://setaljbe.hu/termek/gazdabolt/teas-kanna
20260915_101902-001,CILLIT BANG EXPERT lila-narancssárga szórófejes tisztítószer,Tisztítószer,,Tisztítószerek,https://setaljbe.hu/termek/gazdabolt/tisztitoszerek
20260915_101855-017,Din fehér-kék tisztítószer,háztartási tisztítószer,Fehér flakonos Din tisztítószer kékes címkével; pontos típusa nem olvasható biztosan.,Tisztítószerek,https://setaljbe.hu/termek/gazdabolt/tisztitoszerek
20260915_101855-004,Floren tisztítószer – narancs változat,háztartási tisztítószer,Floren márkájú narancsszínű folyékony tisztítószer/flakonos háztartási szer.,Tisztítószerek,https://setaljbe.hu/termek/gazdabolt/tisztitoszerek
20260915_101855-003,Floren tisztítószer – piros változat,háztartási tisztítószer,Floren márkájú piros folyékony tisztítószer/flakonos háztartási szer.,Tisztítószerek,https://setaljbe.hu/termek/gazdabolt/tisztitoszerek
20260915_101902-014,GLANC tisztító zöld folyadék,Tisztítószer,,Tisztítószerek,https://setaljbe.hu/termek/gazdabolt/tisztitoszerek
20260915_101855-005,HG tisztítószer,háztartási tisztítószer,HG márkájú fehér flakonos tisztítószer; a pontos típus nem olvasható ki biztosan.,Tisztítószerek,https://setaljbe.hu/termek/gazdabolt/tisztitoszerek
20260915_101902-010,Kék flakonos KO tisztítószer,Tisztítószer,,Tisztítószerek,https://setaljbe.hu/termek/gazdabolt/tisztitoszerek
20260915_101440-006,"Kék folyadék szórófejes palackban, pontos termék nem olvasható",Háztartási tisztítószer,,Tisztítószerek,https://setaljbe.hu/termek/gazdabolt/tisztitoszerek
20260915_101855-013,Kék palackos tisztítószer,háztartási tisztítószer,Világoskék flakonos háztartási tisztítószer a polc jobb oldalán; pontos típus nem biztos.,Tisztítószerek,https://setaljbe.hu/termek/gazdabolt/tisztitoszerek
20260915_101902-019,"Lila aeroszolos tisztítószer, pontos típus nem olvasható",Tisztítószer,,Tisztítószerek,https://setaljbe.hu/termek/gazdabolt/tisztitoszerek
20260915_101902-006,PKO fehér flakonos tisztítószer,Tisztítószer,,Tisztítószerek,https://setaljbe.hu/termek/gazdabolt/tisztitoszerek
20260915_101902-018,"Piros aeroszolos tisztítószer, pontos típus nem olvasható",Tisztítószer,,Tisztítószerek,https://setaljbe.hu/termek/gazdabolt/tisztitoszerek
20260915_101902-016,"Piros szórófejes tisztítószer, pontos típus nem olvasható",Tisztítószer,,Tisztítószerek,https://setaljbe.hu/termek/gazdabolt/tisztitoszerek
20260915_101902-015,SZI-TI fehér flakonos tisztítószer,Tisztítószer,,Tisztítószerek,https://setaljbe.hu/termek/gazdabolt/tisztitoszerek
20260915_101855-023,Világos kék flakonos tisztítószer,háztartási tisztítószer,"Világoskék flakonos, kupakos háztartási tisztítószer; a márka nem egyértelmű.",Tisztítószerek,https://setaljbe.hu/termek/gazdabolt/tisztitoszerek
20260915_101855-029,Vit tisztítószer,háztartási tisztítószer,"A dobozban álló, sárga címkés Vit márkájú tisztítószer flakon.",Tisztítószerek,https://setaljbe.hu/termek/gazdabolt/tisztitoszerek
20260915_101902-017,"Zöld szórófejes tisztítószer, pontos típus nem olvasható",Tisztítószer,,Tisztítószerek,https://setaljbe.hu/termek/gazdabolt/tisztitoszerek
20260915_101911-013,Fém dörzsszivacs-csomag,Dörzsszivacs,,"Törlőkendők, szivacsok",https://setaljbe.hu/termek/gazdabolt/torlokendok-szivacsok
20260915_101908-010,Kék mosogatószivacs-csomag,Mosogatószivacs,,"Törlőkendők, szivacsok",https://setaljbe.hu/termek/gazdabolt/torlokendok-szivacsok
20260915_101902-025,Lila csomagolású háztartási szivacs,Mosogatószivacs,,"Törlőkendők, szivacsok",https://setaljbe.hu/termek/gazdabolt/torlokendok-szivacsok
20260915_101855-031,Nedves törlőkendő / takarítókendő csomag,törlőkendő,A polc jobb alsó részén több csomagolt takarító- vagy törlőkendő látható.,"Törlőkendők, szivacsok",https://setaljbe.hu/termek/gazdabolt/torlokendok-szivacsok
20260915_102110-022,Színes mikroszálas törlőkendő,Törlőkendő,,"Törlőkendők, szivacsok",https://setaljbe.hu/termek/gazdabolt/torlokendok-szivacsok
20260915_101911-012,Színes mosogatószivacs-csomag,Mosogatószivacs,,"Törlőkendők, szivacsok",https://setaljbe.hu/termek/gazdabolt/torlokendok-szivacsok
20260915_101902-024,Sárga csomagolású háztartási törlőkendő,Törlőkendő,,"Törlőkendők, szivacsok",https://setaljbe.hu/termek/gazdabolt/torlokendok-szivacsok
20260915_101908-009,Sárga szivacscsomag,Mosogatószivacs,,"Törlőkendők, szivacsok",https://setaljbe.hu/termek/gazdabolt/torlokendok-szivacsok
20260915_101728-042,Articsóka vetőmag,Articsóka-vetőmag,,Vetőmag,https://setaljbe.hu/termek/gazdabolt/vetomag
20260915_101728-028,Bazsalikom vetőmag,Fűszernövény-vetőmag,,Vetőmag,https://setaljbe.hu/termek/gazdabolt/vetomag
20260915_101740-009,Bazsalikom vetőmag,Vetőmag,,Vetőmag,https://setaljbe.hu/termek/gazdabolt/vetomag
20260915_101742-021,Bokorbab vetőmag,Vetőmag,,Vetőmag,https://setaljbe.hu/termek/gazdabolt/vetomag
20260915_101728-040,Brokkoli vetőmag,Brokkolivetőmag,,Vetőmag,https://setaljbe.hu/termek/gazdabolt/vetomag
20260915_101740-019,Brokkoli vetőmag,Vetőmag,,Vetőmag,https://setaljbe.hu/termek/gazdabolt/vetomag
20260915_101816-020,Bársonyvirág vetőmag,Virágnövény-vetőmag,,Vetőmag,https://setaljbe.hu/termek/gazdabolt/vetomag
20260915_101740-032,Büdöske vetőmag,Virágmag,,Vetőmag,https://setaljbe.hu/termek/gazdabolt/vetomag
20260915_101816-010,Citromfű vetőmag,Fűszernövény-vetőmag,,Vetőmag,https://setaljbe.hu/termek/gazdabolt/vetomag
20260915_101740-030,Csemegekukorica vetőmag,Vetőmag,,Vetőmag,https://setaljbe.hu/termek/gazdabolt/vetomag
20260915_101740-025,Csípős paprika vetőmag,Vetőmag,,Vetőmag,https://setaljbe.hu/termek/gazdabolt/vetomag
20260915_101740-027,Cukkini vetőmag,Vetőmag,,Vetőmag,https://setaljbe.hu/termek/gazdabolt/vetomag
20260915_101728-020,Cukorborsó vetőmag,Borsóvetőmag,,Vetőmag,https://setaljbe.hu/termek/gazdabolt/vetomag
20260915_101728-032,Cékla vetőmag,Céklavetőmag,,Vetőmag,https://setaljbe.hu/termek/gazdabolt/vetomag
20260915_101740-015,Cékla vetőmag,Vetőmag,,Vetőmag,https://setaljbe.hu/termek/gazdabolt/vetomag
20260915_101814-022,Cékla vetőmag,Zöldségvetőmag,,Vetőmag,https://setaljbe.hu/termek/gazdabolt/vetomag
20260915_101740-029,Dinnye vetőmag,Vetőmag,,Vetőmag,https://setaljbe.hu/termek/gazdabolt/vetomag
20260915_101816-022,Dália vetőmag,Virágnövény-vetőmag,,Vetőmag,https://setaljbe.hu/termek/gazdabolt/vetomag
20260915_101740-037,Dísznapraforgó vetőmag,Virágmag,,Vetőmag,https://setaljbe.hu/termek/gazdabolt/vetomag
20260915_101728-033,Fehér hagyma vetőmag,Hagymavetőmag,,Vetőmag,https://setaljbe.hu/termek/gazdabolt/vetomag
20260915_101728-036,Fehér karalábé vetőmag,Karalábé-vetőmag,,Vetőmag,https://setaljbe.hu/termek/gazdabolt/vetomag
20260915_101730-026,Fehér paprika vetőmag,Paprikavetőmag,,Vetőmag,https://setaljbe.hu/termek/gazdabolt/vetomag
20260915_101728-030,Fehér retek vetőmag,Retekvetőmag,,Vetőmag,https://setaljbe.hu/termek/gazdabolt/vetomag
20260915_101814-011,Fehér retek vetőmag,Zöldségvetőmag,,Vetőmag,https://setaljbe.hu/termek/gazdabolt/vetomag
20260915_101816-016,Fehér virág vetőmag,Virágnövény-vetőmag,,Vetőmag,https://setaljbe.hu/termek/gazdabolt/vetomag
20260915_101728-038,Fejes káposzta vetőmag,Káposztavetőmag,,Vetőmag,https://setaljbe.hu/termek/gazdabolt/vetomag
20260915_101740-017,Fejes káposzta vetőmag,Vetőmag,,Vetőmag,https://setaljbe.hu/termek/gazdabolt/vetomag
20260915_101728-025,Fejes saláta vetőmag,Salátavetőmag,,Vetőmag,https://setaljbe.hu/termek/gazdabolt/vetomag
20260915_101740-001,Fejes saláta vetőmag,Vetőmag,,Vetőmag,https://setaljbe.hu/termek/gazdabolt/vetomag
20260915_101814-016,Fejes saláta vetőmag,Zöldségvetőmag,,Vetőmag,https://setaljbe.hu/termek/gazdabolt/vetomag
20260915_101742-022,Futóbab vetőmag,Vetőmag,,Vetőmag,https://setaljbe.hu/termek/gazdabolt/vetomag
20260915_101728-049,Fürtös uborka vetőmag,Uborkavetőmag,,Vetőmag,https://setaljbe.hu/termek/gazdabolt/vetomag
20260915_101740-039,Fűszernövény-magkeverék,Vetőmag,,Vetőmag,https://setaljbe.hu/termek/gazdabolt/vetomag
20260915_101728-053,Görögdinnye vetőmag,Dinnyemag,,Vetőmag,https://setaljbe.hu/termek/gazdabolt/vetomag
20260915_101742-009,Görögdinnye vetőmag,Vetőmag,,Vetőmag,https://setaljbe.hu/termek/gazdabolt/vetomag
20260915_101814-020,Hagyma vetőmag,Zöldségvetőmag,,Vetőmag,https://setaljbe.hu/termek/gazdabolt/vetomag
20260915_101730-007,"Hosszúkás, sötétzöld cukkini vetőmag",Cukkinivetőmag,,Vetőmag,https://setaljbe.hu/termek/gazdabolt/vetomag
20260915_101740-003,Jégsaláta vetőmag,Vetőmag,,Vetőmag,https://setaljbe.hu/termek/gazdabolt/vetomag
20260915_101814-007,Kakukkfű vetőmag,Fűszernövény-vetőmag,,Vetőmag,https://setaljbe.hu/termek/gazdabolt/vetomag
20260915_101740-007,Kapor vetőmag,Vetőmag,,Vetőmag,https://setaljbe.hu/termek/gazdabolt/vetomag
20260915_101814-004,Kapor vetőmag,Fűszernövény-vetőmag,,Vetőmag,https://setaljbe.hu/termek/gazdabolt/vetomag
20260915_101740-016,Karalábé vetőmag,Vetőmag,,Vetőmag,https://setaljbe.hu/termek/gazdabolt/vetomag
20260915_101814-018,Karalábé vetőmag,Zöldségvetőmag,,Vetőmag,https://setaljbe.hu/termek/gazdabolt/vetomag
20260915_101728-041,Karfiol vetőmag,Karfiolvetőmag,,Vetőmag,https://setaljbe.hu/termek/gazdabolt/vetomag
20260915_101740-018,Karfiol vetőmag,Vetőmag,,Vetőmag,https://setaljbe.hu/termek/gazdabolt/vetomag
20260915_101814-017,Karfiol vetőmag,Zöldségvetőmag,,Vetőmag,https://setaljbe.hu/termek/gazdabolt/vetomag
20260915_101728-039,Kelkáposzta vetőmag,Káposztavetőmag,,Vetőmag,https://setaljbe.hu/termek/gazdabolt/vetomag
20260915_101728-047,Kerek cukkini vetőmag,Cukkinivetőmag,,Vetőmag,https://setaljbe.hu/termek/gazdabolt/vetomag
20260915_101730-006,"Kerek, sötétzöld cukkini vetőmag",Cukkinivetőmag,,Vetőmag,https://setaljbe.hu/termek/gazdabolt/vetomag
20260915_101740-023,Koktélparadicsom vetőmag,Vetőmag,,Vetőmag,https://setaljbe.hu/termek/gazdabolt/vetomag
20260915_101814-009,Koriander vetőmag,Fűszernövény-vetőmag,,Vetőmag,https://setaljbe.hu/termek/gazdabolt/vetomag
20260915_101742-016,Káposzta vetőmag,Vetőmag,,Vetőmag,https://setaljbe.hu/termek/gazdabolt/vetomag
20260915_101427-010,Kék kerekes szórókocsi,Vetőmag- és műtrágyaszóró,,Vetőmag,https://setaljbe.hu/termek/gazdabolt/vetomag
20260915_101728-024,Leveles saláta vetőmag,Salátavetőmag,,Vetőmag,https://setaljbe.hu/termek/gazdabolt/vetomag
20260915_101816-011,Levendula vetőmag,Virágnövény-vetőmag,,Vetőmag,https://setaljbe.hu/termek/gazdabolt/vetomag
20260915_101728-037,Lila karalábé vetőmag,Karalábé-vetőmag,,Vetőmag,https://setaljbe.hu/termek/gazdabolt/vetomag
20260915_101816-014,Lila virág vetőmag,Virágnövény-vetőmag,,Vetőmag,https://setaljbe.hu/termek/gazdabolt/vetomag
20260915_101728-034,Lilahagyma vetőmag,Hagymavetőmag,,Vetőmag,https://setaljbe.hu/termek/gazdabolt/vetomag
20260915_101814-023,Madársaláta vetőmag,Zöldségvetőmag,,Vetőmag,https://setaljbe.hu/termek/gazdabolt/vetomag
20260915_101740-010,Metélőhagyma vetőmag,Vetőmag,,Vetőmag,https://setaljbe.hu/termek/gazdabolt/vetomag
20260915_101814-003,Metélőhagyma vetőmag,Fűszernövény-vetőmag,,Vetőmag,https://setaljbe.hu/termek/gazdabolt/vetomag
20260915_101730-016,Mángold vetőmag,Mángoldvetőmag,,Vetőmag,https://setaljbe.hu/termek/gazdabolt/vetomag
20260915_101730-034,"Nagy szemű vetőmag zöld tasakban, pontos típus nem olvasható",Vetőmag,,Vetőmag,https://setaljbe.hu/termek/gazdabolt/vetomag
20260915_101728-005,"Nagy, piros paradicsom vetőmag",Paradicsom-vetőmag,,Vetőmag,https://setaljbe.hu/termek/gazdabolt/vetomag
20260915_101728-010,"Nagy, piros paradicsompaprika vetőmag",Paprikavetőmag,,Vetőmag,https://setaljbe.hu/termek/gazdabolt/vetomag
20260915_101740-031,Napraforgó vetőmag,Virágmag,,Vetőmag,https://setaljbe.hu/termek/gazdabolt/vetomag
20260915_101816-019,Napraforgó vetőmag,Virágnövény-vetőmag,,Vetőmag,https://setaljbe.hu/termek/gazdabolt/vetomag
20260915_101730-019,Narancssárga dísztök vetőmag,Dísztökvetőmag,,Vetőmag,https://setaljbe.hu/termek/gazdabolt/vetomag
20260915_101728-015,Narancssárga paprika vetőmag,Paprikavetőmag,,Vetőmag,https://setaljbe.hu/termek/gazdabolt/vetomag
20260915_101728-004,Narancssárga paradicsom vetőmag,Paradicsom-vetőmag,,Vetőmag,https://setaljbe.hu/termek/gazdabolt/vetomag
20260915_101728-051,Narancssárga sütőtök vetőmag,Tökvetőmag,,Vetőmag,https://setaljbe.hu/termek/gazdabolt/vetomag
20260915_101816-017,Narancssárga virág vetőmag,Virágnövény-vetőmag,,Vetőmag,https://setaljbe.hu/termek/gazdabolt/vetomag
20260915_101814-001,Oregánó vetőmag,Fűszernövény-vetőmag,,Vetőmag,https://setaljbe.hu/termek/gazdabolt/vetomag
20260915_101728-043,Padlizsán vetőmag,Padlizsánvetőmag,,Vetőmag,https://setaljbe.hu/termek/gazdabolt/vetomag
20260915_101740-024,Paprika vetőmag,Vetőmag,,Vetőmag,https://setaljbe.hu/termek/gazdabolt/vetomag
20260915_101816-025,Paprika vetőmag,Zöldségvetőmag,,Vetőmag,https://setaljbe.hu/termek/gazdabolt/vetomag
20260915_101740-022,Paradicsom vetőmag,Vetőmag,,Vetőmag,https://setaljbe.hu/termek/gazdabolt/vetomag
20260915_101814-021,Paradicsom vetőmag,Zöldségvetőmag,,Vetőmag,https://setaljbe.hu/termek/gazdabolt/vetomag
20260915_101742-007,Patisszon vetőmag,Vetőmag,,Vetőmag,https://setaljbe.hu/termek/gazdabolt/vetomag
20260915_101740-006,Petrezselyem vetőmag,Vetőmag,,Vetőmag,https://setaljbe.hu/termek/gazdabolt/vetomag
20260915_101814-005,Petrezselyem vetőmag,Fűszernövény-vetőmag,,Vetőmag,https://setaljbe.hu/termek/gazdabolt/vetomag
20260915_101740-033,Petúnia vetőmag,Virágmag,,Vetőmag,https://setaljbe.hu/termek/gazdabolt/vetomag
20260915_101816-021,Petúnia vetőmag,Virágnövény-vetőmag,,Vetőmag,https://setaljbe.hu/termek/gazdabolt/vetomag
20260915_101728-013,Piros csilipaprika vetőmag,Csilipaprika-vetőmag,,Vetőmag,https://setaljbe.hu/termek/gazdabolt/vetomag
20260915_101728-007,Piros fürtös paradicsom vetőmag,Paradicsom-vetőmag,,Vetőmag,https://setaljbe.hu/termek/gazdabolt/vetomag
20260915_101728-017,Piros hegyes paprika vetőmag,Paprikavetőmag,,Vetőmag,https://setaljbe.hu/termek/gazdabolt/vetomag
20260915_101728-006,Piros koktélparadicsom vetőmag,Paradicsom-vetőmag,,Vetőmag,https://setaljbe.hu/termek/gazdabolt/vetomag
20260915_101728-009,Piros paprika vetőmag,Paprikavetőmag,,Vetőmag,https://setaljbe.hu/termek/gazdabolt/vetomag
20260915_101730-028,Piros paradicsom vetőmag,Paradicsom-vetőmag,,Vetőmag,https://setaljbe.hu/termek/gazdabolt/vetomag
20260915_101728-031,Piros retek vetőmag,Retekvetőmag,,Vetőmag,https://setaljbe.hu/termek/gazdabolt/vetomag
20260915_101814-012,Piros retek vetőmag,Zöldségvetőmag,,Vetőmag,https://setaljbe.hu/termek/gazdabolt/vetomag
20260915_101816-015,Piros virág vetőmag,Virágnövény-vetőmag,,Vetőmag,https://setaljbe.hu/termek/gazdabolt/vetomag
20260915_101728-003,"Piros, hosszúkás paradicsom vetőmag",Paradicsom-vetőmag,,Vetőmag,https://setaljbe.hu/termek/gazdabolt/vetomag
20260915_101728-035,Póréhagyma vetőmag,Hagymavetőmag,,Vetőmag,https://setaljbe.hu/termek/gazdabolt/vetomag
20260915_101740-012,Póréhagyma vetőmag,Vetőmag,,Vetőmag,https://setaljbe.hu/termek/gazdabolt/vetomag
20260915_101740-014,Retek vetőmag,Vetőmag,,Vetőmag,https://setaljbe.hu/termek/gazdabolt/vetomag
20260915_101814-006,Rozmaring vetőmag,Fűszernövény-vetőmag,,Vetőmag,https://setaljbe.hu/termek/gazdabolt/vetomag
20260915_101740-035,Rézvirág vetőmag,Virágmag,,Vetőmag,https://setaljbe.hu/termek/gazdabolt/vetomag
20260915_101816-013,Rózsaszín virág vetőmag,Virágnövény-vetőmag,,Vetőmag,https://setaljbe.hu/termek/gazdabolt/vetomag
20260915_101742-018,Saláta vetőmag,Vetőmag,,Vetőmag,https://setaljbe.hu/termek/gazdabolt/vetomag
20260915_101816-026,Saláta vetőmag,Zöldségvetőmag,,Vetőmag,https://setaljbe.hu/termek/gazdabolt/vetomag
20260915_101728-027,Spenót vetőmag,Spenótvetőmag,,Vetőmag,https://setaljbe.hu/termek/gazdabolt/vetomag
20260915_101740-004,Spenót vetőmag,Vetőmag,,Vetőmag,https://setaljbe.hu/termek/gazdabolt/vetomag
20260915_101816-018,Színes virágkeverék vetőmag,Virágnövény-vetőmag,,Vetőmag,https://setaljbe.hu/termek/gazdabolt/vetomag
20260915_101742-031,Színes virágmagkeverék,Virágmag,,Vetőmag,https://setaljbe.hu/termek/gazdabolt/vetomag
20260915_101728-046,Sárga cukkini vetőmag,Cukkinivetőmag,,Vetőmag,https://setaljbe.hu/termek/gazdabolt/vetomag
20260915_101728-018,Sárga hegyes paprika vetőmag,Paprikavetőmag,,Vetőmag,https://setaljbe.hu/termek/gazdabolt/vetomag
20260915_101728-022,Sárga hüvelyű bab vetőmag,Babvetőmag,,Vetőmag,https://setaljbe.hu/termek/gazdabolt/vetomag
20260915_101728-008,Sárga paprika vetőmag,Paprikavetőmag,,Vetőmag,https://setaljbe.hu/termek/gazdabolt/vetomag
20260915_101728-001,Sárga paradicsom vetőmag,Paradicsom-vetőmag,,Vetőmag,https://setaljbe.hu/termek/gazdabolt/vetomag
20260915_101728-050,Sárga tök vetőmag,Tökvetőmag,,Vetőmag,https://setaljbe.hu/termek/gazdabolt/vetomag
20260915_101816-012,Sárga virág vetőmag,Virágnövény-vetőmag,,Vetőmag,https://setaljbe.hu/termek/gazdabolt/vetomag
20260915_101728-054,Sárgadinnye vetőmag,Dinnyemag,,Vetőmag,https://setaljbe.hu/termek/gazdabolt/vetomag
20260915_101742-010,Sárgadinnye vetőmag,Vetőmag,,Vetőmag,https://setaljbe.hu/termek/gazdabolt/vetomag
20260915_101728-029,Sárgarépa vetőmag,Sárgarépa-vetőmag,,Vetőmag,https://setaljbe.hu/termek/gazdabolt/vetomag
20260915_101740-013,Sárgarépa vetőmag,Vetőmag,,Vetőmag,https://setaljbe.hu/termek/gazdabolt/vetomag
20260915_101814-013,Sárgarépa vetőmag,Zöldségvetőmag,,Vetőmag,https://setaljbe.hu/termek/gazdabolt/vetomag
20260915_101740-005,Sóska vetőmag,Vetőmag,,Vetőmag,https://setaljbe.hu/termek/gazdabolt/vetomag
20260915_101728-002,Sötét termésű paradicsom vetőmag,Paradicsom-vetőmag,,Vetőmag,https://setaljbe.hu/termek/gazdabolt/vetomag
20260915_101728-012,Sötétlila paprika vetőmag,Paprikavetőmag,,Vetőmag,https://setaljbe.hu/termek/gazdabolt/vetomag
20260915_101728-044,Sötétzöld cukkini vetőmag,Cukkinivetőmag,,Vetőmag,https://setaljbe.hu/termek/gazdabolt/vetomag
20260915_101740-028,Sütőtök vetőmag,Vetőmag,,Vetőmag,https://setaljbe.hu/termek/gazdabolt/vetomag
20260915_101728-023,Tarka bab vetőmag,Babvetőmag,,Vetőmag,https://setaljbe.hu/termek/gazdabolt/vetomag
20260915_101728-014,Tarka csilipaprika vetőmag,Csilipaprika-vetőmag,,Vetőmag,https://setaljbe.hu/termek/gazdabolt/vetomag
20260915_101728-026,Tépősaláta vetőmag,Salátavetőmag,,Vetőmag,https://setaljbe.hu/termek/gazdabolt/vetomag
20260915_101740-002,Tépősaláta vetőmag,Vetőmag,,Vetőmag,https://setaljbe.hu/termek/gazdabolt/vetomag
20260915_101740-026,Uborka vetőmag,Vetőmag,,Vetőmag,https://setaljbe.hu/termek/gazdabolt/vetomag
20260915_101814-015,Uborka vetőmag,Zöldségvetőmag,,Vetőmag,https://setaljbe.hu/termek/gazdabolt/vetomag
20260915_101736-020,"Vetőmag adagoló kéziszerszám, részben takart",Vetőmag-adagoló,,Vetőmag,https://setaljbe.hu/termek/gazdabolt/vetomag
20260915_102139-001,Vetőmag tasakok,Vetőmag,Különböző zöldség- és virágmagokat tartalmazó vetőmagcsomagok a felső polcon.,Vetőmag,https://setaljbe.hu/termek/gazdabolt/vetomag
20260915_101728-045,Világoszöld cukkini vetőmag,Cukkinivetőmag,,Vetőmag,https://setaljbe.hu/termek/gazdabolt/vetomag
20260915_101728-011,Világoszöld paprika vetőmag,Paprikavetőmag,,Vetőmag,https://setaljbe.hu/termek/gazdabolt/vetomag
20260915_101740-038,Virágmagkeverék,Virágmag,,Vetőmag,https://setaljbe.hu/termek/gazdabolt/vetomag
20260915_101740-011,Vöröshagyma vetőmag,Vetőmag,,Vetőmag,https://setaljbe.hu/termek/gazdabolt/vetomag
20260915_101740-008,Zeller vetőmag,Vetőmag,,Vetőmag,https://setaljbe.hu/termek/gazdabolt/vetomag
20260915_101814-019,Zeller vetőmag,Zöldségvetőmag,,Vetőmag,https://setaljbe.hu/termek/gazdabolt/vetomag
20260915_101814-008,Zsálya vetőmag,Fűszernövény-vetőmag,,Vetőmag,https://setaljbe.hu/termek/gazdabolt/vetomag
20260915_101728-016,Zöld hegyes paprika vetőmag,Paprikavetőmag,,Vetőmag,https://setaljbe.hu/termek/gazdabolt/vetomag
20260915_101728-052,Zöld héjú tök vetőmag,Tökvetőmag,,Vetőmag,https://setaljbe.hu/termek/gazdabolt/vetomag
20260915_101814-010,"Zöld leveles fűszernövény vetőmag, pontos fajta nem olvasható",Fűszernövény-vetőmag,,Vetőmag,https://setaljbe.hu/termek/gazdabolt/vetomag
20260915_101814-024,"Zöld leveles zöldség vetőmag, pontos típus nem olvasható",Zöldségvetőmag,,Vetőmag,https://setaljbe.hu/termek/gazdabolt/vetomag
20260915_101734-006,Zöld paprika vetőmag,Paprikavetőmag,,Vetőmag,https://setaljbe.hu/termek/gazdabolt/vetomag
20260915_101728-048,Zöld uborka vetőmag,Uborkavetőmag,,Vetőmag,https://setaljbe.hu/termek/gazdabolt/vetomag
20260915_101728-021,Zöldbab vetőmag,Babvetőmag,,Vetőmag,https://setaljbe.hu/termek/gazdabolt/vetomag
20260915_101740-021,Zöldbab vetőmag,Vetőmag,,Vetőmag,https://setaljbe.hu/termek/gazdabolt/vetomag
20260915_101814-014,Zöldbab vetőmag,Zöldségvetőmag,,Vetőmag,https://setaljbe.hu/termek/gazdabolt/vetomag
20260915_101728-019,Zöldborsó vetőmag,Borsóvetőmag,,Vetőmag,https://setaljbe.hu/termek/gazdabolt/vetomag
20260915_101740-020,Zöldborsó vetőmag,Vetőmag,,Vetőmag,https://setaljbe.hu/termek/gazdabolt/vetomag
20260915_101740-040,"Zöldségvetőmag, pontos fajta nem olvasható",Vetőmag,,Vetőmag,https://setaljbe.hu/termek/gazdabolt/vetomag
20260915_101742-032,"Zöldségvetőmag, részben takart, pontos fajta nem olvasható",Vetőmag,,Vetőmag,https://setaljbe.hu/termek/gazdabolt/vetomag
20260915_101740-034,Árvácska vetőmag,Virágmag,,Vetőmag,https://setaljbe.hu/termek/gazdabolt/vetomag
20260915_101740-036,Őszirózsa vetőmag,Virágmag,,Vetőmag,https://setaljbe.hu/termek/gazdabolt/vetomag
20260915_101656-009,"Csillag-villáskulcs, csomagolva",Csillag-villáskulcs,,Villáskulcs,https://setaljbe.hu/termek/gazdabolt/villaskulcs
20260915_101701-035,"Csillag-villáskulcs, kosárban",Csillag-villáskulcs,,Villáskulcs,https://setaljbe.hu/termek/gazdabolt/villaskulcs
20260915_101714-006,FF GROUP 25 mm-es csillag-villáskulcs,Csillag-villáskulcs,,Villáskulcs,https://setaljbe.hu/termek/gazdabolt/villaskulcs
20260915_101714-007,FF GROUP 26 mm-es csillag-villáskulcs,Csillag-villáskulcs,,Villáskulcs,https://setaljbe.hu/termek/gazdabolt/villaskulcs
20260915_101714-001,FF GROUP 6 mm-es csillag-villáskulcs,Csillag-villáskulcs,,Villáskulcs,https://setaljbe.hu/termek/gazdabolt/villaskulcs
20260915_101714-002,FF GROUP 8 mm-es csillag-villáskulcs,Csillag-villáskulcs,,Villáskulcs,https://setaljbe.hu/termek/gazdabolt/villaskulcs
20260915_101716-028,"FF GROUP kisebb csillag-villáskulcs, mérete nem olvasható",Csillag-villáskulcs,,Villáskulcs,https://setaljbe.hu/termek/gazdabolt/villaskulcs
20260915_101714-008,"FF GROUP nagy csillag-villáskulcs, mérete nem olvasható",Csillag-villáskulcs,,Villáskulcs,https://setaljbe.hu/termek/gazdabolt/villaskulcs
20260915_101714-003,FFG 10 mm-es csillag-villáskulcs,Csillag-villáskulcs,,Villáskulcs,https://setaljbe.hu/termek/gazdabolt/villaskulcs
20260915_101714-004,FFG 13 mm-es csillag-villáskulcs,Csillag-villáskulcs,,Villáskulcs,https://setaljbe.hu/termek/gazdabolt/villaskulcs
20260915_101714-005,FFG 17 mm-es csillag-villáskulcs,Csillag-villáskulcs,,Villáskulcs,https://setaljbe.hu/termek/gazdabolt/villaskulcs
20260915_101716-029,"FFG nagyobb csillag-villáskulcs, mérete nem olvasható",Csillag-villáskulcs,,Villáskulcs,https://setaljbe.hu/termek/gazdabolt/villaskulcs
20260915_101718-026,Fekete tartós csillag-villáskulcskészlet,Csillag-villáskulcs-készlet,,Villáskulcs,https://setaljbe.hu/termek/gazdabolt/villaskulcs
20260915_101709-027,"Krómfényű csillag-villáskulcs, jobb alsó részen",Csillag-villáskulcs,,Villáskulcs,https://setaljbe.hu/termek/gazdabolt/villaskulcs
20260915_101709-026,"Krómfényű villáskulcs, jobb alsó részen",Villáskulcs,,Villáskulcs,https://setaljbe.hu/termek/gazdabolt/villaskulcs
20260915_101720-004,Narancssárga-fekete tartós csillag-villáskulcskészlet,Csillag-villáskulcs-készlet,,Villáskulcs,https://setaljbe.hu/termek/gazdabolt/villaskulcs
20260915_101718-027,TOP TOOLS 6–32 mm-es állítható villáskulcs,Állítható villáskulcs,,Villáskulcs,https://setaljbe.hu/termek/gazdabolt/villaskulcs
20260915_101720-007,TOP TOOLS állítható villáskulcs,Állítható villáskulcs,,Villáskulcs,https://setaljbe.hu/termek/gazdabolt/villaskulcs
20260915_101703-033,"Villáskulcs, alsó bal kosárban",Villáskulcs,,Villáskulcs,https://setaljbe.hu/termek/gazdabolt/villaskulcs
20260915_101656-008,"Villáskulcs, csomagolva",Villáskulcs,,Villáskulcs,https://setaljbe.hu/termek/gazdabolt/villaskulcs
20260915_101609-025,Agro-Largo virágos pázsit fűmagkeverék,Fűmag,,Virágos fűmag keverék,https://setaljbe.hu/termek/gazdabolt/viragos-fumag-keverek
20260915_101608-004,"Agro-Largo virágos pázsit fűmagkeverék, 1 kg",Fűmag,,Virágos fűmag keverék,https://setaljbe.hu/termek/gazdabolt/viragos-fumag-keverek
20260915_101837-003,"Aqua Grip kék-fehér csíkos, fekete mártott munkakesztyű",Munkakesztyű,,Védőkesztyű,https://setaljbe.hu/termek/gazdabolt/vedokesztyu
20260915_101839-004,BENMAN NITRILE DOUBLE szürke-fekete munkakesztyű,Munkakesztyű,,Védőkesztyű,https://setaljbe.hu/termek/gazdabolt/vedokesztyu
20260915_101839-003,BENMAN NITRILE ORANGE szürke-fekete munkakesztyű,Munkakesztyű,,Védőkesztyű,https://setaljbe.hu/termek/gazdabolt/vedokesztyu
20260915_101839-006,"BENMAN szürke-fehér tenyérvédős munkakesztyű, részben takart",Munkakesztyű,,Védőkesztyű,https://setaljbe.hu/termek/gazdabolt/vedokesztyu
20260915_101839-005,"BENMAN szürke-fekete munkakesztyű, pontos modell nem olvasható",Munkakesztyű,,Védőkesztyű,https://setaljbe.hu/termek/gazdabolt/vedokesztyu
20260915_101837-001,Bradas narancssárga-fekete mártott munkakesztyű,Munkakesztyű,,Védőkesztyű,https://setaljbe.hu/termek/gazdabolt/vedokesztyu
20260915_101839-014,Bézs bőr munkakesztyű,Munkakesztyű,,Védőkesztyű,https://setaljbe.hu/termek/gazdabolt/vedokesztyu
20260915_101839-001,FFG fekete nitril mártott munkakesztyű,Munkakesztyű,,Védőkesztyű,https://setaljbe.hu/termek/gazdabolt/vedokesztyu
20260915_101839-002,"FFGROUP SECURITY GRIP fekete-sárga, PU-bevonatos munkakesztyű",Munkakesztyű,,Védőkesztyű,https://setaljbe.hu/termek/gazdabolt/vedokesztyu
20260915_101839-011,FIREANT piros-fekete munkakesztyű,Munkakesztyű,,Védőkesztyű,https://setaljbe.hu/termek/gazdabolt/vedokesztyu
20260915_101839-015,Fehér bőr munkakesztyű,Munkakesztyű,,Védőkesztyű,https://setaljbe.hu/termek/gazdabolt/vedokesztyu
20260915_101843-014,Fehér kötött pamutkesztyű,Munkakesztyű,,Védőkesztyű,https://setaljbe.hu/termek/gazdabolt/vedokesztyu
20260915_101837-009,"Fekete munkakesztyű sárga szegéllyel, pontos típus nem olvasható",Munkakesztyű,,Védőkesztyű,https://setaljbe.hu/termek/gazdabolt/vedokesztyu
20260915_101837-007,"Fekete munkakesztyű zöld szegéllyel, pontos típus nem olvasható",Munkakesztyű,,Védőkesztyű,https://setaljbe.hu/termek/gazdabolt/vedokesztyu
20260915_101625-027,Fekete munkavédelmi kesztyű,Munkavédelmi kesztyű,,Védőkesztyű,https://setaljbe.hu/termek/gazdabolt/vedokesztyu
20260915_101841-012,Fekete nitril mártott munkakesztyű,Munkakesztyű,,Védőkesztyű,https://setaljbe.hu/termek/gazdabolt/vedokesztyu
20260915_101837-002,"Fekete, erősen texturált mártott munkakesztyű",Munkakesztyű,,Védőkesztyű,https://setaljbe.hu/termek/gazdabolt/vedokesztyu
20260915_101837-006,Gebol sárga-fehér mártott munkakesztyű,Munkakesztyű,,Védőkesztyű,https://setaljbe.hu/termek/gazdabolt/vedokesztyu
20260915_101837-005,Gebol sárga-szürke mártott munkakesztyű,Munkakesztyű,,Védőkesztyű,https://setaljbe.hu/termek/gazdabolt/vedokesztyu
20260915_101837-004,Gebol világoskék-fekete mártott munkakesztyű,Munkakesztyű,,Védőkesztyű,https://setaljbe.hu/termek/gazdabolt/vedokesztyu
20260915_101841-002,"Hosszú, kék vegyszerálló kesztyű",Védőkesztyű,,Védőkesztyű,https://setaljbe.hu/termek/gazdabolt/vedokesztyu
20260915_101841-001,"Hosszú, narancssárga vegyszerálló kesztyű",Védőkesztyű,,Védőkesztyű,https://setaljbe.hu/termek/gazdabolt/vedokesztyu
20260915_101841-003,"Hosszú, zöld vegyszerálló kesztyű",Védőkesztyű,,Védőkesztyű,https://setaljbe.hu/termek/gazdabolt/vedokesztyu
20260915_101841-018,Kék-fehér bőr munkakesztyű,Munkakesztyű,,Védőkesztyű,https://setaljbe.hu/termek/gazdabolt/vedokesztyu
20260915_101841-010,Kék-fekete erősített munkakesztyű,Munkakesztyű,,Védőkesztyű,https://setaljbe.hu/termek/gazdabolt/vedokesztyu
20260915_101839-012,Lila-zöld-fehér textil munkakesztyű,Munkakesztyű,,Védőkesztyű,https://setaljbe.hu/termek/gazdabolt/vedokesztyu
20260915_101747-037,"Munkavédelmi kesztyű, részben takart",Munkavédelmi kesztyű,,Védőkesztyű,https://setaljbe.hu/termek/gazdabolt/vedokesztyu
20260915_101841-008,Narancssárga-fekete erősített munkakesztyű,Munkakesztyű,,Védőkesztyű,https://setaljbe.hu/termek/gazdabolt/vedokesztyu
20260915_101839-009,Neonsárga bevonatos munkakesztyű,Munkakesztyű,,Védőkesztyű,https://setaljbe.hu/termek/gazdabolt/vedokesztyu
20260915_101841-013,Neonsárga-fekete munkakesztyű,Munkakesztyű,,Védőkesztyű,https://setaljbe.hu/termek/gazdabolt/vedokesztyu
20260915_101839-008,Neonsárga-szürke textil munkakesztyű,Munkakesztyű,,Védőkesztyű,https://setaljbe.hu/termek/gazdabolt/vedokesztyu
20260915_101837-015,"Piros csomagolású munkakesztyű, részben takart",Munkakesztyű,,Védőkesztyű,https://setaljbe.hu/termek/gazdabolt/vedokesztyu
20260915_101625-026,Piros munkavédelmi kesztyű,Munkavédelmi kesztyű,,Védőkesztyű,https://setaljbe.hu/termek/gazdabolt/vedokesztyu
20260915_101839-016,Piros-fehér bevonatos munkakesztyű,Munkakesztyű,,Védőkesztyű,https://setaljbe.hu/termek/gazdabolt/vedokesztyu
20260915_101841-017,Piros-fehér bőr munkakesztyű,Munkakesztyű,,Védőkesztyű,https://setaljbe.hu/termek/gazdabolt/vedokesztyu
20260915_101841-007,Piros-fekete erősített munkakesztyű,Munkakesztyű,,Védőkesztyű,https://setaljbe.hu/termek/gazdabolt/vedokesztyu
20260915_101808-021,Piros-fekete munkavédelmi kesztyű,Munkavédelmi kesztyű,,Védőkesztyű,https://setaljbe.hu/termek/gazdabolt/vedokesztyu
20260915_101837-010,Piros-fekete sima mártott munkakesztyű,Munkakesztyű,,Védőkesztyű,https://setaljbe.hu/termek/gazdabolt/vedokesztyu
20260915_101837-011,Piros-fekete texturált mártott munkakesztyű,Munkakesztyű,,Védőkesztyű,https://setaljbe.hu/termek/gazdabolt/vedokesztyu
20260915_101837-012,Piros-sötétkék mártott munkakesztyű,Munkakesztyű,,Védőkesztyű,https://setaljbe.hu/termek/gazdabolt/vedokesztyu
20260915_101843-015,Szürke kötött munkakesztyű,Munkakesztyű,,Védőkesztyű,https://setaljbe.hu/termek/gazdabolt/vedokesztyu
20260915_101837-008,"Szürke-fekete mártott munkakesztyű, pontos típus nem olvasható",Munkakesztyű,,Védőkesztyű,https://setaljbe.hu/termek/gazdabolt/vedokesztyu
20260915_101841-011,Szürke-fekete nitril mártott munkakesztyű,Munkakesztyű,,Védőkesztyű,https://setaljbe.hu/termek/gazdabolt/vedokesztyu
20260915_101837-013,"Sárga csomagolású munkakesztyű, részben takart",Munkakesztyű,,Védőkesztyű,https://setaljbe.hu/termek/gazdabolt/vedokesztyu
20260915_101841-009,Sárga-fekete erősített munkakesztyű,Munkakesztyű,,Védőkesztyű,https://setaljbe.hu/termek/gazdabolt/vedokesztyu
20260915_101808-020,Sárga-fekete munkavédelmi kesztyű,Munkavédelmi kesztyű,,Védőkesztyű,https://setaljbe.hu/termek/gazdabolt/vedokesztyu
20260915_101839-007,Sárga-szürke textil munkakesztyű,Munkakesztyű,,Védőkesztyű,https://setaljbe.hu/termek/gazdabolt/vedokesztyu
20260915_101837-014,"Zöld csomagolású munkakesztyű, részben takart",Munkakesztyű,,Védőkesztyű,https://setaljbe.hu/termek/gazdabolt/vedokesztyu
20260915_101625-025,Zöld munkavédelmi kesztyű,Munkavédelmi kesztyű,,Védőkesztyű,https://setaljbe.hu/termek/gazdabolt/vedokesztyu
20260915_101839-010,Zöld-fehér bevonatos munkakesztyű,Munkakesztyű,,Védőkesztyű,https://setaljbe.hu/termek/gazdabolt/vedokesztyu
20260915_101839-013,Zöld-fehér gumírozott munkakesztyű,Munkakesztyű,,Védőkesztyű,https://setaljbe.hu/termek/gazdabolt/vedokesztyu
20260915_101841-014,Zöld-fehér textil munkakesztyű,Munkakesztyű,,Védőkesztyű,https://setaljbe.hu/termek/gazdabolt/vedokesztyu
20260915_101834-009,Fehér zománcozott bögre,Zománcozott bögre,,Zománcozott bögre,https://setaljbe.hu/termek/gazdabolt/zomancozott-bogre
20260915_102105-003,Fehér zománcozott bögre,Bögre,,Zománcozott bögre,https://setaljbe.hu/termek/gazdabolt/zomancozott-bogre
20260915_102118-001,Kisebb piros-fehér pöttyös zománcozott bögre,Bögre,,Zománcozott bögre,https://setaljbe.hu/termek/gazdabolt/zomancozott-bogre
20260915_101834-006,Kék-fehér pettyes zománcozott bögre,Zománcozott bögre,,Zománcozott bögre,https://setaljbe.hu/termek/gazdabolt/zomancozott-bogre
20260915_102118-002,Nagyobb piros-fehér pöttyös zománcozott bögre,Bögre,,Zománcozott bögre,https://setaljbe.hu/termek/gazdabolt/zomancozott-bogre
20260915_102105-002,Piros zománcozott bögre,Bögre,,Zománcozott bögre,https://setaljbe.hu/termek/gazdabolt/zomancozott-bogre
20260915_101834-007,Piros-fehér pettyes zománcozott bögre,Zománcozott bögre,,Zománcozott bögre,https://setaljbe.hu/termek/gazdabolt/zomancozott-bogre
20260915_102105-001,Piros-fehér pöttyös zománcozott bögre,Bögre,,Zománcozott bögre,https://setaljbe.hu/termek/gazdabolt/zomancozott-bogre
20260915_101834-008,Fehér zománcozott fazék,Zománcozott fazék,,Zománcozott retró lábasok és kiöntők,https://setaljbe.hu/termek/gazdabolt/zomancozott-retro-labasok-es-kiontok
20260915_102105-008,Fekete zománcozott fazék,Fazék,,Zománcozott retró lábasok és kiöntők,https://setaljbe.hu/termek/gazdabolt/zomancozott-retro-labasok-es-kiontok
20260915_101808-009,Fekete zománcozott fazék fedővel,Zománcozott fazék,,Zománcozott retró lábasok és kiöntők,https://setaljbe.hu/termek/gazdabolt/zomancozott-retro-labasok-es-kiontok
20260915_102105-010,Fekete zománcozott lábas,Lábas,,Zománcozott retró lábasok és kiöntők,https://setaljbe.hu/termek/gazdabolt/zomancozott-retro-labasok-es-kiontok
20260915_101827-023,Fekete-fehér pettyes zománcozott fazék,Zománcozott fazék,,Zománcozott retró lábasok és kiöntők,https://setaljbe.hu/termek/gazdabolt/zomancozott-retro-labasok-es-kiontok
20260915_102118-010,Kisebb fekete zománcozott fazék,Fazék,,Zománcozott retró lábasok és kiöntők,https://setaljbe.hu/termek/gazdabolt/zomancozott-retro-labasok-es-kiontok
20260915_102118-008,Kisebb piros zománcozott fazék,Fazék,,Zománcozott retró lábasok és kiöntők,https://setaljbe.hu/termek/gazdabolt/zomancozott-retro-labasok-es-kiontok
20260915_101834-004,Kék-fehér pettyes zománcozott fazék,Zománcozott fazék,,Zománcozott retró lábasok és kiöntők,https://setaljbe.hu/termek/gazdabolt/zomancozott-retro-labasok-es-kiontok
20260915_102118-011,Nagyobb fekete zománcozott fazék,Fazék,,Zománcozott retró lábasok és kiöntők,https://setaljbe.hu/termek/gazdabolt/zomancozott-retro-labasok-es-kiontok
20260915_102118-009,Nagyobb piros zománcozott fazék,Fazék,,Zománcozott retró lábasok és kiöntők,https://setaljbe.hu/termek/gazdabolt/zomancozott-retro-labasok-es-kiontok
20260915_101810-029,Piros zománcozott fazék,Zománcozott fazék,,Zománcozott retró lábasok és kiöntők,https://setaljbe.hu/termek/gazdabolt/zomancozott-retro-labasok-es-kiontok
20260915_102105-006,Piros zománcozott fazék,Fazék,,Zománcozott retró lábasok és kiöntők,https://setaljbe.hu/termek/gazdabolt/zomancozott-retro-labasok-es-kiontok
20260915_101808-007,"Piros zománcozott fazék fedővel, kisebb",Zománcozott fazék,,Zománcozott retró lábasok és kiöntők,https://setaljbe.hu/termek/gazdabolt/zomancozott-retro-labasok-es-kiontok
20260915_101808-008,"Piros zománcozott fazék fedővel, nagyobb",Zománcozott fazék,,Zománcozott retró lábasok és kiöntők,https://setaljbe.hu/termek/gazdabolt/zomancozott-retro-labasok-es-kiontok
20260915_102105-009,Piros zománcozott lábas,Lábas,,Zománcozott retró lábasok és kiöntők,https://setaljbe.hu/termek/gazdabolt/zomancozott-retro-labasok-es-kiontok
20260915_101834-005,Piros-fehér pettyes zománcozott fazék,Zománcozott fazék,,Zománcozott retró lábasok és kiöntők,https://setaljbe.hu/termek/gazdabolt/zomancozott-retro-labasok-es-kiontok
20260915_102105-007,Piros-fehér pöttyös zománcozott fazék,Fazék,,Zománcozott retró lábasok és kiöntők,https://setaljbe.hu/termek/gazdabolt/zomancozott-retro-labasok-es-kiontok
20260915_101925-012,Ambition fekete nyelű zöldséghámozó,Zöldséghámozó,,Zöldség hámozó,https://setaljbe.hu/termek/gazdabolt/zoldseg-hamozo
20260915_101931-020,Fekete zöldséghámozó,Zöldséghámozó,,Zöldség hámozó,https://setaljbe.hu/termek/gazdabolt/zoldseg-hamozo
20260915_101925-016,Kék-fekete zöldséghámozó,Zöldséghámozó,,Zöldség hámozó,https://setaljbe.hu/termek/gazdabolt/zoldseg-hamozo
20260915_101512-006,Zöldséghámozó,Konyhai eszköz,Kézi hámozó zöldségek és gyümölcsök tisztításához.,Zöldség hámozó,https://setaljbe.hu/termek/gazdabolt/zoldseg-hamozo
20260915_101651-039,"Narancssárga ceruza, kötegben",Ácsceruza,,"Ácsceruza, asztalos ceruza",https://setaljbe.hu/termek/gazdabolt/acsceruza-asztalos-ceruza
20260915_101656-015,Narancssárga ácsceruza,Ácsceruza,,"Ácsceruza, asztalos ceruza",https://setaljbe.hu/termek/gazdabolt/acsceruza-asztalos-ceruza
20260915_101747-019,Sárga ácsceruza,Ácsceruza,,"Ácsceruza, asztalos ceruza",https://setaljbe.hu/termek/gazdabolt/acsceruza-asztalos-ceruza
20260915_102241-001,"Fekete, keskeny tekercses műanyag gyepszegély",Gyepszegély,,Ágyásszegély,https://setaljbe.hu/termek/gazdabolt/agyasszegely
20260915_102241-007,"Mr Flexx fekete tekercses gyepszegély, 6 m",Gyepszegély,,Ágyásszegély,https://setaljbe.hu/termek/gazdabolt/agyasszegely
20260915_102241-005,Zöld tekercses műanyag gyepszegély fa mintás címkével,Gyepszegély,,Ágyásszegély,https://setaljbe.hu/termek/gazdabolt/agyasszegely
20260915_102241-006,Zöld tekercses műanyag gyepszegély kék fa mintás címkével,Gyepszegély,,Ágyásszegély,https://setaljbe.hu/termek/gazdabolt/agyasszegely
20260915_102241-002,"Zöld, keskeny tekercses műanyag gyepszegély",Gyepszegély,,Ágyásszegély,https://setaljbe.hu/termek/gazdabolt/agyasszegely
20260915_102241-003,"Zöld, közepes szélességű tekercses műanyag gyepszegély",Gyepszegély,,Ágyásszegély,https://setaljbe.hu/termek/gazdabolt/agyasszegely
20260915_102241-004,"Zöld, széles tekercses műanyag gyepszegély",Gyepszegély,,Ágyásszegély,https://setaljbe.hu/termek/gazdabolt/agyasszegely
